{"longSignals":479,"shortSignals":313,"longMAE":{"p25":1.8692178069084435,"p50":4.3923968365444255,"p75":8.596553998647043,"p90":12.976249964643651,"max":28.181988599696805},"longMFE":{"p25":2.848362148835486,"p50":5.621799595380958,"p75":8.863182682762579,"p90":12.261059309320153,"max":25.9841378202554},"shortMAE":{"p25":2.084779110529502,"p50":4.178884015931843,"p75":7.246622458949019,"p90":11.368607081019762,"max":26.827169877348517},"shortMFE":{"p25":2.2536604927037582,"p50":4.658857979502196,"p75":7.631413359308922,"p90":10.230642630560686,"max":18.512654625233704}}