{"config":{"tpPct":3,"slPct":1,"timeStopHours":6,"capital":100000,"notional":1000},"results":[{"name":"BOTH (LONG + SHORT)","sigs":355,"liquidated":false,"liqAtMs":0,"totalAddsLong":75,"totalAddsShort":56,"totalCloses":131,"totalRealizedPnl":104.63404464875735,"totalFees":131.07308362497923,"finalUpnl":0,"finalEq":99973.56096102377,"wallet":99973.56096102377,"roi":-0.026439038976226584,"maxDD":195.85149640971213,"peak":100164.99057439121,"trough":99969.1390779815,"winCount":44,"lossCount":87,"slHits":83,"tpHits":23,"timeStops":25},{"name":"LONG only","sigs":203,"liquidated":false,"liqAtMs":0,"totalAddsLong":75,"totalAddsShort":0,"totalCloses":75,"totalRealizedPnl":125.40064730357855,"totalFees":75.06270032365178,"finalUpnl":0,"finalEq":100050.33794698013,"wallet":100050.33794698013,"roi":0.05033794698012935,"maxDD":163.23355397567502,"peak":100147.62497183689,"trough":99984.39141786122,"winCount":29,"lossCount":46,"slHits":45,"tpHits":12,"timeStops":18},{"name":"SHORT only","sigs":152,"liquidated":false,"liqAtMs":0,"totalAddsLong":0,"totalAddsShort":56,"totalCloses":56,"totalRealizedPnl":-20.76660265482117,"totalFees":56.01038330132744,"finalUpnl":0,"finalEq":99923.22301404364,"wallet":99923.22301404364,"roi":-0.07677698595635593,"maxDD":111.57496856224316,"peak":100031.32758887291,"trough":99919.75262031067,"winCount":15,"lossCount":41,"slHits":38,"tpHits":11,"timeStops":7}]}