timestamp,kind,side,trend_kind,side_code,ema_diff_pct,ema_slope_pct,rsi1h,rsi4h,distMA200_d,distMA50_d,atr_pct,vol_ratio_1h,vol_ratio_4h,bbPos_4h,donchian_pos_4h,regime_code,hour,dow,trend_persistence_bars,label
1549425600000.0000,S14,-1.0000,3.0000,-1.0000,-3.7637,-0.0702,32.9349,39.3654,0.0000,0.0000,0.9519,1.2626,2.7913,-32.1601,-15.2590,0.0000,4.0000,3.0000,16.0000,0.0000
1549641600000.0000,S13,1.0000,2.0000,1.0000,-3.7058,-0.1032,82.5093,67.6217,0.0000,0.0000,0.9308,2.9708,1.8752,105.4230,110.4908,0.0000,16.0000,5.0000,31.0000,1.0000
1549641600000.0000,S14,1.0000,3.0000,1.0000,-3.7058,-0.1032,82.5093,67.6217,0.0000,0.0000,0.9308,2.9708,1.8752,105.4230,110.4908,0.0000,16.0000,5.0000,31.0000,1.0000
1550376000000.0000,S12,1.0000,1.0000,1.0000,0.0233,0.1897,55.0736,55.2569,0.0000,0.0000,0.7993,0.6360,0.8849,79.6426,69.7721,0.0000,4.0000,0.0000,1.0000,1.0000
1550462400000.0000,S13,1.0000,2.0000,1.0000,0.2687,0.2882,81.6964,74.2980,0.0000,0.0000,1.0677,1.3695,3.2176,143.0570,131.4622,0.0000,4.0000,1.0000,7.0000,1.0000
1550462400000.0000,S14,1.0000,3.0000,1.0000,0.2687,0.2882,81.6964,74.2980,0.0000,0.0000,1.0677,1.3695,3.2176,143.0570,131.4622,0.0000,4.0000,1.0000,7.0000,1.0000
1550505600000.0000,S13,1.0000,2.0000,1.0000,0.6286,0.7114,78.8500,81.9077,0.0000,0.0000,1.2363,1.1252,3.2766,128.9798,131.7665,0.0000,16.0000,1.0000,10.0000,1.0000
1550505600000.0000,S14,1.0000,3.0000,1.0000,0.6286,0.7114,78.8500,81.9077,0.0000,0.0000,1.2363,1.1252,3.2766,128.9798,131.7665,0.0000,16.0000,1.0000,10.0000,1.0000
1550520000000.0000,S14,1.0000,3.0000,1.0000,0.8389,0.9304,83.0915,85.8001,0.0000,0.0000,1.3176,0.6828,2.7021,123.3102,117.4686,0.0000,20.0000,1.0000,11.0000,1.0000
1550952000000.0000,S13,1.0000,2.0000,1.0000,4.4077,0.7317,79.7262,76.4655,0.0000,9.0169,1.2678,1.7669,3.4097,158.2897,182.0788,1.0000,20.0000,6.0000,41.0000,0.0000
1550952000000.0000,S14,1.0000,3.0000,1.0000,4.4077,0.7317,79.7262,76.4655,0.0000,9.0169,1.2678,1.7669,3.4097,158.2897,182.0788,1.0000,20.0000,6.0000,41.0000,0.0000
1550980800000.0000,S14,1.0000,3.0000,1.0000,4.7500,1.0434,79.7323,80.8154,0.0000,13.1000,1.3167,1.5224,1.3131,123.8526,104.0576,1.0000,4.0000,0.0000,43.0000,0.0000
1551686400000.0000,S13,-1.0000,2.0000,-1.0000,2.0090,-0.2327,26.6909,29.1168,0.0000,4.5639,1.0806,0.9219,2.9340,-37.4904,-47.6224,1.0000,8.0000,1.0000,92.0000,0.0000
1551686400000.0000,S14,-1.0000,3.0000,-1.0000,2.0090,-0.2327,26.6909,29.1168,0.0000,4.5639,1.0806,0.9219,2.9340,-37.4904,-47.6224,1.0000,8.0000,1.0000,92.0000,0.0000
1552147200000.0000,S14,1.0000,3.0000,1.0000,2.0000,0.3011,67.3519,66.6673,0.0000,5.3752,1.1478,1.9075,1.4916,120.9979,110.9504,1.0000,16.0000,6.0000,124.0000,0.0000
1552665600000.0000,S14,1.0000,3.0000,1.0000,1.7492,0.1304,73.4381,64.0401,0.0000,4.6206,0.8672,1.9629,1.2858,122.2794,103.5623,1.0000,16.0000,5.0000,159.0000,1.0000
1552723200000.0000,S14,1.0000,3.0000,1.0000,1.9279,0.3881,72.6797,75.7384,0.0000,5.6772,0.9648,0.6385,2.2153,120.7971,109.2786,1.0000,8.0000,6.0000,163.0000,0.0000
1553126400000.0000,S14,1.0000,3.0000,1.0000,2.6744,0.3243,67.4946,68.7131,0.0000,7.4389,0.8116,0.7527,0.8856,112.3656,101.6332,1.0000,0.0000,4.0000,191.0000,0.0000
1553544000000.0000,S14,-1.0000,3.0000,-1.0000,2.2539,-0.0550,26.2540,29.2435,0.0000,4.9127,0.8007,2.6608,2.9686,-47.6698,-45.9247,1.0000,20.0000,1.0000,220.0000,0.0000
1553688000000.0000,S14,1.0000,3.0000,1.0000,1.9183,0.0518,75.9577,64.9833,0.0000,3.2434,0.8711,1.5563,1.6401,98.5215,120.4736,1.0000,12.0000,3.0000,230.0000,1.0000
1553846400000.0000,S14,1.0000,3.0000,1.0000,2.0753,0.2394,69.0086,65.2437,0.0000,4.6651,0.7267,2.1498,1.1897,78.0969,99.2350,1.0000,8.0000,5.0000,241.0000,1.0000
1553860800000.0000,S13,1.0000,2.0000,1.0000,2.1503,0.3214,81.5418,74.9432,0.0000,4.6651,0.8093,2.2663,1.8882,94.5409,115.8568,1.0000,12.0000,5.0000,242.0000,1.0000
1553860800000.0000,S14,1.0000,3.0000,1.0000,2.1503,0.3214,81.5418,74.9432,0.0000,4.6651,0.8093,2.2663,1.8882,94.5409,115.8568,1.0000,12.0000,5.0000,242.0000,1.0000
1554134400000.0000,S14,1.0000,3.0000,1.0000,2.7529,0.3927,61.8940,67.3558,0.0000,5.7688,0.7634,0.9942,1.3099,110.3825,102.8748,1.0000,16.0000,1.0000,261.0000,1.0000
1554177600000.0000,S14,1.0000,3.0000,1.0000,2.8750,0.4400,73.4221,72.0361,0.0000,6.5602,0.7520,1.5404,1.6387,115.8139,118.0131,1.0000,4.0000,2.0000,264.0000,1.0000
1554192000000.0000,S13,1.0000,2.0000,1.0000,3.2690,0.9231,90.7807,92.1971,0.0000,6.5602,1.6477,1.4777,8.6835,159.4931,453.5821,1.0000,8.0000,2.0000,265.0000,1.0000
1554192000000.0000,S14,1.0000,3.0000,1.0000,3.2690,0.9231,90.7807,92.1971,0.0000,6.5602,1.6477,1.4777,8.6835,159.4931,453.5821,1.0000,8.0000,2.0000,265.0000,1.0000
1554249600000.0000,S14,1.0000,3.0000,1.0000,4.9484,3.0031,80.4900,93.8613,0.0000,24.1026,1.9104,1.3168,1.9253,105.9009,104.8370,1.0000,0.0000,3.0000,269.0000,1.0000
1554264000000.0000,S14,1.0000,3.0000,1.0000,5.4799,3.2092,82.1000,94.9898,0.0000,24.1026,2.0016,1.5355,2.7523,103.9624,110.7049,1.0000,4.0000,3.0000,270.0000,1.0000
1554321600000.0000,S14,1.0000,3.0000,1.0000,7.2648,3.4465,72.7339,88.6913,0.0000,24.1026,2.1641,0.7390,1.8520,90.9228,108.3544,1.0000,20.0000,3.0000,274.0000,0.0000
1554926400000.0000,S14,1.0000,3.0000,1.0000,13.1608,1.1597,79.4088,70.2653,0.0000,25.2948,1.7664,1.7664,1.9392,133.4673,127.9211,1.0000,20.0000,3.0000,316.0000,0.0000
1555358400000.0000,S13,-1.0000,2.0000,-1.0000,10.2262,0.2618,28.8380,41.6313,0.0000,21.4964,1.4407,1.4925,2.5624,5.4355,16.8106,1.0000,20.0000,1.0000,346.0000,0.0000
1555473600000.0000,S14,1.0000,3.0000,1.0000,9.6296,0.3300,69.0531,63.4663,0.0000,20.9955,1.3827,0.5869,1.2661,100.9214,99.8466,1.0000,4.0000,3.0000,354.0000,1.0000
1555560000000.0000,S14,1.0000,3.0000,1.0000,9.5021,0.5328,66.6232,64.7443,0.0000,20.8881,1.2494,1.0472,1.0276,94.7322,109.6933,1.0000,4.0000,4.0000,360.0000,1.0000
1555963200000.0000,S14,1.0000,3.0000,1.0000,8.5220,0.2908,68.3217,64.7839,0.0000,18.9269,1.2468,2.4660,2.2708,104.9329,97.0936,1.0000,20.0000,1.0000,388.0000,1.0000
1555992000000.0000,S14,1.0000,3.0000,1.0000,8.5449,0.4998,72.2023,70.2098,0.0000,20.3682,1.2800,2.0028,1.2319,125.1532,111.9149,1.0000,4.0000,2.0000,390.0000,0.0000
1556006400000.0000,S14,1.0000,3.0000,1.0000,8.6218,0.6560,80.1659,76.3812,0.0000,20.3682,1.4124,0.5235,2.8961,129.3308,127.4480,1.0000,8.0000,2.0000,391.0000,0.0000
1556236800000.0000,S13,-1.0000,2.0000,-1.0000,8.5033,0.2654,25.0059,36.6359,0.0000,14.8621,1.9545,2.5079,3.1574,-26.2854,-14.4113,1.0000,0.0000,5.0000,407.0000,0.0000
1556236800000.0000,S14,-1.0000,3.0000,-1.0000,8.5033,0.2654,25.0059,36.6359,0.0000,14.8621,1.9545,2.5079,3.1574,-26.2854,-14.4113,1.0000,0.0000,5.0000,407.0000,0.0000
1556683200000.0000,S14,1.0000,3.0000,1.0000,5.7846,0.0469,64.8451,56.8317,0.0000,13.5804,1.2184,1.3518,1.4149,86.5899,102.3152,1.0000,4.0000,3.0000,438.0000,1.0000
1556784000000.0000,S14,1.0000,3.0000,1.0000,5.6251,0.2554,67.8271,63.9773,0.0000,14.1808,0.9921,2.0037,0.7672,93.0835,103.8889,1.0000,8.0000,4.0000,445.0000,1.0000
1556798400000.0000,S14,1.0000,3.0000,1.0000,5.6381,0.3125,69.7949,68.6173,0.0000,14.1808,0.9877,0.9666,1.4071,97.9785,111.4225,1.0000,12.0000,4.0000,446.0000,1.0000
1556812800000.0000,S14,1.0000,3.0000,1.0000,5.6923,0.4158,80.9733,75.2633,0.0000,14.1808,1.0547,2.3676,1.8343,113.2734,124.1430,1.0000,16.0000,4.0000,447.0000,1.0000
1556856000000.0000,S14,1.0000,3.0000,1.0000,5.8308,0.6546,74.8832,75.3908,0.0000,15.7084,1.1103,0.8215,1.9309,101.5143,109.5524,1.0000,4.0000,5.0000,450.0000,1.0000
1556870400000.0000,S13,1.0000,2.0000,1.0000,5.9623,0.8115,85.1460,81.1477,0.0000,15.7084,1.1793,1.7559,2.0292,112.4375,119.9253,1.0000,8.0000,5.0000,451.0000,1.0000
1556870400000.0000,S14,1.0000,3.0000,1.0000,5.9623,0.8115,85.1460,81.1477,0.0000,15.7084,1.1793,1.7559,2.0292,112.4375,119.9253,1.0000,8.0000,5.0000,451.0000,1.0000
1556884800000.0000,S14,1.0000,3.0000,1.0000,6.1160,0.9455,71.8193,83.1945,0.0000,15.7084,1.3171,1.1541,3.6729,113.3929,111.0741,1.0000,12.0000,5.0000,452.0000,1.0000
1556942400000.0000,S14,1.0000,3.0000,1.0000,6.7144,1.4050,66.5973,82.8611,0.0000,20.6394,1.3735,0.7075,1.5696,94.0571,97.5663,1.0000,4.0000,6.0000,456.0000,0.0000
1556985600000.0000,S13,-1.0000,2.0000,-1.0000,6.9844,1.1952,36.5411,56.3098,0.0000,20.6394,1.5746,0.9653,1.8694,57.4568,53.8740,1.0000,16.0000,6.0000,459.0000,0.0000
1557014400000.0000,S13,1.0000,2.0000,1.0000,7.1403,1.0231,59.9122,67.6273,0.0000,20.8629,1.6293,0.8506,1.5166,81.4621,87.8307,1.0000,0.0000,0.0000,461.0000,1.0000
1557201600000.0000,S13,1.0000,2.0000,1.0000,7.6260,0.7288,74.5399,67.5868,0.0000,17.4477,1.6820,3.0024,2.1178,120.9216,121.6093,1.0000,4.0000,2.0000,474.0000,1.0000
1557201600000.0000,S14,1.0000,3.0000,1.0000,7.6260,0.7288,74.5399,67.5868,0.0000,17.4477,1.6820,3.0024,2.1178,120.9216,121.6093,1.0000,4.0000,2.0000,474.0000,1.0000
1557374400000.0000,S14,1.0000,3.0000,1.0000,8.3696,0.9688,72.0650,70.6221,0.0000,20.4560,1.6410,0.6432,1.2661,95.6060,110.9585,1.0000,4.0000,4.0000,486.0000,1.0000
1557446400000.0000,S14,1.0000,3.0000,1.0000,8.8616,1.2198,75.0546,74.3177,0.0000,23.8407,1.5240,1.1121,1.0369,105.7721,114.2809,1.0000,0.0000,5.0000,491.0000,1.0000
1557460800000.0000,S14,1.0000,3.0000,1.0000,9.0490,1.3297,81.4115,79.0492,0.0000,23.8407,1.6116,2.3426,1.8943,111.1930,118.4281,1.0000,4.0000,5.0000,492.0000,1.0000
1557475200000.0000,S14,1.0000,3.0000,1.0000,9.2403,1.4682,77.7700,80.0758,0.0000,23.8407,1.6580,1.0377,1.2350,112.2055,102.3838,1.0000,8.0000,5.0000,493.0000,1.0000
1557518400000.0000,S14,1.0000,3.0000,1.0000,9.7121,1.7254,67.6058,76.5963,0.0000,23.8407,1.6855,0.5372,1.3151,95.8077,104.2927,1.0000,20.0000,5.0000,496.0000,1.0000
1557547200000.0000,S13,1.0000,2.0000,1.0000,10.0877,1.7430,72.2012,79.1492,0.0000,25.9129,1.8250,2.0952,1.6085,105.4182,118.8512,1.0000,4.0000,6.0000,498.0000,1.0000
1557547200000.0000,S14,1.0000,3.0000,1.0000,10.0877,1.7430,72.2012,79.1492,0.0000,25.9129,1.8250,2.0952,1.6085,105.4182,118.8512,1.0000,4.0000,6.0000,498.0000,1.0000
1557561600000.0000,S13,1.0000,2.0000,1.0000,10.4223,2.0001,80.1899,83.7618,0.0000,25.9129,2.0387,1.5436,3.7188,114.8199,123.9684,1.0000,8.0000,6.0000,499.0000,1.0000
1557561600000.0000,S14,1.0000,3.0000,1.0000,10.4223,2.0001,80.1899,83.7618,0.0000,25.9129,2.0387,1.5436,3.7188,114.8199,123.9684,1.0000,8.0000,6.0000,499.0000,1.0000
1557619200000.0000,S14,1.0000,3.0000,1.0000,11.7574,2.8774,71.3898,85.0203,0.0000,38.1134,2.3365,2.0668,2.4332,108.0667,116.2428,1.0000,0.0000,0.0000,503.0000,1.0000
1557648000000.0000,S13,1.0000,2.0000,1.0000,12.6950,3.3257,79.5443,89.4543,0.0000,38.1134,2.5697,1.3200,1.2987,111.2585,111.6975,1.0000,8.0000,0.0000,505.0000,0.0000
1557648000000.0000,S14,1.0000,3.0000,1.0000,12.6950,3.3257,79.5443,89.4543,0.0000,38.1134,2.5697,1.3200,1.2987,111.2585,111.6975,1.0000,8.0000,0.0000,505.0000,0.0000
1557763200000.0000,S13,1.0000,2.0000,1.0000,14.7439,2.6289,78.6003,75.0809,0.0000,34.4337,3.5022,4.1188,2.2538,113.7598,125.4525,1.0000,16.0000,1.0000,513.0000,0.0000
1557763200000.0000,S14,1.0000,3.0000,1.0000,14.7439,2.6289,78.6003,75.0809,0.0000,34.4337,3.5022,4.1188,2.2538,113.7598,125.4525,1.0000,16.0000,1.0000,513.0000,0.0000
1557820800000.0000,S14,1.0000,3.0000,1.0000,16.8082,4.3105,74.4141,80.0902,0.0000,48.1495,3.6484,1.3230,0.9036,102.5907,104.8307,1.0000,8.0000,2.0000,517.0000,0.0000
1558713600000.0000,S14,1.0000,3.0000,1.0000,15.7030,0.6363,70.4480,62.1910,0.0000,31.3827,2.4169,2.1392,1.1375,98.5661,105.5942,1.0000,16.0000,5.0000,577.0000,1.0000
1558900800000.0000,S13,1.0000,2.0000,1.0000,14.8371,0.6725,84.4233,72.8400,0.0000,31.6117,2.1237,6.0200,1.7736,156.1794,167.6413,1.0000,20.0000,0.0000,590.0000,0.0000
1558900800000.0000,S14,1.0000,3.0000,1.0000,14.8371,0.6725,84.4233,72.8400,0.0000,31.6117,2.1237,6.0200,1.7736,156.1794,167.6413,1.0000,20.0000,0.0000,590.0000,0.0000
1558915200000.0000,S14,1.0000,3.0000,1.0000,14.9854,0.9725,87.2298,75.6698,0.0000,39.6360,2.2204,1.2038,2.6648,133.0368,116.5520,1.0000,0.0000,1.0000,591.0000,0.0000
1559232000000.0000,S14,1.0000,3.0000,1.0000,15.9457,1.0286,76.9168,73.3599,0.0000,35.5034,1.8003,2.4401,1.2471,158.4971,126.5507,1.0000,16.0000,4.0000,613.0000,0.0000
1559246400000.0000,S13,-1.0000,2.0000,-1.0000,15.8629,0.9745,45.3109,52.2556,0.0000,35.5034,2.2233,0.7287,2.8126,16.7853,36.1192,1.0000,20.0000,4.0000,614.0000,1.0000
1559260800000.0000,S13,-1.0000,2.0000,-1.0000,15.6428,0.7442,31.7758,39.0426,0.0000,28.4162,2.6662,0.8688,3.0044,-25.8086,-14.1240,1.0000,0.0000,5.0000,615.0000,1.0000
1559260800000.0000,S14,-1.0000,3.0000,-1.0000,15.6428,0.7442,31.7758,39.0426,0.0000,28.4162,2.6662,0.8688,3.0044,-25.8086,-14.1240,1.0000,0.0000,5.0000,615.0000,1.0000
1560355200000.0000,S14,1.0000,3.0000,1.0000,3.8796,0.1237,72.5942,64.3499,0.0000,10.5946,2.0345,4.0116,1.9286,101.4186,113.8203,1.0000,16.0000,3.0000,691.0000,1.0000
1560456000000.0000,S14,1.0000,3.0000,1.0000,4.0405,0.4085,66.6600,66.6162,0.0000,13.1631,1.7738,1.4097,1.1860,96.7646,102.1604,1.0000,20.0000,4.0000,698.0000,1.0000
1560528000000.0000,S14,1.0000,3.0000,1.0000,4.3017,0.6215,70.0156,73.0155,0.0000,13.5423,1.6322,1.3469,1.8418,97.5278,112.8273,1.0000,16.0000,5.0000,703.0000,1.0000
1560556800000.0000,S13,1.0000,2.0000,1.0000,4.5646,0.8727,81.3903,81.1236,0.0000,18.3811,1.7036,0.8902,1.5390,120.6153,126.9211,1.0000,0.0000,6.0000,705.0000,1.0000
1560556800000.0000,S14,1.0000,3.0000,1.0000,4.5646,0.8727,81.3903,81.1236,0.0000,18.3811,1.7036,0.8902,1.5390,120.6153,126.9211,1.0000,0.0000,6.0000,705.0000,1.0000
1560614400000.0000,S14,1.0000,3.0000,1.0000,5.1854,1.3662,73.3958,78.6651,0.0000,18.3811,1.6549,2.0013,1.0178,100.4500,104.6359,1.0000,16.0000,6.0000,709.0000,1.0000
1560628800000.0000,S14,1.0000,3.0000,1.0000,5.3709,1.3865,73.2835,80.0868,0.0000,18.3811,1.6352,0.7977,1.2321,97.6545,100.1114,1.0000,20.0000,6.0000,710.0000,1.0000
1560657600000.0000,S14,1.0000,3.0000,1.0000,5.7659,1.5243,77.0884,83.4704,0.0000,19.4108,1.6420,0.7337,1.2351,100.1218,113.3106,1.0000,4.0000,0.0000,712.0000,1.0000
1560672000000.0000,S13,1.0000,2.0000,1.0000,6.0742,1.7564,82.7069,87.4424,0.0000,19.4108,1.7684,0.9412,2.4530,111.7200,130.6337,1.0000,8.0000,0.0000,713.0000,1.0000
1560672000000.0000,S14,1.0000,3.0000,1.0000,6.0742,1.7564,82.7069,87.4424,0.0000,19.4108,1.7684,0.9412,2.4530,111.7200,130.6337,1.0000,8.0000,0.0000,713.0000,1.0000
1561060800000.0000,S14,1.0000,3.0000,1.0000,9.2836,1.1528,73.6159,68.8022,0.0000,20.4257,1.9148,2.0020,1.1287,128.3710,122.6640,1.0000,20.0000,4.0000,740.0000,1.0000
1561089600000.0000,S14,1.0000,3.0000,1.0000,9.5905,1.3617,77.6187,75.3574,0.0000,22.5119,1.9311,1.1578,1.6416,118.7779,120.9469,1.0000,4.0000,5.0000,742.0000,1.0000
1561118400000.0000,S14,1.0000,3.0000,1.0000,9.9358,1.6419,72.7440,75.4151,0.0000,22.5119,1.8690,0.9449,0.9333,102.2094,98.2217,1.0000,12.0000,5.0000,744.0000,1.0000
1561161600000.0000,S14,1.0000,3.0000,1.0000,10.5382,1.8972,81.7711,81.2490,0.0000,29.2329,1.9418,3.4156,1.4536,101.3762,114.5663,1.0000,0.0000,6.0000,747.0000,1.0000
1561176000000.0000,S13,1.0000,2.0000,1.0000,10.9227,2.1926,76.5386,86.0838,0.0000,29.2329,2.4145,2.2354,4.2686,117.9041,132.1921,1.0000,4.0000,6.0000,748.0000,1.0000
1561176000000.0000,S14,1.0000,3.0000,1.0000,10.9227,2.1926,76.5386,86.0838,0.0000,29.2329,2.4145,2.2354,4.2686,117.9041,132.1921,1.0000,4.0000,6.0000,748.0000,1.0000
1561507200000.0000,S14,1.0000,3.0000,1.0000,16.7100,2.6082,76.9192,81.9664,0.0000,42.6019,2.5131,1.4323,1.4299,112.7555,124.2655,1.0000,0.0000,3.0000,771.0000,1.0000
1561521600000.0000,S14,1.0000,3.0000,1.0000,17.1278,2.8393,84.4680,85.9935,0.0000,42.6019,2.5585,2.0735,1.8422,124.7827,131.2500,1.0000,4.0000,3.0000,772.0000,1.0000
1561536000000.0000,S14,1.0000,3.0000,1.0000,17.5970,3.1480,74.9917,87.7761,0.0000,42.6019,2.7809,1.1317,3.0084,118.6288,114.2697,1.0000,8.0000,3.0000,773.0000,1.0000
1561579200000.0000,S13,1.0000,2.0000,1.0000,19.3682,4.5640,78.0142,93.2426,0.0000,42.6019,2.9757,1.1449,2.6251,118.2947,136.1573,1.0000,20.0000,3.0000,776.0000,0.0000
1561579200000.0000,S14,1.0000,3.0000,1.0000,19.3682,4.5640,78.0142,93.2426,0.0000,42.6019,2.9757,1.1449,2.6251,118.2947,136.1573,1.0000,20.0000,3.0000,776.0000,0.0000
1561593600000.0000,S13,-1.0000,2.0000,-1.0000,19.8375,4.6638,56.4082,71.6352,0.0000,55.2435,4.1331,1.2175,3.2677,87.9348,72.0668,1.0000,0.0000,4.0000,777.0000,1.0000
1562054400000.0000,S14,-1.0000,3.0000,-1.0000,14.9750,-1.7338,31.2098,32.6975,0.0000,19.0555,5.6433,0.5244,1.5583,-2.1068,-7.0547,1.0000,8.0000,2.0000,809.0000,0.0000
1562587200000.0000,S14,1.0000,3.0000,1.0000,10.6854,0.4083,74.3125,61.5903,0.0000,22.0200,2.9441,1.2602,1.8170,113.8143,120.7435,1.0000,12.0000,1.0000,846.0000,1.0000
1562616000000.0000,S14,1.0000,3.0000,1.0000,10.8317,0.7673,79.3995,65.7989,0.0000,22.0200,2.8579,3.1008,1.3848,123.4430,127.3892,1.0000,20.0000,1.0000,848.0000,0.0000
1562644800000.0000,S14,1.0000,3.0000,1.0000,11.1782,1.4350,82.5461,71.8568,0.0000,29.7886,2.8701,1.5073,1.8853,118.2726,120.5671,1.0000,4.0000,2.0000,850.0000,0.0000
1562731200000.0000,S14,1.0000,3.0000,1.0000,12.0000,1.6595,68.4868,71.2568,0.0000,31.7343,3.0236,1.8289,2.1935,96.9877,109.0025,1.0000,4.0000,3.0000,856.0000,0.0000
1563105600000.0000,S14,-1.0000,3.0000,-1.0000,8.2374,-0.8655,28.4047,32.9242,0.0000,15.5680,3.7076,1.7929,1.7091,-19.9218,-6.7229,1.0000,12.0000,0.0000,882.0000,1.0000
1563120000000.0000,S14,-1.0000,3.0000,-1.0000,7.8401,-1.0935,22.8136,29.6336,0.0000,15.5680,3.8451,1.8804,1.5763,-19.3164,-2.7464,1.0000,16.0000,0.0000,883.0000,1.0000
1563307200000.0000,S13,-1.0000,2.0000,-1.0000,4.0808,-1.2978,29.0387,27.7524,0.0000,9.3329,4.5837,0.8468,2.6799,-10.1598,-12.7418,1.0000,20.0000,2.0000,896.0000,0.0000
1563307200000.0000,S14,-1.0000,3.0000,-1.0000,4.0808,-1.2978,29.0387,27.7524,0.0000,9.3329,4.5837,0.8468,2.6799,-10.1598,-12.7418,1.0000,20.0000,2.0000,896.0000,0.0000
1563321600000.0000,S14,-1.0000,3.0000,-1.0000,3.5893,-1.6879,26.0744,25.2337,0.0000,-4.9116,4.6487,1.3405,1.4285,-6.5142,0.1925,0.0000,0.0000,3.0000,897.0000,0.0000
1563364800000.0000,S14,-1.0000,3.0000,-1.0000,2.1829,-2.7859,26.8062,25.1136,0.0000,-4.9116,4.7856,1.5871,1.0555,-1.7355,-1.8829,0.0000,12.0000,3.0000,900.0000,0.0000
1563652800000.0000,S14,1.0000,3.0000,1.0000,0.2114,0.1206,73.3722,62.9163,73.3820,4.7231,3.3440,0.5283,1.1131,89.7505,106.9913,1.0000,20.0000,6.0000,920.0000,0.0000
1563825600000.0000,S12,-1.0000,1.0000,-1.0000,-0.0430,-0.2535,33.2487,40.2154,72.8372,4.6890,2.9428,1.6710,1.0752,7.9864,15.1803,1.0000,20.0000,1.0000,1.0000,1.0000
1563868800000.0000,S14,-1.0000,3.0000,-1.0000,-0.3109,-0.6356,32.6590,38.7264,67.8703,1.9007,2.8651,1.4818,1.5355,-3.9541,-3.3282,1.0000,8.0000,2.0000,4.0000,1.0000
1564228800000.0000,S13,-1.0000,2.0000,-1.0000,-2.8102,-0.5108,27.6452,38.1518,56.4647,-4.6839,2.6196,1.7666,2.1374,-3.8497,-1.6876,0.0000,12.0000,6.0000,29.0000,0.0000
1564243200000.0000,S14,-1.0000,3.0000,-1.0000,-2.9744,-0.6504,25.7844,36.1440,56.4647,-4.6839,2.5919,1.4243,1.3905,-2.3218,2.7743,0.0000,16.0000,6.0000,30.0000,0.0000
1564560000000.0000,S14,1.0000,3.0000,1.0000,-4.3616,-0.2700,62.8217,55.0674,49.7447,-8.2847,1.8579,0.9111,0.9880,116.7791,105.3989,0.0000,8.0000,3.0000,52.0000,1.0000
1564588800000.0000,S13,1.0000,2.0000,1.0000,-4.2023,-0.0396,79.2948,66.7273,49.7447,-8.2847,1.8380,2.1990,2.3749,132.3258,135.1246,0.0000,16.0000,3.0000,54.0000,1.0000
1564588800000.0000,S14,1.0000,3.0000,1.0000,-4.2023,-0.0396,79.2948,66.7273,49.7447,-8.2847,1.8380,2.1990,2.3749,132.3258,135.1246,0.0000,16.0000,3.0000,54.0000,1.0000
1564689600000.0000,S13,1.0000,2.0000,1.0000,-3.4700,0.4533,75.2567,69.8453,56.8667,-3.8390,1.7437,2.4870,1.5613,103.8725,118.1486,0.0000,20.0000,4.0000,61.0000,1.0000
1564689600000.0000,S14,1.0000,3.0000,1.0000,-3.4700,0.4533,75.2567,69.8453,56.8667,-3.8390,1.7437,2.4870,1.5613,103.8725,118.1486,0.0000,20.0000,4.0000,61.0000,1.0000
1564704000000.0000,S14,1.0000,3.0000,1.0000,-3.2832,0.5899,75.6588,72.0508,60.5870,-1.4526,1.7367,0.8845,1.6193,105.2514,107.1485,0.0000,0.0000,5.0000,62.0000,1.0000
1564732800000.0000,S14,1.0000,3.0000,1.0000,-2.8985,0.9150,78.9404,74.2259,60.5870,-1.4526,1.7568,1.3507,1.1049,99.2874,104.0549,0.0000,8.0000,5.0000,64.0000,1.0000
1564761600000.0000,S14,1.0000,3.0000,1.0000,-2.4867,1.1467,73.3451,73.7051,60.5870,-1.4526,1.6847,1.4135,1.1951,97.6730,105.3640,0.0000,16.0000,5.0000,66.0000,1.0000
1564804800000.0000,S14,1.0000,3.0000,1.0000,-1.8970,1.2050,71.9780,72.3913,62.0246,-0.4754,1.8569,0.9652,1.4875,97.2780,110.1020,0.0000,4.0000,6.0000,69.0000,1.0000
1564934400000.0000,S14,1.0000,3.0000,1.0000,-0.1486,1.1260,65.5690,69.2612,65.6113,1.8790,1.7842,3.8138,1.3131,85.5526,103.4908,1.0000,16.0000,0.0000,78.0000,1.0000
1564948800000.0000,S12,1.0000,1.0000,1.0000,0.0422,1.1192,62.6832,68.0399,65.6113,1.8790,1.7532,0.4880,0.9170,81.9339,94.4655,1.0000,20.0000,0.0000,1.0000,1.0000
1564977600000.0000,S13,1.0000,2.0000,1.0000,0.5798,1.4362,81.8400,79.6424,66.3971,2.5279,2.0199,1.4523,2.3005,131.1089,151.3660,1.0000,4.0000,1.0000,3.0000,1.0000
1564977600000.0000,S14,1.0000,3.0000,1.0000,0.5798,1.4362,81.8400,79.6424,66.3971,2.5279,2.0199,1.4523,2.3005,131.1089,151.3660,1.0000,4.0000,1.0000,3.0000,1.0000
1565078400000.0000,S13,1.0000,2.0000,1.0000,3.0228,2.4077,75.6644,81.5315,78.9741,10.3713,2.1711,2.1975,2.0883,99.7039,115.2148,1.0000,8.0000,2.0000,10.0000,0.0000
1565078400000.0000,S14,1.0000,3.0000,1.0000,3.0228,2.4077,75.6644,81.5315,78.9741,10.3713,2.1711,2.1975,2.0883,99.7039,115.2148,1.0000,8.0000,2.0000,10.0000,0.0000
1565438400000.0000,S13,-1.0000,2.0000,-1.0000,6.3339,0.7242,27.4517,42.0834,75.3692,8.7847,2.4286,5.8566,1.3556,-15.9960,1.5112,1.0000,12.0000,6.0000,35.0000,1.0000
1565712000000.0000,S13,-1.0000,2.0000,-1.0000,5.1014,-0.1928,16.9657,31.0106,65.3503,3.8855,1.7730,1.7238,2.4401,-36.7239,-16.4860,1.0000,16.0000,2.0000,54.0000,1.0000
1565712000000.0000,S14,-1.0000,3.0000,-1.0000,5.1014,-0.1928,16.9657,31.0106,65.3503,3.8855,1.7730,1.7238,2.4401,-36.7239,-16.4860,1.0000,16.0000,2.0000,54.0000,1.0000
1565755200000.0000,S14,-1.0000,3.0000,-1.0000,4.5300,-0.7268,22.2959,24.4344,57.2110,-0.6734,1.8994,0.5915,2.1403,-20.7866,-17.9200,0.0000,4.0000,3.0000,57.0000,1.0000
1565812800000.0000,S13,-1.0000,2.0000,-1.0000,3.4937,-1.3526,18.7690,16.3631,57.2110,-0.6734,2.2040,0.5651,3.0235,-7.2512,-18.7824,0.0000,20.0000,3.0000,61.0000,0.0000
1565812800000.0000,S14,-1.0000,3.0000,-1.0000,3.4937,-1.3526,18.7690,16.3631,57.2110,-0.6734,2.2040,0.5651,3.0235,-7.2512,-18.7824,0.0000,20.0000,3.0000,61.0000,0.0000
1565827200000.0000,S14,-1.0000,3.0000,-1.0000,3.1551,-1.5129,22.7356,15.4050,44.3781,-8.0576,2.3093,2.1794,1.4523,0.1307,1.8840,0.0000,0.0000,4.0000,62.0000,0.0000
1566201600000.0000,S14,1.0000,3.0000,1.0000,-0.7005,-0.3405,75.1198,60.4196,45.2147,-4.3860,2.1896,5.2869,1.6213,113.4643,120.8160,0.0000,8.0000,1.0000,9.0000,0.0000
1566259200000.0000,S14,1.0000,3.0000,1.0000,-0.5267,0.2437,76.0501,65.0149,52.9853,1.2498,2.1103,1.4593,0.9820,111.0989,112.9015,1.0000,0.0000,2.0000,13.0000,0.0000
1567022400000.0000,S13,-1.0000,2.0000,-1.0000,-2.4171,-0.3853,20.0983,30.8768,37.5049,-4.0669,2.1187,1.7241,3.3202,-34.4795,-32.9584,0.0000,20.0000,3.0000,66.0000,0.0000
1567022400000.0000,S14,-1.0000,3.0000,-1.0000,-2.4171,-0.3853,20.0983,30.8768,37.5049,-4.0669,2.1187,1.7241,3.3202,-34.4795,-32.9584,0.0000,20.0000,3.0000,66.0000,0.0000
1567051200000.0000,S14,-1.0000,3.0000,-1.0000,-2.6912,-0.7104,21.2769,29.6320,30.7056,-7.9484,2.0717,1.4963,1.0000,-13.6469,-1.4098,0.0000,4.0000,4.0000,68.0000,0.0000
1567065600000.0000,S14,-1.0000,3.0000,-1.0000,-2.8898,-0.9699,17.1501,25.6418,30.7056,-7.9484,2.1977,1.9947,1.3879,-9.9305,-7.0829,0.0000,8.0000,4.0000,69.0000,0.0000
1567382400000.0000,S14,1.0000,3.0000,1.0000,-4.5326,-0.4354,65.1877,53.6535,28.6962,-6.4636,1.3825,3.4487,2.2614,120.4733,111.4471,0.0000,0.0000,1.0000,91.0000,1.0000
1567440000000.0000,S14,1.0000,3.0000,1.0000,-4.3831,-0.0697,73.2098,64.0234,28.6962,-6.4636,1.2845,0.7631,1.9588,122.8691,113.4062,0.0000,16.0000,1.0000,95.0000,1.0000
1567454400000.0000,S13,1.0000,2.0000,1.0000,-4.2415,0.1082,87.3708,75.6253,28.6962,-6.4636,1.3731,0.9304,2.5957,140.9444,145.0998,0.0000,20.0000,1.0000,96.0000,1.0000
1567454400000.0000,S14,1.0000,3.0000,1.0000,-4.2415,0.1082,87.3708,75.6253,28.6962,-6.4636,1.3731,0.9304,2.5957,140.9444,145.0998,0.0000,20.0000,1.0000,96.0000,1.0000
1567468800000.0000,S14,1.0000,3.0000,1.0000,-4.0542,0.3424,85.5508,79.9402,36.2267,-0.5799,1.4541,1.0173,3.0376,131.9426,125.0082,0.0000,0.0000,2.0000,97.0000,1.0000
1567526400000.0000,S13,1.0000,2.0000,1.0000,-3.2359,1.1342,78.8174,85.2880,36.2267,-0.5799,1.5799,1.1725,3.3010,104.1460,116.9779,0.0000,16.0000,2.0000,101.0000,0.0000
1567526400000.0000,S14,1.0000,3.0000,1.0000,-3.2359,1.1342,78.8174,85.2880,36.2267,-0.5799,1.5799,1.1725,3.3010,104.1460,116.9779,0.0000,16.0000,2.0000,101.0000,0.0000
1567627200000.0000,S13,1.0000,2.0000,1.0000,-1.9231,1.0221,63.1280,72.1069,39.2103,2.1108,1.6557,1.4233,1.4469,85.7313,100.7039,1.0000,20.0000,3.0000,108.0000,0.0000
1567987200000.0000,S12,1.0000,1.0000,1.0000,0.0096,0.1248,44.7024,47.1964,33.2393,-0.3879,1.5854,0.5592,0.4882,33.4654,31.7621,0.0000,0.0000,1.0000,1.0000,0.0000
1568649600000.0000,S13,-1.0000,2.0000,-1.0000,-0.3107,-0.0384,22.1917,35.7286,28.5330,-1.5661,0.9751,1.1855,2.6215,-29.7646,-7.5808,0.0000,16.0000,1.0000,46.0000,1.0000
1568649600000.0000,S14,-1.0000,3.0000,-1.0000,-0.3107,-0.0384,22.1917,35.7286,28.5330,-1.5661,0.9751,1.1855,2.6215,-29.7646,-7.5808,0.0000,16.0000,1.0000,46.0000,1.0000
1568865600000.0000,S13,-1.0000,2.0000,-1.0000,-0.6359,-0.2838,16.1050,24.9251,25.2285,-3.3162,1.2331,6.0655,2.9851,-46.0722,-99.5704,0.0000,4.0000,4.0000,61.0000,0.0000
1568865600000.0000,S14,-1.0000,3.0000,-1.0000,-0.6359,-0.2838,16.1050,24.9251,25.2285,-3.3162,1.2331,6.0655,2.9851,-46.0722,-99.5704,0.0000,4.0000,4.0000,61.0000,0.0000
1568923200000.0000,S13,1.0000,2.0000,1.0000,-0.9219,-0.5837,60.1117,47.6169,25.2285,-3.3162,1.1953,0.6273,1.6826,74.4612,87.8804,0.0000,20.0000,4.0000,65.0000,0.0000
1569283200000.0000,S14,-1.0000,3.0000,-1.0000,-1.5284,-0.4942,22.8475,28.2576,17.3777,-7.1863,1.3557,0.9118,2.2762,-17.0249,-5.3192,0.0000,0.0000,2.0000,90.0000,1.0000
1569340800000.0000,S14,-1.0000,3.0000,-1.0000,-1.8796,-0.7063,20.8624,24.3079,17.3777,-7.1863,1.5058,3.2274,3.1196,-9.9488,-9.0685,0.0000,16.0000,2.0000,94.0000,1.0000
1569830400000.0000,S14,-1.0000,3.0000,-1.0000,-10.4942,-1.6611,30.7748,30.0567,-4.1963,-19.8194,2.3670,0.8904,2.1669,-17.9120,-14.6721,-1.0000,8.0000,1.0000,128.0000,0.0000
1569902400000.0000,S14,1.0000,3.0000,1.0000,-10.5194,-0.7138,66.1557,56.5092,-1.5308,-16.8315,2.4204,1.3701,1.4832,105.0877,113.4665,-1.0000,4.0000,2.0000,133.0000,0.0000
1570348800000.0000,S14,-1.0000,3.0000,-1.0000,-9.9039,-0.5765,32.8544,35.6794,-4.6707,-16.4867,1.5052,1.3609,1.2769,-10.4267,-14.2552,-1.0000,8.0000,0.0000,164.0000,0.0000
1570636800000.0000,S13,1.0000,2.0000,1.0000,-8.7815,0.1339,81.4037,72.3369,-4.8566,-14.7875,1.6949,4.8197,2.9725,114.2754,138.0302,-1.0000,16.0000,3.0000,184.0000,0.0000
1570636800000.0000,S14,1.0000,3.0000,1.0000,-8.7815,0.1339,81.4037,72.3369,-4.8566,-14.7875,1.6949,4.8197,2.9725,114.2754,138.0302,-1.0000,16.0000,3.0000,184.0000,0.0000
1571241600000.0000,S14,-1.0000,3.0000,-1.0000,-5.6060,-0.4799,21.5076,27.1324,-6.6164,-12.4001,1.3163,1.1408,1.8529,-8.7320,-4.8531,-1.0000,16.0000,3.0000,226.0000,0.0000
1571385600000.0000,S13,-1.0000,2.0000,-1.0000,-5.8006,-0.4129,31.5129,31.0704,-8.0448,-12.6314,1.2630,1.1528,1.6872,9.0408,-4.3210,-1.0000,8.0000,5.0000,236.0000,0.0000
1571385600000.0000,S14,-1.0000,3.0000,-1.0000,-5.8006,-0.4129,31.5129,31.0704,-8.0448,-12.6314,1.2630,1.1528,1.6872,9.0408,-4.3210,-1.0000,8.0000,5.0000,236.0000,0.0000
1571601600000.0000,S13,1.0000,2.0000,1.0000,-5.8209,-0.2202,82.5851,67.4756,-9.7956,-13.3603,1.2547,1.8518,2.0620,131.7820,139.5034,-1.0000,20.0000,0.0000,251.0000,0.0000
1571601600000.0000,S14,1.0000,3.0000,1.0000,-5.8209,-0.2202,82.5851,67.4756,-9.7956,-13.3603,1.2547,1.8518,2.0620,131.7820,139.5034,-1.0000,20.0000,0.0000,251.0000,0.0000
1571788800000.0000,S13,-1.0000,2.0000,-1.0000,-4.8024,0.1134,25.8577,40.5078,-9.4719,-11.5707,1.2002,1.9948,1.5893,27.4932,30.9282,-1.0000,0.0000,3.0000,264.0000,1.0000
1571846400000.0000,S13,-1.0000,2.0000,-1.0000,-5.0327,-0.6261,10.8740,18.1623,-9.4719,-11.5707,1.7195,1.0492,4.3596,-45.0802,-112.1800,-1.0000,16.0000,3.0000,268.0000,0.0000
1571846400000.0000,S14,-1.0000,3.0000,-1.0000,-5.0327,-0.6261,10.8740,18.1623,-9.4719,-11.5707,1.7195,1.0492,4.3596,-45.0802,-112.1800,-1.0000,16.0000,3.0000,268.0000,0.0000
1572019200000.0000,S13,1.0000,2.0000,1.0000,-6.2414,-0.6433,90.7121,69.3077,-16.5500,-17.1180,1.9972,5.2405,2.4658,100.4010,108.0993,-1.0000,16.0000,5.0000,280.0000,1.0000
1572033600000.0000,S13,1.0000,2.0000,1.0000,-5.9138,-0.0135,93.6900,76.0982,-16.5500,-17.1180,2.2590,0.9958,3.7431,110.6246,119.8732,-1.0000,20.0000,5.0000,281.0000,1.0000
1572033600000.0000,S14,1.0000,3.0000,1.0000,-5.9138,-0.0135,93.6900,76.0982,-16.5500,-17.1180,2.2590,0.9958,3.7431,110.6246,119.8732,-1.0000,20.0000,5.0000,281.0000,1.0000
1572912000000.0000,S14,1.0000,3.0000,1.0000,3.7667,0.3957,64.0994,61.2732,3.1484,7.9832,1.4129,0.9685,2.7876,100.3213,100.8446,0.0000,0.0000,2.0000,47.0000,0.0000
1573214400000.0000,S14,-1.0000,3.0000,-1.0000,3.5881,-0.0871,20.4574,34.3799,0.5376,6.6165,1.3850,1.0261,2.2063,-17.9564,-20.8900,0.0000,12.0000,5.0000,68.0000,1.0000
1573416000000.0000,S13,1.0000,2.0000,1.0000,1.8883,-0.4299,71.8421,54.4978,-4.2516,2.5822,1.4227,0.7357,1.8863,68.6697,62.5364,-1.0000,20.0000,0.0000,82.0000,0.0000
1573459200000.0000,S13,-1.0000,2.0000,-1.0000,1.7508,-0.2112,37.7138,40.6516,-1.9443,5.4938,1.5173,1.1209,1.7978,29.9151,15.0909,-1.0000,8.0000,1.0000,85.0000,1.0000
1573790400000.0000,S12,-1.0000,1.0000,-1.0000,-0.0420,-0.5345,31.7640,30.8928,-6.9040,1.3059,1.1094,1.1899,1.4340,-14.9485,-4.3727,-1.0000,4.0000,5.0000,1.0000,1.0000
1573790400000.0000,S14,-1.0000,3.0000,-1.0000,-0.0420,-0.5345,31.7640,30.8928,-6.9040,1.3059,1.1094,1.1899,1.4340,-14.9485,-4.3727,-1.0000,4.0000,5.0000,1.0000,1.0000
1573833600000.0000,S14,-1.0000,3.0000,-1.0000,-0.3054,-0.5812,34.7506,30.7628,-6.9040,1.3059,1.3694,1.6597,2.1303,-11.3372,-10.3881,-1.0000,16.0000,5.0000,4.0000,1.0000
1574107200000.0000,S13,-1.0000,2.0000,-1.0000,-1.7010,-0.5808,20.3725,23.6091,-8.9243,-0.6231,1.4050,1.4119,3.3817,-47.8118,-32.9350,-1.0000,20.0000,1.0000,23.0000,1.0000
1574107200000.0000,S14,-1.0000,3.0000,-1.0000,-1.7010,-0.5808,20.3725,23.6091,-8.9243,-0.6231,1.4050,1.4119,3.3817,-47.8118,-32.9350,-1.0000,20.0000,1.0000,23.0000,1.0000
1574337600000.0000,S13,-1.0000,2.0000,-1.0000,-3.4508,-0.8438,19.0743,20.6235,-13.5949,-5.3039,1.3784,2.8507,2.2911,-0.8692,-23.2538,-1.0000,12.0000,4.0000,39.0000,1.0000
1574337600000.0000,S14,-1.0000,3.0000,-1.0000,-3.4508,-0.8438,19.0743,20.6235,-13.5949,-5.3039,1.3784,2.8507,2.2911,-0.8692,-23.2538,-1.0000,12.0000,4.0000,39.0000,1.0000
1574352000000.0000,S13,-1.0000,2.0000,-1.0000,-3.6709,-1.0248,13.5281,14.6893,-13.5949,-5.3039,1.7152,5.8212,2.8092,-25.4315,-34.2391,-1.0000,16.0000,4.0000,40.0000,1.0000
1574352000000.0000,S14,-1.0000,3.0000,-1.0000,-3.6709,-1.0248,13.5281,14.6893,-13.5949,-5.3039,1.7152,5.8212,2.8092,-25.4315,-34.2391,-1.0000,16.0000,4.0000,40.0000,1.0000
1574424000000.0000,S13,-1.0000,2.0000,-1.0000,-4.8254,-1.8435,20.0267,7.7283,-18.6930,-10.6501,2.5660,1.7252,4.0950,-19.5152,-31.3336,-1.0000,12.0000,5.0000,45.0000,1.0000
1574424000000.0000,S14,-1.0000,3.0000,-1.0000,-4.8254,-1.8435,20.0267,7.7283,-18.6930,-10.6501,2.5660,1.7252,4.0950,-19.5152,-31.3336,-1.0000,12.0000,5.0000,45.0000,1.0000
1574654400000.0000,S14,-1.0000,3.0000,-1.0000,-8.3573,-2.0605,21.6858,19.6969,-26.5680,-18.5631,2.8460,2.5235,1.1792,-10.7636,-10.3802,-1.0000,4.0000,1.0000,61.0000,0.0000
1575043200000.0000,S14,1.0000,3.0000,1.0000,-8.1184,0.2357,73.5798,66.9955,-21.1846,-11.7279,2.5504,1.7728,2.0343,95.2293,114.2748,-1.0000,16.0000,5.0000,88.0000,0.0000
1575432000000.0000,S14,-1.0000,3.0000,-1.0000,-7.0113,-0.3896,31.3231,36.9978,-22.4543,-12.3013,1.8253,0.6715,1.8618,-11.1080,-2.4843,-1.0000,4.0000,3.0000,115.0000,0.0000
1575993600000.0000,S14,-1.0000,3.0000,-1.0000,-4.7585,-0.2499,28.6875,33.6706,-21.8712,-10.9151,1.4725,1.8954,1.7130,-8.2567,-5.5199,-1.0000,16.0000,2.0000,154.0000,1.0000
1576339200000.0000,S13,-1.0000,2.0000,-1.0000,-4.8779,-0.2650,20.5187,26.7714,-22.5402,-11.4138,1.1428,4.0537,1.6271,-44.8564,-21.8317,-1.0000,16.0000,6.0000,178.0000,1.0000
1576339200000.0000,S14,-1.0000,3.0000,-1.0000,-4.8779,-0.2650,20.5187,26.7714,-22.5402,-11.4138,1.1428,4.0537,1.6271,-44.8564,-21.8317,-1.0000,16.0000,6.0000,178.0000,1.0000
1576526400000.0000,S13,-1.0000,2.0000,-1.0000,-5.1135,-0.4809,25.5890,24.4088,-23.9040,-12.3288,1.3037,1.9530,2.8980,-8.5849,-30.2660,-1.0000,20.0000,1.0000,191.0000,1.0000
1576526400000.0000,S14,-1.0000,3.0000,-1.0000,-5.1135,-0.4809,25.5890,24.4088,-23.9040,-12.3288,1.3037,1.9530,2.8980,-8.5849,-30.2660,-1.0000,20.0000,1.0000,191.0000,1.0000
1576598400000.0000,S13,-1.0000,2.0000,-1.0000,-5.4955,-0.8711,20.7424,20.9323,-26.2749,-14.5677,1.4392,1.3154,2.6017,-15.9853,-27.9147,-1.0000,16.0000,2.0000,196.0000,0.0000
1576598400000.0000,S14,-1.0000,3.0000,-1.0000,-5.4955,-0.8711,20.7424,20.9323,-26.2749,-14.5677,1.4392,1.3154,2.6017,-15.9853,-27.9147,-1.0000,16.0000,2.0000,196.0000,0.0000
1576612800000.0000,S14,-1.0000,3.0000,-1.0000,-5.6485,-0.9867,21.4365,18.5860,-26.2749,-14.5677,1.5180,2.5149,1.8359,-14.2062,-9.1300,-1.0000,20.0000,2.0000,197.0000,0.0000
1576684800000.0000,S13,1.0000,2.0000,1.0000,-6.1814,-1.1236,61.4071,43.9470,-29.0675,-17.3598,1.8560,2.6060,3.7991,40.2447,41.2322,-1.0000,16.0000,3.0000,202.0000,1.0000
1577044800000.0000,S13,1.0000,2.0000,1.0000,-4.1252,0.3071,86.3089,72.4367,-23.4403,-9.1546,1.3047,2.9467,3.4816,163.3334,195.7535,-1.0000,20.0000,0.0000,227.0000,0.0000
1577044800000.0000,S14,1.0000,3.0000,1.0000,-4.1252,0.3071,86.3089,72.4367,-23.4403,-9.1546,1.3047,2.9467,3.4816,163.3334,195.7535,-1.0000,20.0000,0.0000,227.0000,0.0000
1577059200000.0000,S14,1.0000,3.0000,1.0000,-3.9334,0.4961,87.9595,76.5406,-19.4711,-4.0217,1.3243,1.9831,1.6735,154.4980,127.9963,-1.0000,0.0000,1.0000,228.0000,0.0000
1577073600000.0000,S14,1.0000,3.0000,1.0000,-3.7140,0.7018,82.8137,79.3813,-19.4711,-4.0217,1.3549,0.6419,2.6853,122.8647,113.1150,-1.0000,4.0000,1.0000,229.0000,0.0000
1577649600000.0000,S14,1.0000,3.0000,1.0000,-1.6089,0.3233,77.3778,67.5621,-21.3080,-3.5098,1.1640,1.7715,1.0285,108.0647,106.1911,-1.0000,20.0000,0.0000,269.0000,0.0000
1577808000000.0000,S14,-1.0000,3.0000,-1.0000,-1.4120,-0.1066,32.0579,40.5027,-21.9906,-3.6176,1.1352,2.6795,1.6648,12.3424,3.5470,-1.0000,16.0000,2.0000,280.0000,1.0000
1577822400000.0000,S14,-1.0000,3.0000,-1.0000,-1.4362,-0.1416,32.0358,38.5727,-21.9906,-3.6176,1.1404,0.6400,0.9623,3.9947,-5.3067,-1.0000,20.0000,2.0000,281.0000,1.0000
1577937600000.0000,S14,-1.0000,3.0000,-1.0000,-1.4993,-0.1546,29.2695,36.5477,-22.3486,-3.4063,1.0035,1.9927,0.8807,15.0029,2.2402,-1.0000,4.0000,4.0000,289.0000,1.0000
1577952000000.0000,S14,-1.0000,3.0000,-1.0000,-1.5394,-0.1954,28.2756,34.9418,-22.3486,-3.4063,0.9918,1.8737,1.0126,7.7545,1.0586,-1.0000,8.0000,4.0000,290.0000,1.0000
1577995200000.0000,S13,-1.0000,2.0000,-1.0000,-1.6776,-0.3893,24.4598,27.7298,-22.3486,-3.4063,1.1553,0.9690,2.9136,-35.8443,-48.3856,-1.0000,20.0000,4.0000,293.0000,0.0000
1577995200000.0000,S14,-1.0000,3.0000,-1.0000,-1.6776,-0.3893,24.4598,27.7298,-22.3486,-3.4063,1.1553,0.9690,2.9136,-35.8443,-48.3856,-1.0000,20.0000,4.0000,293.0000,0.0000
1578038400000.0000,S13,1.0000,2.0000,1.0000,-1.8347,-0.4761,62.7268,52.4966,-24.8037,-6.1042,1.3317,0.9710,3.4892,65.3526,76.7618,-1.0000,8.0000,5.0000,296.0000,1.0000
1578052800000.0000,S14,1.0000,3.0000,1.0000,-1.7619,-0.3441,69.0805,60.7612,-24.8037,-6.1042,1.3833,0.6521,2.7416,91.3452,101.3632,-1.0000,12.0000,5.0000,297.0000,1.0000
1578196800000.0000,S14,1.0000,3.0000,1.0000,-1.1284,0.3363,70.0655,68.3303,-20.4521,-0.2179,1.2921,0.8742,1.5717,89.4871,111.1544,-1.0000,4.0000,0.0000,307.0000,1.0000
1578283200000.0000,S13,1.0000,2.0000,1.0000,-0.6526,0.4568,66.5417,64.8245,-20.3202,0.1528,1.3368,2.6699,1.7698,87.2134,108.6127,-1.0000,4.0000,1.0000,313.0000,1.0000
1578283200000.0000,S14,1.0000,3.0000,1.0000,-0.6526,0.4568,66.5417,64.8245,-20.3202,0.1528,1.3368,2.6699,1.7698,87.2134,108.6127,-1.0000,4.0000,1.0000,313.0000,1.0000
1578355200000.0000,S13,1.0000,2.0000,1.0000,-0.1134,0.6956,77.8009,72.5904,-15.9171,5.8010,1.3957,2.4679,2.0903,131.3199,142.8852,-1.0000,0.0000,2.0000,318.0000,1.0000
1578355200000.0000,S14,1.0000,3.0000,1.0000,-0.1134,0.6956,77.8009,72.5904,-15.9171,5.8010,1.3957,2.4679,2.0903,131.3199,142.8852,-1.0000,0.0000,2.0000,318.0000,1.0000
1578369600000.0000,S12,1.0000,1.0000,1.0000,0.1048,0.8753,82.0505,76.7572,-15.9171,5.8010,1.4968,0.6334,2.7993,125.0035,119.5506,-1.0000,4.0000,2.0000,1.0000,1.0000
1578369600000.0000,S14,1.0000,3.0000,1.0000,0.1048,0.8753,82.0505,76.7572,-15.9171,5.8010,1.4968,0.6334,2.7993,125.0035,119.5506,-1.0000,4.0000,2.0000,1.0000,1.0000
1578427200000.0000,S13,1.0000,2.0000,1.0000,0.8904,1.3703,74.0340,74.4402,-15.9171,5.8010,1.7412,1.1486,2.5393,108.4039,110.9455,-1.0000,20.0000,2.0000,5.0000,1.0000
1578427200000.0000,S14,1.0000,3.0000,1.0000,0.8904,1.3703,74.0340,74.4402,-15.9171,5.8010,1.7412,1.1486,2.5393,108.4039,110.9455,-1.0000,20.0000,2.0000,5.0000,1.0000
1578441600000.0000,S14,1.0000,3.0000,1.0000,1.1561,1.4459,68.3628,76.0874,-11.6232,11.0953,1.8162,1.1348,1.6949,113.1147,109.9111,-1.0000,0.0000,3.0000,6.0000,0.0000
1578456000000.0000,S14,1.0000,3.0000,1.0000,1.4688,1.6067,66.7623,79.2122,-11.6232,11.0953,1.9329,0.9447,2.7500,111.0258,113.2126,-1.0000,4.0000,3.0000,7.0000,0.0000
1578513600000.0000,S13,-1.0000,2.0000,-1.0000,2.4416,1.8369,37.0471,56.8661,-11.6232,11.0953,2.1958,0.7845,2.0714,57.8877,53.6825,-1.0000,20.0000,3.0000,11.0000,0.0000
1578974400000.0000,S13,1.0000,2.0000,1.0000,4.5832,0.6248,79.4049,71.2452,-11.0101,9.7079,1.6043,1.7217,3.1286,161.1433,161.5953,-1.0000,4.0000,2.0000,43.0000,1.0000
1578974400000.0000,S14,1.0000,3.0000,1.0000,4.5832,0.6248,79.4049,71.2452,-11.0101,9.7079,1.6043,1.7217,3.1286,161.1433,161.5953,-1.0000,4.0000,2.0000,43.0000,1.0000
1578988800000.0000,S14,1.0000,3.0000,1.0000,4.7466,0.8154,76.2844,72.7039,-11.0101,9.7079,1.5913,0.8246,1.8761,126.3446,104.4252,-1.0000,8.0000,2.0000,44.0000,1.0000
1579017600000.0000,S14,1.0000,3.0000,1.0000,5.1111,1.2404,78.9792,77.2671,-11.0101,9.7079,1.6704,1.5318,3.0242,98.9834,96.2675,-1.0000,16.0000,2.0000,46.0000,1.0000
1579248000000.0000,S14,1.0000,3.0000,1.0000,7.2888,1.0977,69.0862,71.0745,-3.8561,16.5120,1.8043,1.1544,1.2421,100.2693,100.7738,-1.0000,8.0000,5.0000,62.0000,0.0000
1579406400000.0000,S13,1.0000,2.0000,1.0000,8.2123,1.0292,74.9447,74.5307,-1.4980,18.2862,1.6095,1.0193,1.6062,116.3844,124.2072,-1.0000,4.0000,0.0000,73.0000,0.0000
1579406400000.0000,S14,1.0000,3.0000,1.0000,8.2123,1.0292,74.9447,74.5307,-1.4980,18.2862,1.6095,1.0193,1.6062,116.3844,124.2072,-1.0000,4.0000,0.0000,73.0000,0.0000
1579780800000.0000,S14,-1.0000,3.0000,-1.0000,6.6234,-0.0879,25.0150,34.5054,-3.5165,13.6067,1.5063,1.1120,2.0520,-32.5375,-22.5333,-1.0000,12.0000,4.0000,99.0000,0.0000
1579795200000.0000,S14,-1.0000,3.0000,-1.0000,6.4609,-0.2257,22.8333,31.8540,-3.5165,13.6067,1.5451,0.9612,1.5871,-20.7581,-8.2967,-1.0000,16.0000,4.0000,100.0000,0.0000
1580097600000.0000,S14,1.0000,3.0000,1.0000,4.4024,0.1380,76.0058,63.9405,-3.4876,11.4998,1.1683,0.6736,1.4475,109.7850,113.6795,-1.0000,4.0000,1.0000,121.0000,1.0000
1580126400000.0000,S14,1.0000,3.0000,1.0000,4.4410,0.3341,71.8480,66.9361,-3.4876,11.4998,1.2193,1.7586,1.7251,102.3779,104.9785,-1.0000,12.0000,1.0000,123.0000,1.0000
1580140800000.0000,S14,1.0000,3.0000,1.0000,4.4849,0.4181,74.6216,69.0460,-3.4876,11.4998,1.2033,1.2931,1.7100,103.1509,106.8438,-1.0000,16.0000,1.0000,124.0000,1.0000
1580155200000.0000,S14,1.0000,3.0000,1.0000,4.5785,0.5477,80.7497,74.9987,-3.4876,11.4998,1.2868,2.7953,2.2381,114.5323,127.9936,-1.0000,20.0000,1.0000,125.0000,1.0000
1580184000000.0000,S13,1.0000,2.0000,1.0000,4.8010,0.8190,77.0548,78.7321,-0.0737,14.8709,1.3715,0.5825,1.9312,110.7234,116.2676,-1.0000,4.0000,2.0000,127.0000,1.0000
1580184000000.0000,S14,1.0000,3.0000,1.0000,4.8010,0.8190,77.0548,78.7321,-0.0737,14.8709,1.3715,0.5825,1.9312,110.7234,116.2676,-1.0000,4.0000,2.0000,127.0000,1.0000
1580932800000.0000,S14,1.0000,3.0000,1.0000,6.8185,0.4299,83.6634,71.3846,3.7330,13.4973,1.3346,1.0317,2.0090,127.6263,113.1405,0.0000,20.0000,3.0000,179.0000,1.0000
1581004800000.0000,S14,1.0000,3.0000,1.0000,7.1073,0.8461,65.0519,74.1565,8.4830,17.7505,1.3564,0.8761,2.4143,104.0934,111.2013,0.0000,16.0000,4.0000,184.0000,1.0000
1581206400000.0000,S14,1.0000,3.0000,1.0000,7.7042,0.7195,62.7742,70.1220,11.7600,18.9259,1.1547,0.4705,0.6686,89.7740,98.8096,0.0000,0.0000,0.0000,198.0000,1.0000
1581220800000.0000,S14,1.0000,3.0000,1.0000,7.7903,0.8068,77.7346,76.8286,11.7600,18.9259,1.1720,2.5778,0.8618,130.2677,131.7704,0.0000,4.0000,0.0000,199.0000,0.0000
1581235200000.0000,S14,1.0000,3.0000,1.0000,7.8926,0.9055,81.4605,79.2263,11.7600,18.9259,1.1736,1.0499,1.1797,118.8618,113.2524,0.0000,8.0000,0.0000,200.0000,0.0000
1581436800000.0000,S13,1.0000,2.0000,1.0000,7.9465,0.3097,75.3585,65.1154,11.2492,16.8977,1.4205,4.8372,2.1864,111.6568,122.9508,0.0000,16.0000,2.0000,214.0000,0.0000
1581451200000.0000,S14,1.0000,3.0000,1.0000,8.0252,0.4573,72.7820,67.7452,11.2492,16.8977,1.4415,0.8077,2.1184,93.3713,108.3077,0.0000,20.0000,2.0000,215.0000,0.0000
1581494400000.0000,S14,1.0000,3.0000,1.0000,8.2518,1.0190,72.5733,70.7046,15.4154,20.4719,1.3954,1.8411,1.2819,89.1879,99.1918,0.0000,8.0000,3.0000,218.0000,0.0000
1581782400000.0000,S14,-1.0000,3.0000,-1.0000,8.3350,0.3366,23.2928,39.6918,16.6283,19.3036,1.6451,4.8761,1.3229,-4.7798,-4.1286,0.0000,16.0000,6.0000,238.0000,1.0000
1581940800000.0000,S14,-1.0000,3.0000,-1.0000,6.8432,-0.4719,30.8762,32.4874,11.8025,13.0090,1.8693,2.7258,1.6981,6.5401,1.2106,0.0000,12.0000,1.0000,249.0000,0.0000
1582156800000.0000,S13,-1.0000,2.0000,-1.0000,5.6854,0.1451,30.2681,37.9719,8.2931,7.4532,2.2307,1.2650,2.2616,20.8325,22.0574,1.0000,0.0000,4.0000,263.0000,1.0000
1582646400000.0000,S14,-1.0000,3.0000,-1.0000,2.7347,-0.4396,28.0404,35.9125,9.5967,5.2532,1.6859,1.4234,1.8874,-16.6827,-23.2960,1.0000,16.0000,2.0000,297.0000,1.0000
1582660800000.0000,S14,-1.0000,3.0000,-1.0000,2.5885,-0.5413,31.8236,34.6699,9.5967,5.2532,1.7036,0.6705,1.6121,-6.7248,-1.9079,1.0000,20.0000,2.0000,298.0000,1.0000
1582689600000.0000,S14,-1.0000,3.0000,-1.0000,2.2433,-0.7429,24.8190,28.9000,5.8885,1.2003,1.8355,0.8370,1.8356,-10.7917,-13.0081,1.0000,4.0000,3.0000,300.0000,1.0000
1582732800000.0000,S14,-1.0000,3.0000,-1.0000,1.6540,-1.0790,31.6895,24.6942,5.8885,1.2003,1.9104,1.2433,2.3803,-0.0435,-11.0890,1.0000,16.0000,3.0000,303.0000,1.0000
1583409600000.0000,S14,1.0000,3.0000,1.0000,-3.3140,-0.0373,75.6764,66.1411,0.3943,-5.8457,1.5119,1.6179,1.4978,126.2171,131.0401,0.0000,12.0000,4.0000,40.0000,0.0000
1583438400000.0000,S14,1.0000,3.0000,1.0000,-3.1088,0.2888,72.0862,67.5105,0.3943,-5.8457,1.4634,0.5425,0.8697,101.4204,95.1238,0.0000,20.0000,4.0000,42.0000,0.0000
1583611200000.0000,S13,-1.0000,2.0000,-1.0000,-2.3146,0.1984,26.7550,44.8146,4.9482,-1.8825,1.4069,0.6612,2.2374,24.1393,39.1431,0.0000,20.0000,6.0000,54.0000,1.0000
1583683200000.0000,S13,-1.0000,2.0000,-1.0000,-2.6065,-0.5532,13.5128,26.3639,2.2401,-4.5118,1.6659,4.0236,2.3610,-29.3650,-55.0232,0.0000,16.0000,0.0000,59.0000,1.0000
1583683200000.0000,S14,-1.0000,3.0000,-1.0000,-2.6065,-0.5532,13.5128,26.3639,2.2401,-4.5118,1.6659,4.0236,2.3610,-29.3650,-55.0232,0.0000,16.0000,0.0000,59.0000,1.0000
1583697600000.0000,S14,-1.0000,3.0000,-1.0000,-2.7876,-0.7970,14.4528,23.5901,2.2401,-4.5118,1.7834,0.7976,2.3038,-17.9000,-3.6920,0.0000,20.0000,0.0000,60.0000,1.0000
1583712000000.0000,S13,-1.0000,2.0000,-1.0000,-3.0390,-1.0792,9.2526,19.1533,-7.4653,-13.5171,1.9566,1.9839,1.4443,-13.0431,-3.6843,-1.0000,0.0000,1.0000,61.0000,1.0000
1583712000000.0000,S14,-1.0000,3.0000,-1.0000,-3.0390,-1.0792,9.2526,19.1533,-7.4653,-13.5171,1.9566,1.9839,1.4443,-13.0431,-3.6843,-1.0000,0.0000,1.0000,61.0000,1.0000
1583740800000.0000,S14,-1.0000,3.0000,-1.0000,-3.5382,-1.6525,23.5288,18.4962,-7.4653,-13.5171,2.2512,0.5936,2.7507,-2.4163,-2.7841,-1.0000,8.0000,1.0000,63.0000,1.0000
1584000000000.0000,S14,-1.0000,3.0000,-1.0000,-6.8420,-1.5337,27.5402,28.2673,-8.2405,-14.1516,2.8978,1.7969,1.4482,-33.3942,-24.4730,-1.0000,8.0000,4.0000,81.0000,1.0000
1584014400000.0000,S13,-1.0000,2.0000,-1.0000,-7.5301,-2.2772,11.5778,14.9310,-8.2405,-14.1516,5.5560,3.7158,3.4786,-54.8978,-156.1466,-1.0000,12.0000,4.0000,82.0000,1.0000
1584014400000.0000,S14,-1.0000,3.0000,-1.0000,-7.5301,-2.2772,11.5778,14.9310,-8.2405,-14.1516,5.5560,3.7158,3.4786,-54.8978,-156.1466,-1.0000,12.0000,4.0000,82.0000,1.0000
1584057600000.0000,S13,-1.0000,2.0000,-1.0000,-9.8355,-4.9781,11.9437,10.7957,-44.3179,-47.6259,9.0772,3.2820,3.2182,-23.1869,-26.8876,-1.0000,0.0000,5.0000,85.0000,0.0000
1584057600000.0000,S14,-1.0000,3.0000,-1.0000,-9.8355,-4.9781,11.9437,10.7957,-44.3179,-47.6259,9.0772,3.2820,3.2182,-23.1869,-26.8876,-1.0000,0.0000,5.0000,85.0000,0.0000
1584619200000.0000,S14,1.0000,3.0000,1.0000,-23.6736,-1.5921,69.0579,55.7184,-36.4392,-38.4366,5.3748,1.0095,1.1734,92.5831,109.4286,-1.0000,12.0000,4.0000,124.0000,1.0000
1584633600000.0000,S14,1.0000,3.0000,1.0000,-23.4708,-1.1599,76.0078,61.6469,-36.4392,-38.4366,5.1715,1.3266,1.7097,106.7554,116.4290,-1.0000,16.0000,4.0000,125.0000,1.0000
1585353600000.0000,S14,-1.0000,3.0000,-1.0000,-10.4677,0.6141,23.1660,42.9106,-23.4341,-22.5651,3.3204,3.1550,0.9641,-61.4098,-42.7770,-1.0000,0.0000,6.0000,175.0000,0.0000
1585368000000.0000,S14,-1.0000,3.0000,-1.0000,-10.4986,0.2307,15.0524,35.7775,-23.4341,-22.5651,3.4854,2.4067,1.6055,-36.3678,-21.6583,-1.0000,4.0000,6.0000,176.0000,0.0000
1585512000000.0000,S14,-1.0000,3.0000,-1.0000,-10.4493,-0.7536,25.5545,29.9437,-24.7335,-23.3889,2.9860,4.2821,1.4592,7.5229,-11.2901,-1.0000,20.0000,0.0000,186.0000,0.0000
1585526400000.0000,S14,-1.0000,3.0000,-1.0000,-10.5438,-0.9230,29.3198,29.2609,-28.8370,-27.0330,2.9252,0.9860,0.9686,6.6310,-2.6611,-1.0000,0.0000,1.0000,187.0000,0.0000
1585785600000.0000,S13,1.0000,2.0000,1.0000,-8.6298,0.0450,74.4798,63.5399,-19.0528,-15.3208,2.5909,2.7609,2.1528,103.3389,114.0643,-1.0000,0.0000,4.0000,205.0000,1.0000
1585785600000.0000,S14,1.0000,3.0000,1.0000,-8.6298,0.0450,74.4798,63.5399,-19.0528,-15.3208,2.5909,2.7609,2.1528,103.3389,114.0643,-1.0000,0.0000,4.0000,205.0000,1.0000
1585843200000.0000,S14,1.0000,3.0000,1.0000,-7.7399,1.0376,74.9640,68.1417,-19.0528,-15.3208,2.4799,1.2185,1.6073,117.5650,115.3315,-1.0000,16.0000,4.0000,209.0000,1.0000
1586203200000.0000,S14,1.0000,3.0000,1.0000,-3.1030,1.3209,78.0542,76.1400,-16.7737,-10.5533,2.2140,1.6428,1.8635,118.8899,119.9750,-1.0000,20.0000,1.0000,234.0000,0.0000
1586217600000.0000,S14,1.0000,3.0000,1.0000,-2.7993,1.5556,74.3877,77.8124,-9.7660,-2.5294,2.1994,0.9312,1.1553,114.7991,106.8426,-1.0000,0.0000,2.0000,235.0000,0.0000
1586419200000.0000,S12,1.0000,1.0000,1.0000,0.1472,1.0938,54.1691,62.3536,-9.0665,-0.7094,2.0084,0.7343,0.4815,67.3589,84.7462,-1.0000,8.0000,4.0000,1.0000,0.0000
1586664000000.0000,S12,-1.0000,1.0000,-1.0000,-0.0558,-0.3803,40.2776,39.1266,-14.6712,-5.2376,1.9356,0.5333,0.5638,24.7216,11.4996,-1.0000,4.0000,0.0000,1.0000,0.0000
1586750400000.0000,S14,-1.0000,3.0000,-1.0000,-0.1934,-0.1190,31.3405,37.9483,-14.2554,-4.1403,2.3031,0.4869,2.1516,6.0615,-12.9978,-1.0000,4.0000,1.0000,7.0000,0.0000
1587211200000.0000,S12,1.0000,1.0000,1.0000,0.0075,0.4130,58.6533,59.7206,-12.3747,0.9592,1.7878,0.8798,0.3683,70.7685,86.2552,-1.0000,12.0000,6.0000,1.0000,1.0000
1587225600000.0000,S14,1.0000,3.0000,1.0000,0.1317,0.4931,74.2647,66.8519,-12.3747,0.9592,1.8200,1.2217,1.4803,84.6468,103.3461,-1.0000,16.0000,6.0000,2.0000,0.0000
1587384000000.0000,S13,-1.0000,2.0000,-1.0000,0.7791,0.2705,26.1680,42.6801,-11.0861,3.1417,1.7401,2.8812,1.9310,-5.9783,-5.8326,-1.0000,12.0000,1.0000,13.0000,0.0000
1587384000000.0000,S14,-1.0000,3.0000,-1.0000,0.7791,0.2705,26.1680,42.6801,-11.0861,3.1417,1.7401,2.8812,1.9310,-5.9783,-5.8326,-1.0000,12.0000,1.0000,13.0000,0.0000
1587412800000.0000,S13,-1.0000,2.0000,-1.0000,0.6742,0.0189,22.8949,36.0109,-11.0861,3.1417,2.0513,2.2486,3.0228,-23.6171,-31.0238,-1.0000,20.0000,1.0000,15.0000,0.0000
1587412800000.0000,S14,-1.0000,3.0000,-1.0000,0.6742,0.0189,22.8949,36.0109,-11.0861,3.1417,2.0513,2.2486,3.0228,-23.6171,-31.0238,-1.0000,20.0000,1.0000,15.0000,0.0000
1587657600000.0000,S13,1.0000,2.0000,1.0000,0.6324,0.5741,81.2681,72.5365,-10.8255,4.8499,1.9828,1.7641,3.4725,135.5914,176.2793,-1.0000,16.0000,4.0000,32.0000,1.0000
1587657600000.0000,S14,1.0000,3.0000,1.0000,0.6324,0.5741,81.2681,72.5365,-10.8255,4.8499,1.9828,1.7641,3.4725,135.5914,176.2793,-1.0000,16.0000,4.0000,32.0000,1.0000
1587960000000.0000,S14,1.0000,3.0000,1.0000,3.4789,0.9948,63.6124,68.5487,-3.5631,15.1065,1.6100,0.5900,1.8084,109.3850,105.1956,-1.0000,4.0000,1.0000,53.0000,1.0000
1588132800000.0000,S14,1.0000,3.0000,1.0000,4.5384,0.7827,67.1346,67.5045,-2.9087,15.9489,1.3315,1.3736,1.5102,97.0633,109.5410,-1.0000,4.0000,3.0000,65.0000,1.0000
1588147200000.0000,S14,1.0000,3.0000,1.0000,4.6772,0.8650,79.3340,73.7008,-2.9087,15.9489,1.3646,1.4431,1.7831,121.8064,127.8703,-1.0000,8.0000,3.0000,66.0000,1.0000
1588161600000.0000,S13,1.0000,2.0000,1.0000,4.8799,1.0457,87.7517,79.5833,-2.9087,15.9489,1.4544,1.8747,2.4775,134.0046,136.1132,-1.0000,12.0000,3.0000,67.0000,1.0000
1588161600000.0000,S14,1.0000,3.0000,1.0000,4.8799,1.0457,87.7517,79.5833,-2.9087,15.9489,1.4544,1.8747,2.4775,134.0046,136.1132,-1.0000,12.0000,3.0000,67.0000,1.0000
1588176000000.0000,S13,1.0000,2.0000,1.0000,5.1622,1.3398,92.6018,84.3496,-2.9087,15.9489,1.5406,1.3653,3.1094,136.1592,129.6625,-1.0000,16.0000,3.0000,68.0000,1.0000
1588176000000.0000,S14,1.0000,3.0000,1.0000,5.1622,1.3398,92.6018,84.3496,-2.9087,15.9489,1.5406,1.3653,3.1094,136.1592,129.6625,-1.0000,16.0000,3.0000,68.0000,1.0000
1588190400000.0000,S13,1.0000,2.0000,1.0000,5.5727,1.8011,87.4758,88.8045,-2.9087,15.9489,1.8866,0.7416,4.2015,133.8951,137.8206,-1.0000,20.0000,3.0000,69.0000,1.0000
1588190400000.0000,S14,1.0000,3.0000,1.0000,5.5727,1.8011,87.4758,88.8045,-2.9087,15.9489,1.8866,0.7416,4.2015,133.8951,137.8206,-1.0000,20.0000,3.0000,69.0000,1.0000
1588219200000.0000,S13,1.0000,2.0000,1.0000,6.5682,2.8421,86.1090,92.5906,10.1007,31.1771,2.1927,1.9133,1.7533,117.2841,115.3959,0.0000,4.0000,4.0000,71.0000,0.0000
1588219200000.0000,S14,1.0000,3.0000,1.0000,6.5682,2.8421,86.1090,92.5906,10.1007,31.1771,2.1927,1.9133,1.7533,117.2841,115.3959,0.0000,4.0000,4.0000,71.0000,0.0000
1588766400000.0000,S14,1.0000,3.0000,1.0000,11.3775,1.0698,79.0994,67.0273,12.8393,27.4489,2.1092,2.2418,2.4333,129.0409,123.1622,0.0000,12.0000,3.0000,109.0000,1.0000
1588867200000.0000,S14,1.0000,3.0000,1.0000,11.9491,1.3049,70.3787,68.6991,14.2684,27.7767,2.1746,1.9911,2.4956,106.0050,117.5017,0.0000,16.0000,4.0000,116.0000,0.0000
1588881600000.0000,S13,1.0000,2.0000,1.0000,12.1947,1.5759,79.5276,75.4636,14.2684,27.7767,2.2808,1.6100,2.6495,119.3884,126.2558,0.0000,20.0000,4.0000,117.0000,0.0000
1588881600000.0000,S14,1.0000,3.0000,1.0000,12.1947,1.5759,79.5276,75.4636,14.2684,27.7767,2.2808,1.6100,2.6495,119.3884,126.2558,0.0000,20.0000,4.0000,117.0000,0.0000
1588896000000.0000,S14,1.0000,3.0000,1.0000,12.4647,1.8228,78.7967,77.3191,24.6729,37.7956,2.3586,1.9933,1.5013,106.6177,95.6931,0.0000,0.0000,5.0000,118.0000,0.0000
1589083200000.0000,S13,-1.0000,2.0000,-1.0000,13.2973,0.5544,13.3501,30.6944,18.8607,29.1441,3.5088,1.6655,3.5765,-27.8666,-43.3891,0.0000,4.0000,0.0000,131.0000,0.0000
1589083200000.0000,S14,-1.0000,3.0000,-1.0000,13.2973,0.5544,13.3501,30.6944,18.8607,29.1441,3.5088,1.6655,3.5765,-27.8666,-43.3891,0.0000,4.0000,0.0000,131.0000,0.0000
1589990400000.0000,S14,-1.0000,3.0000,-1.0000,9.0637,0.4218,27.8089,42.7383,21.4511,22.5269,2.2612,6.3060,1.8350,-9.7891,-0.9630,0.0000,16.0000,3.0000,194.0000,1.0000
1590364800000.0000,S13,-1.0000,2.0000,-1.0000,5.2615,-0.6072,25.0896,26.9060,8.4004,6.0547,2.0723,2.9614,1.4591,-26.1067,-10.0460,1.0000,0.0000,1.0000,220.0000,0.0000
1590364800000.0000,S14,-1.0000,3.0000,-1.0000,5.2615,-0.6072,25.0896,26.9060,8.4004,6.0547,2.0723,2.9614,1.4591,-26.1067,-10.0460,1.0000,0.0000,1.0000,220.0000,0.0000
1590580800000.0000,S13,1.0000,2.0000,1.0000,3.0777,-0.4749,74.3454,57.6274,9.9195,6.5810,1.7441,1.9601,1.9476,92.1761,77.1075,1.0000,12.0000,3.0000,235.0000,1.0000
1590681600000.0000,S13,1.0000,2.0000,1.0000,3.1467,0.3290,76.1362,69.6054,14.4031,10.4214,1.6305,1.6571,2.2866,109.0370,131.7932,1.0000,16.0000,4.0000,242.0000,1.0000
1590681600000.0000,S14,1.0000,3.0000,1.0000,3.1467,0.3290,76.1362,69.6054,14.4031,10.4214,1.6305,1.6571,2.2866,109.0370,131.7932,1.0000,16.0000,4.0000,242.0000,1.0000
1590710400000.0000,S14,1.0000,3.0000,1.0000,3.3287,0.5797,73.4636,70.2043,18.9851,14.2749,1.6519,1.6376,1.1789,103.3794,105.5073,1.0000,0.0000,5.0000,244.0000,1.0000
1590883200000.0000,S14,1.0000,3.0000,1.0000,3.9672,0.6813,66.2189,70.2035,20.3815,14.3688,1.5415,1.3353,1.5663,90.6581,107.4204,1.0000,0.0000,0.0000,256.0000,1.0000
1591056000000.0000,S13,1.0000,2.0000,1.0000,4.4461,0.6651,87.5925,76.8761,26.4514,18.6590,1.7380,8.8618,4.1937,146.4623,208.7805,1.0000,0.0000,2.0000,268.0000,0.0000
1591056000000.0000,S14,1.0000,3.0000,1.0000,4.4461,0.6651,87.5925,76.8761,26.4514,18.6590,1.7380,8.8618,4.1937,146.4623,208.7805,1.0000,0.0000,2.0000,268.0000,0.0000
1591560000000.0000,S13,1.0000,2.0000,1.0000,4.3572,0.0657,66.9931,56.6000,19.3470,8.9433,1.5424,3.2635,1.5093,62.9882,71.5969,1.0000,20.0000,0.0000,303.0000,0.0000
1591891200000.0000,S13,-1.0000,2.0000,-1.0000,4.0191,0.1717,18.0739,35.4542,21.3817,8.6770,1.3717,2.3188,2.7117,-18.0500,-8.4382,1.0000,16.0000,4.0000,326.0000,1.0000
1591891200000.0000,S14,-1.0000,3.0000,-1.0000,4.0191,0.1717,18.0739,35.4542,21.3817,8.6770,1.3717,2.3188,2.7117,-18.0500,-8.4382,1.0000,16.0000,4.0000,326.0000,1.0000
1592827200000.0000,S14,1.0000,3.0000,1.0000,0.5151,-0.0316,68.5286,58.2692,12.5590,-1.1330,1.0016,1.7769,1.3212,107.1783,102.3042,0.0000,12.0000,1.0000,391.0000,1.0000
1592841600000.0000,S14,1.0000,3.0000,1.0000,0.5394,0.0285,67.9622,60.7024,12.5590,-1.1330,0.9779,1.1934,1.7917,107.0975,103.8533,0.0000,16.0000,1.0000,392.0000,1.0000
1592856000000.0000,S14,1.0000,3.0000,1.0000,0.5845,0.1396,70.9266,65.4095,12.5590,-1.1330,1.0156,0.8215,2.3161,121.6420,118.2272,0.0000,20.0000,1.0000,393.0000,0.0000
1592870400000.0000,S14,1.0000,3.0000,1.0000,0.6652,0.2593,78.5168,71.6795,17.1311,2.8528,1.0897,0.5064,2.0785,130.3052,116.0038,1.0000,0.0000,2.0000,394.0000,0.0000
1593000000000.0000,S13,-1.0000,2.0000,-1.0000,1.0012,0.1749,20.7457,38.9288,16.2484,2.0440,1.1452,2.0288,2.1136,23.6401,17.4226,1.0000,12.0000,3.0000,403.0000,1.0000
1593014400000.0000,S14,-1.0000,3.0000,-1.0000,0.9222,0.0060,22.9627,35.1192,16.2484,2.0440,1.2432,2.8985,2.1844,12.5301,1.7538,1.0000,16.0000,3.0000,404.0000,1.0000
1593619200000.0000,S14,1.0000,3.0000,1.0000,-1.0162,-0.0826,72.7682,62.0014,9.5187,-2.9873,0.9686,1.5386,1.6916,110.9255,101.6655,0.0000,16.0000,3.0000,29.0000,0.0000
1593705600000.0000,S13,-1.0000,2.0000,-1.0000,-0.9818,-0.0465,25.4531,37.1701,10.4950,-2.0828,1.0118,4.3705,1.9738,-15.9705,2.5437,0.0000,16.0000,4.0000,35.0000,0.0000
1594022400000.0000,S14,1.0000,3.0000,1.0000,-1.2725,-0.1144,70.7190,62.2059,8.0037,-3.5106,0.9294,1.9082,2.4601,115.0340,100.2559,0.0000,8.0000,1.0000,57.0000,1.0000
1594224000000.0000,S14,1.0000,3.0000,1.0000,-0.5840,0.2773,68.8688,69.3276,9.9631,-1.3402,0.9358,1.2602,2.3626,89.6702,104.7925,0.0000,16.0000,3.0000,71.0000,0.0000
1594900800000.0000,S14,-1.0000,3.0000,-1.0000,-0.2961,-0.1619,29.8905,32.1945,8.2242,-2.1907,0.7715,0.9522,1.6009,-15.5139,0.7736,0.0000,12.0000,4.0000,118.0000,0.0000
1595318400000.0000,S13,1.0000,2.0000,1.0000,-0.4768,0.0390,80.1298,69.1572,7.1710,-2.2652,0.6189,5.1657,2.6124,145.5409,167.8048,0.0000,8.0000,2.0000,147.0000,1.0000
1595318400000.0000,S14,1.0000,3.0000,1.0000,-0.4768,0.0390,80.1298,69.1572,7.1710,-2.2652,0.6189,5.1657,2.6124,145.5409,167.8048,0.0000,8.0000,2.0000,147.0000,1.0000
1595462400000.0000,S12,1.0000,1.0000,1.0000,0.0422,0.3215,80.0513,74.8514,11.0784,1.7235,0.7333,1.4398,1.8112,107.5750,122.9732,1.0000,0.0000,4.0000,1.0000,1.0000
1595462400000.0000,S13,1.0000,2.0000,1.0000,0.0422,0.3215,80.0513,74.8514,11.0784,1.7235,0.7333,1.4398,1.8112,107.5750,122.9732,1.0000,0.0000,4.0000,1.0000,1.0000
1595462400000.0000,S14,1.0000,3.0000,1.0000,0.0422,0.3215,80.0513,74.8514,11.0784,1.7235,0.7333,1.4398,1.8112,107.5750,122.9732,1.0000,0.0000,4.0000,1.0000,1.0000
1595534400000.0000,S14,1.0000,3.0000,1.0000,0.4403,0.5470,69.3384,77.0680,11.0784,1.7235,0.8155,0.7068,1.6800,94.8490,101.0419,1.0000,20.0000,4.0000,6.0000,1.0000
1595707200000.0000,S14,1.0000,3.0000,1.0000,1.1989,0.4675,66.0651,71.5418,11.0469,2.0019,0.8369,0.7340,1.3450,99.3875,104.7266,1.0000,20.0000,6.0000,18.0000,1.0000
1595764800000.0000,S13,1.0000,2.0000,1.0000,1.5807,0.6979,80.0895,82.5318,12.8381,3.7235,1.0161,1.2702,3.3654,139.3503,182.1828,1.0000,12.0000,0.0000,22.0000,1.0000
1595764800000.0000,S14,1.0000,3.0000,1.0000,1.5807,0.6979,80.0895,82.5318,12.8381,3.7235,1.0161,1.2702,3.3654,139.3503,182.1828,1.0000,12.0000,0.0000,22.0000,1.0000
1595822400000.0000,S13,1.0000,2.0000,1.0000,2.1557,1.0840,78.3031,81.6979,15.4007,6.1346,1.2652,2.5609,2.4837,119.2705,118.3844,1.0000,4.0000,1.0000,26.0000,1.0000
1595822400000.0000,S14,1.0000,3.0000,1.0000,2.1557,1.0840,78.3031,81.6979,15.4007,6.1346,1.2652,2.5609,2.4837,119.2705,118.3844,1.0000,4.0000,1.0000,26.0000,1.0000
1595880000000.0000,S13,1.0000,2.0000,1.0000,3.0479,1.6238,74.4848,85.4864,15.4007,6.1346,1.6688,0.6354,3.0693,122.4724,139.6645,1.0000,20.0000,1.0000,30.0000,1.0000
1595880000000.0000,S14,1.0000,3.0000,1.0000,3.0479,1.6238,74.4848,85.4864,15.4007,6.1346,1.6688,0.6354,3.0693,122.4724,139.6645,1.0000,20.0000,1.0000,30.0000,1.0000
1595894400000.0000,S14,1.0000,3.0000,1.0000,3.4380,1.8765,71.5450,87.7140,27.9251,17.5507,1.9647,1.2561,2.2790,123.2171,112.7148,1.0000,0.0000,2.0000,31.0000,1.0000
1596211200000.0000,S14,1.0000,3.0000,1.0000,8.0834,1.3927,67.2013,69.9714,28.0864,17.3755,1.8398,2.9893,1.4167,123.1238,106.5234,1.0000,16.0000,5.0000,53.0000,1.0000
1596268800000.0000,S14,1.0000,3.0000,1.0000,8.7316,1.6191,73.5662,76.2713,30.5651,19.3508,1.8795,0.9188,1.7834,125.6874,139.1108,1.0000,8.0000,6.0000,57.0000,0.0000
1596312000000.0000,S14,1.0000,3.0000,1.0000,9.3113,1.8026,66.4238,77.5032,30.5651,19.3508,1.8743,1.7187,1.4098,105.9971,107.4278,1.0000,20.0000,6.0000,60.0000,0.0000
1596340800000.0000,S14,1.0000,3.0000,1.0000,9.7481,1.9328,71.7990,81.4906,35.6955,23.6460,1.8622,1.0977,1.1637,102.5590,112.5049,1.0000,4.0000,0.0000,62.0000,0.0000
1596729600000.0000,S14,1.0000,3.0000,1.0000,9.6012,0.9827,63.5347,66.7577,34.2876,21.1623,1.7192,0.9851,1.3944,99.2890,106.1377,1.0000,16.0000,4.0000,89.0000,0.0000
1597032000000.0000,S13,1.0000,2.0000,1.0000,9.3383,0.4343,75.4260,65.5309,32.6518,18.2462,1.4801,1.5990,2.4562,126.0763,122.6571,1.0000,4.0000,1.0000,110.0000,0.0000
1597032000000.0000,S14,1.0000,3.0000,1.0000,9.3383,0.4343,75.4260,65.5309,32.6518,18.2462,1.4801,1.5990,2.4562,126.0763,122.6571,1.0000,4.0000,1.0000,110.0000,0.0000
1597464000000.0000,S14,1.0000,3.0000,1.0000,7.4035,0.3473,64.3584,62.2910,32.3686,16.3961,1.5001,0.5657,0.9759,99.0559,105.8897,1.0000,4.0000,6.0000,140.0000,1.0000
1597680000000.0000,S13,1.0000,2.0000,1.0000,7.1278,0.4628,83.9071,73.3394,33.6793,16.5953,1.5161,3.3649,3.5796,142.0504,214.1978,1.0000,16.0000,1.0000,155.0000,0.0000
1597680000000.0000,S14,1.0000,3.0000,1.0000,7.1278,0.4628,83.9071,73.3394,33.6793,16.5953,1.5161,3.3649,3.5796,142.0504,214.1978,1.0000,16.0000,1.0000,155.0000,0.0000
1598385600000.0000,S14,-1.0000,3.0000,-1.0000,3.8110,-0.3438,26.9834,29.4348,30.4634,10.3782,1.2817,0.8221,2.3025,-24.1667,-8.5878,1.0000,20.0000,2.0000,204.0000,0.0000
1598760000000.0000,S14,1.0000,3.0000,1.0000,2.0572,-0.0426,64.8142,57.9729,26.8231,5.6323,1.0793,1.0394,1.0720,98.8765,106.7616,1.0000,4.0000,0.0000,230.0000,1.0000
1598832000000.0000,S14,1.0000,3.0000,1.0000,2.0731,0.1588,66.3297,63.5194,29.4374,7.4022,0.9933,1.4803,1.0044,99.2047,106.9018,1.0000,0.0000,1.0000,235.0000,0.0000
1598889600000.0000,S14,1.0000,3.0000,1.0000,2.1131,0.2208,64.5947,62.6862,29.4374,7.4022,0.9892,1.2042,2.0566,97.8475,102.8421,1.0000,16.0000,1.0000,239.0000,0.0000
1598947200000.0000,S13,1.0000,2.0000,1.0000,2.1995,0.2890,75.8889,68.5539,28.6551,6.3789,1.0794,1.8192,1.9412,116.8190,129.6667,1.0000,8.0000,2.0000,243.0000,0.0000
1598947200000.0000,S14,1.0000,3.0000,1.0000,2.1995,0.2890,75.8889,68.5539,28.6551,6.3789,1.0794,1.8192,1.9412,116.8190,129.6667,1.0000,8.0000,2.0000,243.0000,0.0000
1598976000000.0000,S14,1.0000,3.0000,1.0000,2.3336,0.4142,73.1591,70.4590,28.6551,6.3789,1.1340,1.9639,1.8384,110.8218,112.4231,1.0000,16.0000,2.0000,245.0000,0.0000
1599048000000.0000,S13,-1.0000,2.0000,-1.0000,2.3668,0.2065,22.1850,37.8190,31.5495,8.3368,1.5155,3.9434,2.4208,-3.5265,-7.3627,1.0000,12.0000,3.0000,250.0000,1.0000
1599048000000.0000,S14,-1.0000,3.0000,-1.0000,2.3668,0.2065,22.1850,37.8190,31.5495,8.3368,1.5155,3.9434,2.4208,-3.5265,-7.3627,1.0000,12.0000,3.0000,250.0000,1.0000
1599148800000.0000,S13,-1.0000,2.0000,-1.0000,1.5574,-0.6807,21.5840,22.5865,25.5607,3.0898,2.1045,2.8894,3.1089,-23.8802,-57.2394,1.0000,16.0000,4.0000,257.0000,1.0000
1599148800000.0000,S14,-1.0000,3.0000,-1.0000,1.5574,-0.6807,21.5840,22.5865,25.5607,3.0898,2.1045,2.8894,3.1089,-23.8802,-57.2394,1.0000,16.0000,4.0000,257.0000,1.0000
1599969600000.0000,S14,1.0000,3.0000,1.0000,-4.3243,0.0251,73.7373,62.3834,14.7537,-7.1390,1.2735,1.8554,0.8712,107.3424,110.9231,0.0000,4.0000,0.0000,52.0000,1.0000
1599998400000.0000,S13,-1.0000,2.0000,-1.0000,-4.2388,0.0826,36.2701,48.3743,14.7537,-7.1390,1.3340,2.2980,1.3966,46.3185,52.9021,0.0000,12.0000,0.0000,54.0000,0.0000
1600099200000.0000,S13,1.0000,2.0000,1.0000,-3.9758,0.0725,77.2704,66.5115,13.4692,-8.2036,1.3428,1.7993,2.8511,128.0099,137.2524,0.0000,16.0000,1.0000,61.0000,1.0000
1600099200000.0000,S14,1.0000,3.0000,1.0000,-3.9758,0.0725,77.2704,66.5115,13.4692,-8.2036,1.3428,1.7993,2.8511,128.0099,137.2524,0.0000,16.0000,1.0000,61.0000,1.0000
1600142400000.0000,S14,1.0000,3.0000,1.0000,-3.6471,0.4311,70.3601,67.6895,17.0724,-5.3170,1.3406,0.5517,1.1768,101.6492,99.3836,0.0000,4.0000,2.0000,64.0000,1.0000
1600272000000.0000,S14,1.0000,3.0000,1.0000,-2.5551,0.6542,66.8345,74.2358,18.1823,-4.2681,1.3637,1.9911,1.4527,91.5182,110.0933,0.0000,16.0000,3.0000,73.0000,0.0000
1600516800000.0000,S13,1.0000,2.0000,1.0000,-1.0121,0.4466,70.8715,67.6003,19.3566,-2.9056,1.1400,2.5729,1.0161,118.3460,103.3976,0.0000,12.0000,6.0000,90.0000,0.0000
1600516800000.0000,S14,1.0000,3.0000,1.0000,-1.0121,0.4466,70.8715,67.6003,19.3566,-2.9056,1.1400,2.5729,1.0161,118.3460,103.3976,0.0000,12.0000,6.0000,90.0000,0.0000
1600689600000.0000,S13,-1.0000,2.0000,-1.0000,-0.4869,0.0783,22.1022,36.4584,18.9220,-2.8260,1.2839,2.1021,2.7316,-32.1933,-26.9292,0.0000,12.0000,1.0000,102.0000,1.0000
1600689600000.0000,S14,-1.0000,3.0000,-1.0000,-0.4869,0.0783,22.1022,36.4584,18.9220,-2.8260,1.2839,2.1021,2.7316,-32.1933,-26.9292,0.0000,12.0000,1.0000,102.0000,1.0000
1600704000000.0000,S14,-1.0000,3.0000,-1.0000,-0.5894,-0.0889,16.6486,29.5502,18.9220,-2.8260,1.4477,1.4450,2.6036,-30.8808,-27.3412,0.0000,16.0000,1.0000,103.0000,0.0000
1600891200000.0000,S14,-1.0000,3.0000,-1.0000,-1.4604,-0.4828,28.1072,32.7826,14.4955,-6.0777,1.2812,3.4210,1.3674,19.8567,3.7718,0.0000,20.0000,3.0000,116.0000,0.0000
1600905600000.0000,S14,-1.0000,3.0000,-1.0000,-1.5588,-0.5502,28.8794,30.9843,11.2803,-8.4928,1.3325,0.6524,1.3097,11.3917,-4.6977,0.0000,0.0000,4.0000,117.0000,0.0000
1601265600000.0000,S14,1.0000,3.0000,1.0000,-0.9941,0.1837,66.4423,63.8086,16.3656,-3.0502,1.0859,0.8639,1.6064,125.5960,123.6153,0.0000,4.0000,1.0000,142.0000,0.0000
1601942400000.0000,S14,1.0000,3.0000,1.0000,-0.7326,0.1319,69.2539,64.1706,13.9327,-1.4104,0.7852,1.0770,1.0275,104.8723,102.6901,0.0000,0.0000,2.0000,189.0000,0.0000
1602014400000.0000,S13,-1.0000,2.0000,-1.0000,-0.6562,0.0576,30.8600,41.9656,13.9327,-1.4104,0.9187,2.2092,2.0704,22.8387,24.7450,0.0000,20.0000,2.0000,194.0000,0.0000
1602172800000.0000,S13,1.0000,2.0000,1.0000,-0.6212,0.0502,78.1783,66.9743,12.0797,-2.0299,0.9232,2.0938,2.9907,119.2712,136.1709,0.0000,16.0000,4.0000,205.0000,1.0000
1602172800000.0000,S14,1.0000,3.0000,1.0000,-0.6212,0.0502,78.1783,66.9743,12.0797,-2.0299,0.9232,2.0938,2.9907,119.2712,136.1709,0.0000,16.0000,4.0000,205.0000,1.0000
1602244800000.0000,S14,1.0000,3.0000,1.0000,-0.2562,0.4593,74.9060,71.5324,14.4957,0.5037,0.9656,3.3310,1.6689,108.4085,124.0000,1.0000,12.0000,5.0000,210.0000,1.0000
1602288000000.0000,S12,1.0000,1.0000,1.0000,0.0221,0.5750,63.4984,68.5430,15.5289,1.8046,0.9142,0.7518,0.6423,87.9520,91.2687,1.0000,0.0000,6.0000,1.0000,1.0000
1603123200000.0000,S13,1.0000,2.0000,1.0000,2.8746,0.3603,86.5898,73.1624,17.5179,6.1643,0.9707,3.0829,3.2860,140.1439,176.4955,1.0000,16.0000,1.0000,59.0000,1.0000
1603123200000.0000,S14,1.0000,3.0000,1.0000,2.8746,0.3603,86.5898,73.1624,17.5179,6.1643,0.9707,3.0829,3.2860,140.1439,176.4955,1.0000,16.0000,1.0000,59.0000,1.0000
1603252800000.0000,S13,1.0000,2.0000,1.0000,3.6074,0.8572,77.1008,79.2978,21.0477,9.8582,1.2135,2.0773,2.1034,110.7954,121.0908,1.0000,4.0000,3.0000,68.0000,1.0000
1603252800000.0000,S14,1.0000,3.0000,1.0000,3.6074,0.8572,77.1008,79.2978,21.0477,9.8582,1.2135,2.0773,2.1034,110.7954,121.0908,1.0000,4.0000,3.0000,68.0000,1.0000
1603281600000.0000,S14,1.0000,3.0000,1.0000,3.9194,1.0670,74.5403,82.4251,21.0477,9.8582,1.2720,1.4090,1.3606,104.3462,103.6647,1.0000,12.0000,3.0000,70.0000,1.0000
1603296000000.0000,S13,1.0000,2.0000,1.0000,4.1820,1.3050,85.4886,87.7044,21.0477,9.8582,1.4555,1.3621,2.8526,121.1384,139.1560,1.0000,16.0000,3.0000,71.0000,1.0000
1603296000000.0000,S14,1.0000,3.0000,1.0000,4.1820,1.3050,85.4886,87.7044,21.0477,9.8582,1.4555,1.3621,2.8526,121.1384,139.1560,1.0000,16.0000,3.0000,71.0000,1.0000
1603598400000.0000,S14,1.0000,3.0000,1.0000,7.8284,1.3418,75.1878,78.9891,31.6806,19.2087,1.3718,2.5941,0.7904,113.6931,113.0490,1.0000,4.0000,0.0000,92.0000,1.0000
1603800000000.0000,S13,1.0000,2.0000,1.0000,8.4685,0.8256,77.4555,70.5200,30.3342,17.4589,1.4524,3.3978,2.3382,117.3127,108.3761,1.0000,12.0000,2.0000,106.0000,1.0000
1603800000000.0000,S14,1.0000,3.0000,1.0000,8.4685,0.8256,77.4555,70.5200,30.3342,17.4589,1.4524,3.3978,2.3382,117.3127,108.3761,1.0000,12.0000,2.0000,106.0000,1.0000
1603814400000.0000,S14,1.0000,3.0000,1.0000,8.6014,0.9804,78.4131,74.0668,30.3342,17.4589,1.4927,2.6714,2.1058,124.4022,113.0847,1.0000,16.0000,2.0000,107.0000,0.0000
1603828800000.0000,S14,1.0000,3.0000,1.0000,8.7350,1.1286,76.6130,75.0335,30.3342,17.4589,1.5084,0.6393,2.0199,113.9055,102.3083,1.0000,20.0000,2.0000,108.0000,0.0000
1603987200000.0000,S13,1.0000,2.0000,1.0000,8.9335,0.4636,59.9898,57.2271,31.6080,18.0265,1.9066,1.3889,1.5264,59.7700,58.0175,1.0000,16.0000,4.0000,119.0000,1.0000
1604145600000.0000,S14,1.0000,3.0000,1.0000,9.0645,0.7852,68.6326,67.4876,33.6417,19.2686,1.9593,1.0687,2.2366,108.0863,102.2090,1.0000,12.0000,6.0000,130.0000,1.0000
1604448000000.0000,S14,1.0000,3.0000,1.0000,8.6944,0.4087,74.0547,64.6729,36.3608,20.5266,1.6939,2.7658,1.6275,99.8587,105.4653,1.0000,0.0000,3.0000,151.0000,1.0000
1604520000000.0000,S14,1.0000,3.0000,1.0000,8.6530,0.5426,69.0078,62.1065,36.3608,20.5266,1.8270,0.4816,2.0795,107.4149,108.0040,1.0000,20.0000,3.0000,156.0000,1.0000
1604548800000.0000,S14,1.0000,3.0000,1.0000,8.7810,0.7758,72.2411,66.4148,37.0728,20.8643,1.8481,1.1032,1.0731,103.0834,101.1824,1.0000,4.0000,4.0000,158.0000,1.0000
1604563200000.0000,S14,1.0000,3.0000,1.0000,8.8902,0.9644,77.0334,69.4069,37.0728,20.8643,1.8140,1.6981,1.2599,112.2594,112.2996,1.0000,8.0000,4.0000,159.0000,1.0000
1604577600000.0000,S14,1.0000,3.0000,1.0000,9.0445,1.1597,81.5400,73.1854,37.0728,20.8643,1.8543,1.8961,1.6548,113.1216,117.5373,1.0000,12.0000,4.0000,160.0000,1.0000
1604592000000.0000,S14,1.0000,3.0000,1.0000,9.2685,1.3958,84.3175,77.6462,37.0728,20.8643,1.9165,1.8120,2.3105,126.8202,135.2005,1.0000,16.0000,4.0000,161.0000,0.0000
1604620800000.0000,S14,1.0000,3.0000,1.0000,9.7922,1.9238,80.5497,82.3937,50.4689,32.1736,2.2964,1.6130,1.5216,109.2194,110.5409,1.0000,0.0000,5.0000,163.0000,0.0000
1604779200000.0000,S13,-1.0000,2.0000,-1.0000,11.6126,1.3832,22.3844,45.9759,49.7389,31.0568,2.6219,3.3497,1.7138,26.0193,39.0832,1.0000,20.0000,6.0000,174.0000,0.0000
1604937600000.0000,S13,-1.0000,2.0000,-1.0000,11.8724,1.0607,38.4284,48.6214,47.5736,28.3868,2.7450,2.2064,2.4313,20.6807,41.6933,1.0000,16.0000,1.0000,185.0000,0.0000
1605225600000.0000,S14,1.0000,3.0000,1.0000,12.0412,1.1894,66.4614,68.2149,53.0000,30.7180,2.0667,0.6959,1.0668,107.5247,107.4756,1.0000,0.0000,5.0000,205.0000,1.0000
1605240000000.0000,S14,1.0000,3.0000,1.0000,12.1568,1.2887,69.1434,70.3096,53.0000,30.7180,1.9974,0.4864,1.0575,104.2832,104.9070,1.0000,4.0000,5.0000,206.0000,1.0000
1605556800000.0000,S14,1.0000,3.0000,1.0000,11.8132,0.8173,80.1702,70.1571,48.1815,24.7880,1.6256,1.4384,2.2781,126.7497,139.4431,1.0000,20.0000,1.0000,228.0000,1.0000
1605614400000.0000,S14,1.0000,3.0000,1.0000,12.0214,1.1856,69.9620,70.1857,54.6261,29.5015,1.6331,2.3907,1.6259,108.0304,112.0223,1.0000,12.0000,2.0000,232.0000,1.0000
1605628800000.0000,S14,1.0000,3.0000,1.0000,12.1633,1.2711,73.4743,74.6034,54.6261,29.5015,1.6771,2.1463,2.3672,112.0322,124.3564,1.0000,16.0000,2.0000,233.0000,1.0000
1605643200000.0000,S14,1.0000,3.0000,1.0000,12.3632,1.4594,73.6189,78.4242,54.6261,29.5015,1.7842,1.3029,3.0611,111.7703,115.1773,1.0000,20.0000,2.0000,234.0000,1.0000
1605672000000.0000,S14,1.0000,3.0000,1.0000,12.7766,1.9155,76.3221,80.9000,62.7115,35.3692,1.7883,1.1116,1.3078,105.9360,107.3350,1.0000,4.0000,3.0000,236.0000,1.0000
1605888000000.0000,S14,1.0000,3.0000,1.0000,14.4788,1.5698,72.0280,72.4641,62.7055,33.6089,2.2329,1.9526,1.1238,109.1160,111.5445,1.0000,16.0000,5.0000,251.0000,0.0000
1606219200000.0000,S13,1.0000,2.0000,1.0000,14.7236,0.7736,68.3324,64.8482,65.0709,31.5811,2.1553,1.0713,2.1469,113.4136,108.6049,1.0000,12.0000,2.0000,274.0000,0.0000
1606219200000.0000,S14,1.0000,3.0000,1.0000,14.7236,0.7736,68.3324,64.8482,65.0709,31.5811,2.1553,1.0713,2.1469,113.4136,108.6049,1.0000,12.0000,2.0000,274.0000,0.0000
1606233600000.0000,S14,1.0000,3.0000,1.0000,14.8140,0.9436,73.0253,68.5633,65.0709,31.5811,2.1316,1.1741,1.7436,122.1716,119.3038,1.0000,16.0000,2.0000,275.0000,0.0000
1606363200000.0000,S13,-1.0000,2.0000,-1.0000,14.5321,0.6627,23.0926,38.9789,66.8364,31.0018,2.8584,3.8079,1.9231,3.1808,-2.3656,1.0000,4.0000,4.0000,284.0000,1.0000
1606363200000.0000,S14,-1.0000,3.0000,-1.0000,14.5321,0.6627,23.0926,38.9789,66.8364,31.0018,2.8584,3.8079,1.9231,3.1808,-2.3656,1.0000,4.0000,4.0000,284.0000,1.0000
1606392000000.0000,S14,-1.0000,3.0000,-1.0000,13.9018,-0.1716,27.3947,30.5507,66.8364,31.0018,3.3973,1.1786,2.4765,-18.8036,-7.2042,1.0000,12.0000,4.0000,286.0000,0.0000
1606708800000.0000,S14,1.0000,3.0000,1.0000,9.5678,0.5134,72.0295,64.0607,59.6017,22.7525,2.2758,0.8294,1.0823,96.7688,107.2609,1.0000,4.0000,1.0000,308.0000,1.0000
1606723200000.0000,S14,1.0000,3.0000,1.0000,9.6066,0.6106,71.2909,64.6213,59.6017,22.7525,2.2040,1.3826,0.6604,88.9443,95.2244,1.0000,8.0000,1.0000,309.0000,1.0000
1606752000000.0000,S14,1.0000,3.0000,1.0000,9.7780,0.9408,73.8909,72.0410,59.6017,22.7525,2.3727,3.6034,3.5444,112.3494,138.0777,1.0000,16.0000,1.0000,311.0000,0.0000
1607472000000.0000,S14,-1.0000,3.0000,-1.0000,8.5606,-0.1799,26.5263,33.1831,54.9540,13.2126,1.7419,2.5082,2.1667,-34.9834,-42.0392,1.0000,0.0000,3.0000,361.0000,0.0000
1607500800000.0000,S14,-1.0000,3.0000,-1.0000,8.1221,-0.5074,23.8922,27.2978,54.9540,13.2126,1.8387,1.7370,1.5065,-12.1660,0.3607,1.0000,8.0000,3.0000,363.0000,0.0000
1607688000000.0000,S14,-1.0000,3.0000,-1.0000,5.9866,-0.6711,31.6376,32.2199,53.1429,11.1213,2.0261,1.2526,1.3008,8.6337,6.2985,1.0000,12.0000,5.0000,376.0000,0.0000
1607803200000.0000,S14,1.0000,3.0000,1.0000,5.2456,-0.0284,72.9731,58.6889,50.7355,9.1203,1.7735,1.5620,1.1550,103.1668,114.3173,1.0000,20.0000,6.0000,384.0000,1.0000
1607846400000.0000,S14,1.0000,3.0000,1.0000,5.2909,0.3172,79.1471,65.7369,56.5367,12.9872,1.7107,3.1301,1.2884,114.0242,123.4675,1.0000,8.0000,0.0000,387.0000,1.0000
1607860800000.0000,S14,1.0000,3.0000,1.0000,5.3593,0.4995,80.6423,66.7107,56.5367,12.9872,1.6537,0.9175,1.1609,106.2612,101.6067,1.0000,12.0000,0.0000,388.0000,1.0000
1608004800000.0000,S14,1.0000,3.0000,1.0000,5.6567,0.5386,67.6784,67.0079,59.0999,14.0902,1.4624,0.8681,1.4824,82.2153,103.0282,1.0000,4.0000,2.0000,398.0000,1.0000
1608120000000.0000,S14,1.0000,3.0000,1.0000,5.8833,0.6166,68.5316,66.4855,59.7062,14.1363,1.4308,2.3535,1.8839,125.4722,122.5538,1.0000,12.0000,3.0000,406.0000,1.0000
1608134400000.0000,S13,1.0000,2.0000,1.0000,6.0914,0.8265,86.0376,77.8691,59.7062,14.1363,1.6558,1.8078,3.6142,148.9420,175.7000,1.0000,16.0000,3.0000,407.0000,1.0000
1608134400000.0000,S14,1.0000,3.0000,1.0000,6.0914,0.8265,86.0376,77.8691,59.7062,14.1363,1.6558,1.8078,3.6142,148.9420,175.7000,1.0000,16.0000,3.0000,407.0000,1.0000
1608163200000.0000,S13,1.0000,2.0000,1.0000,6.5864,1.4346,82.2190,82.7890,74.5659,24.2289,1.7624,1.3092,2.0225,126.2690,127.4853,1.0000,0.0000,4.0000,409.0000,1.0000
1608163200000.0000,S14,1.0000,3.0000,1.0000,6.5864,1.4346,82.2190,82.7890,74.5659,24.2289,1.7624,1.3092,2.0225,126.2690,127.4853,1.0000,0.0000,4.0000,409.0000,1.0000
1608177600000.0000,S14,1.0000,3.0000,1.0000,6.9227,1.8591,80.1379,85.0280,74.5659,24.2289,1.9099,1.1788,1.9249,120.3650,110.2148,1.0000,4.0000,4.0000,410.0000,1.0000
1608192000000.0000,S13,1.0000,2.0000,1.0000,7.3526,2.3494,83.1526,87.9580,74.5659,24.2289,1.9500,0.8401,1.5274,121.5545,113.8156,1.0000,8.0000,4.0000,411.0000,1.0000
1608192000000.0000,S14,1.0000,3.0000,1.0000,7.3526,2.3494,83.1526,87.9580,74.5659,24.2289,1.9500,0.8401,1.5274,121.5545,113.8156,1.0000,8.0000,4.0000,411.0000,1.0000
1608552000000.0000,S13,-1.0000,2.0000,-1.0000,13.8228,1.7296,33.2993,47.7491,87.7375,30.6239,2.9643,1.7415,2.2839,8.6173,11.2005,1.0000,12.0000,1.0000,436.0000,0.0000
1608897600000.0000,S13,1.0000,2.0000,1.0000,13.4339,0.9381,76.6562,66.5968,85.8617,26.7801,2.3902,3.7446,1.6614,121.1395,123.7061,1.0000,12.0000,5.0000,460.0000,1.0000
1608897600000.0000,S14,1.0000,3.0000,1.0000,13.4339,0.9381,76.6562,66.5968,85.8617,26.7801,2.3902,3.7446,1.6614,121.1395,123.7061,1.0000,12.0000,5.0000,460.0000,1.0000
1608940800000.0000,S14,1.0000,3.0000,1.0000,13.6157,1.2783,69.1404,64.3922,92.4380,30.7589,2.4369,1.1498,0.7363,100.9138,96.1076,1.0000,0.0000,6.0000,463.0000,1.0000
1608955200000.0000,S14,1.0000,3.0000,1.0000,13.7267,1.4434,69.0169,66.0499,92.4380,30.7589,2.3971,0.9787,0.9330,101.2187,101.8974,1.0000,4.0000,6.0000,464.0000,1.0000
1608998400000.0000,S14,1.0000,3.0000,1.0000,14.0604,1.6382,75.9631,70.9877,92.4380,30.7589,2.2874,2.1589,1.3276,112.0324,130.6911,1.0000,16.0000,6.0000,467.0000,1.0000
1609012800000.0000,S14,1.0000,3.0000,1.0000,14.2602,1.7770,73.6922,73.0027,92.4380,30.7589,2.2310,0.8180,1.3696,104.6682,107.7852,1.0000,20.0000,6.0000,468.0000,1.0000
1609027200000.0000,S14,1.0000,3.0000,1.0000,14.5185,1.9710,73.3258,76.3125,104.9717,38.5816,2.3011,0.8133,1.8971,110.5731,117.8929,1.0000,0.0000,0.0000,469.0000,1.0000
1609056000000.0000,S13,1.0000,2.0000,1.0000,15.1357,2.5728,81.0501,81.6147,104.9717,38.5816,2.3393,0.9733,1.4050,112.3337,118.7929,1.0000,8.0000,0.0000,471.0000,0.0000
1609056000000.0000,S14,1.0000,3.0000,1.0000,15.1357,2.5728,81.0501,81.6147,104.9717,38.5816,2.3393,0.9733,1.4050,112.3337,118.7929,1.0000,8.0000,0.0000,471.0000,0.0000
1609358400000.0000,S14,1.0000,3.0000,1.0000,17.7822,2.1351,74.0714,69.3076,107.6829,38.1684,2.7918,1.7362,1.1145,105.2973,103.7316,1.0000,20.0000,3.0000,492.0000,1.0000
1609387200000.0000,S14,1.0000,3.0000,1.0000,18.1314,2.1711,66.9517,70.8267,117.3876,43.7196,2.7826,0.6731,1.2020,96.2554,98.9663,1.0000,4.0000,4.0000,494.0000,1.0000
1609574400000.0000,S14,1.0000,3.0000,1.0000,19.1960,1.6621,66.4906,70.2111,117.5875,42.2683,2.3050,1.3854,0.8143,99.0032,107.5874,1.0000,8.0000,6.0000,507.0000,1.0000
1609603200000.0000,S13,1.0000,2.0000,1.0000,19.5367,1.9894,79.7375,81.7826,117.5875,42.2683,2.4108,1.7075,2.7228,142.6245,175.6499,1.0000,16.0000,6.0000,509.0000,1.0000
1609603200000.0000,S14,1.0000,3.0000,1.0000,19.5367,1.9894,79.7375,81.7826,117.5875,42.2683,2.4108,1.7075,2.7228,142.6245,175.6499,1.0000,16.0000,6.0000,509.0000,1.0000
1609617600000.0000,S13,1.0000,2.0000,1.0000,19.9466,2.4391,86.1216,85.8553,117.5875,42.2683,2.5471,1.2258,2.6226,127.7848,120.4076,1.0000,20.0000,6.0000,510.0000,0.0000
1609617600000.0000,S14,1.0000,3.0000,1.0000,19.9466,2.4391,86.1216,85.8553,117.5875,42.2683,2.5471,1.2258,2.6226,127.7848,120.4076,1.0000,20.0000,6.0000,510.0000,0.0000
1609660800000.0000,S13,1.0000,2.0000,1.0000,21.0044,3.5740,74.5274,81.8519,136.7154,53.7109,3.0970,1.1328,1.7709,115.1458,119.7294,1.0000,8.0000,0.0000,513.0000,0.0000
1609660800000.0000,S14,1.0000,3.0000,1.0000,21.0044,3.5740,74.5274,81.8519,136.7154,53.7109,3.0970,1.1328,1.7709,115.1458,119.7294,1.0000,8.0000,0.0000,513.0000,0.0000
1609977600000.0000,S14,1.0000,3.0000,1.0000,23.2853,2.8254,70.4402,73.3367,161.0605,64.7338,4.1495,0.9880,1.2618,107.6548,112.1093,1.0000,0.0000,4.0000,535.0000,1.0000
1609992000000.0000,S14,1.0000,3.0000,1.0000,23.6513,3.0558,72.1921,75.3486,161.0605,64.7338,4.0407,0.9054,0.9381,103.6494,103.4596,1.0000,4.0000,4.0000,536.0000,1.0000
1610020800000.0000,S14,1.0000,3.0000,1.0000,24.2611,3.4413,67.3800,73.4345,161.0605,64.7338,3.8859,0.8745,0.8144,99.1965,103.6463,1.0000,12.0000,4.0000,538.0000,0.0000
1610035200000.0000,S14,1.0000,3.0000,1.0000,24.6873,3.8142,74.6782,76.5397,161.0605,64.7338,3.7722,1.0543,1.0682,101.9506,112.6132,1.0000,16.0000,4.0000,539.0000,0.0000
1610049600000.0000,S14,1.0000,3.0000,1.0000,25.0837,3.9258,67.7357,76.7729,161.0605,64.7338,4.2226,1.6561,1.8892,94.3751,100.3837,1.0000,20.0000,4.0000,540.0000,0.0000
1610107200000.0000,S14,1.0000,3.0000,1.0000,26.4907,4.0366,68.7200,76.9878,177.0035,73.3014,4.4793,1.4848,1.2690,97.6018,109.6252,1.0000,12.0000,5.0000,544.0000,0.0000
1610380800000.0000,S14,-1.0000,3.0000,-1.0000,25.8634,-0.8418,27.6281,27.9540,159.7648,58.7813,7.2566,1.1082,2.4858,-13.3568,-5.7161,1.0000,16.0000,1.0000,563.0000,0.0000
1610640000000.0000,S14,1.0000,3.0000,1.0000,20.7759,1.3612,73.1886,62.7742,147.7652,49.2202,5.0271,1.5220,1.0419,106.7676,112.2713,1.0000,16.0000,4.0000,581.0000,0.0000
1611590400000.0000,S14,1.0000,3.0000,1.0000,5.3256,-0.2091,70.0002,58.0379,95.5474,12.6189,3.5414,0.9580,1.6613,107.1499,115.3337,1.0000,16.0000,1.0000,647.0000,0.0000
1611748800000.0000,S14,-1.0000,3.0000,-1.0000,3.3194,-0.8778,33.7520,38.3560,94.0897,11.3088,3.7825,1.6654,1.2486,0.9650,-5.9545,1.0000,12.0000,3.0000,658.0000,0.0000
1611763200000.0000,S14,-1.0000,3.0000,-1.0000,3.0374,-1.0665,37.9284,36.8055,94.0897,11.3088,3.9653,1.8177,1.9275,3.1338,-4.8256,1.0000,16.0000,3.0000,659.0000,0.0000
1611921600000.0000,S13,1.0000,2.0000,1.0000,2.4479,0.7082,74.7229,69.2609,96.7940,12.3153,4.2997,1.2076,3.8301,135.5602,151.9316,1.0000,12.0000,5.0000,670.0000,0.0000
1611921600000.0000,S14,1.0000,3.0000,1.0000,2.4479,0.7082,74.7229,69.2609,96.7940,12.3153,4.2997,1.2076,3.8301,135.5602,151.9316,1.0000,12.0000,5.0000,670.0000,0.0000
1612296000000.0000,S14,1.0000,3.0000,1.0000,3.4167,0.6905,70.3975,63.9422,92.1753,8.4168,3.3077,1.2133,1.0611,123.2374,106.3974,1.0000,20.0000,2.0000,696.0000,1.0000
1612324800000.0000,S14,1.0000,3.0000,1.0000,3.7551,1.1087,70.6237,66.0680,101.7731,13.5012,3.1050,0.8341,1.0746,120.7085,118.5464,1.0000,4.0000,3.0000,698.0000,1.0000
1612368000000.0000,S14,1.0000,3.0000,1.0000,4.2988,1.4162,68.8472,66.5707,101.7731,13.5012,2.9206,1.2750,1.1423,102.3005,103.8228,1.0000,16.0000,3.0000,701.0000,1.0000
1612396800000.0000,S14,1.0000,3.0000,1.0000,4.7506,1.5890,72.3123,69.8725,112.3018,19.0044,2.7568,0.8374,0.8850,103.2466,112.4475,1.0000,0.0000,4.0000,703.0000,1.0000
1612584000000.0000,S14,1.0000,3.0000,1.0000,7.0196,1.5897,72.1351,70.1561,112.6785,18.7913,2.6323,1.1411,1.8477,106.0834,111.0748,1.0000,4.0000,6.0000,716.0000,1.0000
1612612800000.0000,S14,1.0000,3.0000,1.0000,7.5528,1.8851,75.8340,73.4795,112.6785,18.7913,2.5635,1.8285,1.3151,114.4396,114.0637,1.0000,12.0000,6.0000,718.0000,1.0000
1612627200000.0000,S14,1.0000,3.0000,1.0000,7.8847,2.1670,77.0495,75.9245,112.6785,18.7913,2.5243,1.2460,1.0958,113.3330,108.2341,1.0000,16.0000,6.0000,719.0000,0.0000
1612800000000.0000,S13,1.0000,2.0000,1.0000,9.3631,1.5259,82.5729,74.0776,112.0077,18.0841,3.2980,1.8266,3.5739,141.6319,180.0227,1.0000,16.0000,1.0000,731.0000,1.0000
1612800000000.0000,S14,1.0000,3.0000,1.0000,9.3631,1.5259,82.5729,74.0776,112.0077,18.0841,3.2980,1.8266,3.5739,141.6319,180.0227,1.0000,16.0000,1.0000,731.0000,1.0000
1613548800000.0000,S14,1.0000,3.0000,1.0000,17.8784,1.3652,71.5260,68.2734,146.2072,33.0207,2.8207,1.6687,1.3497,109.3109,102.3308,1.0000,8.0000,3.0000,783.0000,1.0000
1613563200000.0000,S14,1.0000,3.0000,1.0000,17.9869,1.5052,69.5167,68.9121,146.2072,33.0207,2.7375,0.9101,1.1912,111.2590,101.4991,1.0000,12.0000,3.0000,784.0000,1.0000
1613592000000.0000,S14,1.0000,3.0000,1.0000,18.2129,1.8517,74.6912,71.8753,146.2072,33.0207,2.6891,1.2833,0.9316,104.9402,106.1815,1.0000,20.0000,3.0000,786.0000,1.0000
1613736000000.0000,S14,1.0000,3.0000,1.0000,18.6375,1.4172,67.1140,69.1893,153.2036,36.0768,2.2624,0.9430,1.0789,82.8706,99.2987,1.0000,12.0000,5.0000,796.0000,1.0000
1613750400000.0000,S14,1.0000,3.0000,1.0000,18.7590,1.5286,76.6644,74.1895,153.2036,36.0768,2.2587,1.8417,1.1172,100.1507,116.9315,1.0000,16.0000,5.0000,797.0000,1.0000
1613764800000.0000,S14,1.0000,3.0000,1.0000,18.9389,1.7436,76.8050,77.9544,153.2036,36.0768,2.3404,1.6975,1.3248,110.9911,119.9206,1.0000,20.0000,5.0000,798.0000,0.0000
1613779200000.0000,S14,1.0000,3.0000,1.0000,19.1595,2.0485,78.5735,80.4508,171.6050,45.4954,2.3330,0.7404,1.1663,114.6089,103.5778,1.0000,0.0000,6.0000,799.0000,0.0000
1613937600000.0000,S14,1.0000,3.0000,1.0000,20.7310,2.2227,64.2042,73.5114,168.3793,43.3488,2.4710,1.0852,0.8378,86.3468,103.1594,1.0000,20.0000,0.0000,810.0000,0.0000
1614528000000.0000,S14,-1.0000,3.0000,-1.0000,8.2045,-1.7643,31.8355,34.9913,108.1999,12.4899,4.6069,1.4095,1.1386,9.2933,1.6510,1.0000,16.0000,0.0000,851.0000,0.0000
1614772800000.0000,S14,1.0000,3.0000,1.0000,6.6820,0.3506,78.0796,63.7878,113.5307,16.5067,3.1464,1.4780,1.5230,98.5406,119.6685,1.0000,12.0000,3.0000,868.0000,0.0000
1615248000000.0000,S14,1.0000,3.0000,1.0000,5.9803,0.7418,67.8357,66.0210,119.8227,21.2697,2.5177,1.2161,1.2134,100.2826,108.8560,1.0000,0.0000,2.0000,901.0000,1.0000
1615262400000.0000,S14,1.0000,3.0000,1.0000,6.1898,1.0388,74.0016,71.3321,119.8227,21.2697,2.5747,1.1882,1.9322,113.9161,126.9125,1.0000,4.0000,2.0000,902.0000,1.0000
1615334400000.0000,S14,1.0000,3.0000,1.0000,7.1439,1.6881,66.4861,73.0936,128.2777,26.0147,2.3205,0.7368,0.7781,93.8235,100.4968,1.0000,0.0000,3.0000,907.0000,1.0000
1615392000000.0000,S14,1.0000,3.0000,1.0000,7.8187,1.6403,68.3396,72.0979,128.2777,26.0147,2.4791,1.2345,1.3740,99.6796,108.5038,1.0000,16.0000,3.0000,911.0000,1.0000
1615406400000.0000,S14,1.0000,3.0000,1.0000,8.0762,1.7146,68.4500,73.2903,128.2777,26.0147,2.4499,1.0466,1.3418,96.6832,103.3995,1.0000,20.0000,3.0000,912.0000,1.0000
1615507200000.0000,S14,1.0000,3.0000,1.0000,9.3038,1.7042,62.5185,70.5791,135.8624,30.1216,2.5006,0.8384,1.0281,98.2702,103.5354,1.0000,0.0000,5.0000,919.0000,0.0000
1615636800000.0000,S13,1.0000,2.0000,1.0000,10.4991,1.5376,76.1152,72.8801,131.4626,27.3666,2.5231,2.7989,2.0084,119.8057,131.2455,1.0000,12.0000,6.0000,928.0000,0.0000
1615636800000.0000,S14,1.0000,3.0000,1.0000,10.4991,1.5376,76.1152,72.8801,131.4626,27.3666,2.5231,2.7989,2.0084,119.8057,131.2455,1.0000,12.0000,6.0000,928.0000,0.0000
1615665600000.0000,S14,1.0000,3.0000,1.0000,10.9745,1.8658,78.5233,74.8207,131.4626,27.3666,2.4390,0.9046,0.8566,117.3331,105.6590,1.0000,20.0000,6.0000,930.0000,0.0000
1615680000000.0000,S14,1.0000,3.0000,1.0000,11.2395,2.1173,73.8232,75.9365,145.0364,34.5046,2.3967,0.6886,1.1044,108.8392,105.1995,1.0000,0.0000,0.0000,931.0000,0.0000
1615795200000.0000,S13,-1.0000,2.0000,-1.0000,12.1965,1.2864,31.9990,48.7989,133.9206,28.1099,2.7234,3.1878,1.6375,38.7867,44.6136,1.0000,8.0000,1.0000,939.0000,1.0000
1615867200000.0000,S14,-1.0000,3.0000,-1.0000,11.4353,-0.1215,29.3986,35.9218,118.6594,19.5904,3.2979,0.6771,1.5236,-0.2559,-3.2430,1.0000,4.0000,2.0000,944.0000,0.0000
1616328000000.0000,S14,-1.0000,3.0000,-1.0000,9.5775,0.1268,31.9864,39.9361,118.5393,18.4935,2.3979,0.9912,1.2326,-16.8681,-5.5827,1.0000,12.0000,0.0000,976.0000,1.0000
1616457600000.0000,S14,-1.0000,3.0000,-1.0000,8.4552,-0.3131,24.0700,30.5677,100.0403,8.3491,2.5427,1.1627,2.1880,-21.3953,-31.3690,1.0000,0.0000,2.0000,985.0000,0.0000
1616630400000.0000,S13,-1.0000,2.0000,-1.0000,6.2695,-0.4823,26.7867,32.9209,90.4282,3.2266,2.8351,0.9855,2.3301,-3.3645,-11.2661,1.0000,0.0000,4.0000,997.0000,0.0000
1616630400000.0000,S14,-1.0000,3.0000,-1.0000,6.2695,-0.4823,26.7867,32.9209,90.4282,3.2266,2.8351,0.9855,2.3301,-3.3645,-11.2661,1.0000,0.0000,4.0000,997.0000,0.0000
1616688000000.0000,S14,-1.0000,3.0000,-1.0000,5.1307,-1.4284,33.4715,29.0238,90.4282,3.2266,2.9114,1.2141,2.1386,-1.4559,-8.9933,1.0000,16.0000,4.0000,1001.0000,0.0000
1617336000000.0000,S14,1.0000,3.0000,1.0000,5.4117,0.6865,66.6938,63.8038,100.3239,10.5112,1.9237,1.1193,1.5115,98.8161,100.0538,1.0000,4.0000,5.0000,1046.0000,0.0000
1617494400000.0000,S13,-1.0000,2.0000,-1.0000,5.5426,0.2756,24.4402,37.6276,91.5428,6.5392,1.8046,1.7318,1.3425,-46.1643,-32.7460,1.0000,0.0000,0.0000,1057.0000,0.0000
1617494400000.0000,S14,-1.0000,3.0000,-1.0000,5.5426,0.2756,24.4402,37.6276,91.5428,6.5392,1.8046,1.7318,1.3425,-46.1643,-32.7460,1.0000,0.0000,0.0000,1057.0000,0.0000
1617796800000.0000,S14,-1.0000,3.0000,-1.0000,4.5448,-0.1152,27.8351,34.0859,90.1477,7.0267,1.8771,3.0773,2.0983,-20.1930,-7.5862,1.0000,12.0000,3.0000,1078.0000,0.0000
1618027200000.0000,S14,1.0000,3.0000,1.0000,3.7475,0.2650,71.0597,62.2544,86.3738,6.5445,1.6168,2.3074,1.0718,104.3107,117.6288,1.0000,4.0000,6.0000,1094.0000,1.0000
1618041600000.0000,S14,1.0000,3.0000,1.0000,3.8465,0.3872,72.1161,69.3620,86.3738,6.5445,1.7408,1.4455,2.5861,117.0911,136.9137,1.0000,8.0000,6.0000,1095.0000,1.0000
1618315200000.0000,S13,1.0000,2.0000,1.0000,4.6979,0.6498,76.7171,74.4782,87.4294,9.2721,1.7029,1.0625,2.4404,137.9256,137.0276,1.0000,12.0000,2.0000,1114.0000,0.0000
1618315200000.0000,S14,1.0000,3.0000,1.0000,4.6979,0.6498,76.7171,74.4782,87.4294,9.2721,1.7029,1.0625,2.4404,137.9256,137.0276,1.0000,12.0000,2.0000,1114.0000,0.0000
1618329600000.0000,S14,1.0000,3.0000,1.0000,4.8583,0.8396,76.9173,75.9677,87.4294,9.2721,1.6929,1.2041,1.5133,129.9176,105.7994,1.0000,16.0000,2.0000,1115.0000,0.0000
1618387200000.0000,S14,1.0000,3.0000,1.0000,5.4663,1.3449,66.5500,77.2843,97.4269,15.6531,1.6545,0.9417,1.3973,100.5934,108.9062,1.0000,8.0000,3.0000,1119.0000,0.0000
1618718400000.0000,S13,-1.0000,2.0000,-1.0000,5.1373,-0.5737,14.3963,23.9602,80.6129,6.9995,3.2819,4.5594,2.3602,-53.7491,-130.1816,1.0000,4.0000,0.0000,1142.0000,1.0000
1618718400000.0000,S14,-1.0000,3.0000,-1.0000,5.1373,-0.5737,14.3963,23.9602,80.6129,6.9995,3.2819,4.5594,2.3602,-53.7491,-130.1816,1.0000,4.0000,0.0000,1142.0000,1.0000
1619092800000.0000,S12,-1.0000,1.0000,-1.0000,-0.0937,-1.1154,52.3666,44.9950,57.6363,-5.1963,3.1244,1.2029,1.1950,41.6062,49.4892,0.0000,12.0000,4.0000,1.0000,1.0000
1619150400000.0000,S14,-1.0000,3.0000,-1.0000,-1.0349,-1.4458,26.2374,31.0790,50.5863,-8.9349,3.8707,1.2341,2.7103,-20.2744,-3.6492,0.0000,4.0000,5.0000,5.0000,0.0000
1619164800000.0000,S14,-1.0000,3.0000,-1.0000,-1.4671,-1.8656,20.1734,26.1848,50.5863,-8.9349,4.1857,1.5560,1.9272,-23.3892,-5.8173,0.0000,8.0000,5.0000,6.0000,0.0000
1619409600000.0000,S13,1.0000,2.0000,1.0000,-4.9343,-1.2462,66.9248,54.2837,40.5225,-13.6867,3.2742,0.8606,1.4624,106.9450,64.5931,0.0000,4.0000,1.0000,23.0000,1.0000
1619438400000.0000,S14,1.0000,3.0000,1.0000,-4.8392,-0.6836,69.8728,58.6346,40.5225,-13.6867,3.0715,0.8475,1.0293,113.6715,109.0420,0.0000,12.0000,1.0000,25.0000,1.0000
1619467200000.0000,S14,1.0000,3.0000,1.0000,-4.6837,0.0311,67.4841,60.2345,40.5225,-13.6867,2.9257,0.9042,1.2038,99.7750,99.1103,0.0000,20.0000,1.0000,27.0000,1.0000
1619798400000.0000,S13,1.0000,2.0000,1.0000,-2.8553,0.2780,80.1199,67.2044,49.6734,-5.9017,2.3545,2.6727,2.2859,128.3201,119.1115,0.0000,16.0000,5.0000,50.0000,0.0000
1619798400000.0000,S14,1.0000,3.0000,1.0000,-2.8553,0.2780,80.1199,67.2044,49.6734,-5.9017,2.3545,2.6727,2.2859,128.3201,119.1115,0.0000,16.0000,5.0000,50.0000,0.0000
1619827200000.0000,S14,1.0000,3.0000,1.0000,-2.4505,0.7910,75.0709,68.4592,60.2081,1.3740,2.3339,1.2311,0.9730,112.5117,107.7567,1.0000,0.0000,6.0000,52.0000,0.0000
1619841600000.0000,S14,1.0000,3.0000,1.0000,-2.2181,1.0391,73.6111,70.1235,60.2081,1.3740,2.2847,0.4585,1.0487,104.9540,101.5066,1.0000,4.0000,6.0000,53.0000,0.0000
1620028800000.0000,S14,1.0000,3.0000,1.0000,-0.4466,0.7215,71.0956,65.7529,55.1372,-0.4460,1.9801,2.4096,1.1212,84.6558,104.1586,0.0000,8.0000,1.0000,66.0000,0.0000
1620100800000.0000,S14,-1.0000,3.0000,-1.0000,-0.0383,0.5360,32.0502,42.8916,55.7830,0.6579,2.2536,0.9255,2.0796,-10.2545,-18.0881,1.0000,4.0000,2.0000,71.0000,0.0000
1620144000000.0000,S13,-1.0000,2.0000,-1.0000,-0.1325,-0.0672,25.7580,36.3254,55.7830,0.6579,2.4978,2.3110,2.8099,-16.7399,-12.7508,1.0000,16.0000,2.0000,74.0000,0.0000
1620144000000.0000,S14,-1.0000,3.0000,-1.0000,-0.1325,-0.0672,25.7580,36.3254,55.7830,0.6579,2.4978,2.3110,2.8099,-16.7399,-12.7508,1.0000,16.0000,2.0000,74.0000,0.0000
1620172800000.0000,S14,-1.0000,3.0000,-1.0000,-0.3307,-0.3972,27.7754,35.8694,44.1442,-6.2515,2.6027,0.6396,0.9052,-3.8144,5.4190,0.0000,0.0000,3.0000,76.0000,0.0000
1620302400000.0000,S12,1.0000,1.0000,1.0000,0.0713,0.5146,65.1064,58.3927,54.6564,1.1942,2.4643,1.0771,1.0270,74.8266,82.4790,1.0000,12.0000,4.0000,1.0000,0.0000
1620676800000.0000,S13,-1.0000,2.0000,-1.0000,1.4112,0.3132,32.8021,40.2269,53.0551,2.6801,2.7153,1.8155,1.5220,-75.8779,-36.9639,1.0000,20.0000,1.0000,27.0000,1.0000
1620864000000.0000,S13,-1.0000,2.0000,-1.0000,0.3741,-0.7573,16.3061,24.8055,28.3532,-12.3857,3.8354,3.1418,2.3136,-64.9409,-102.4826,0.0000,0.0000,4.0000,40.0000,1.0000
1620864000000.0000,S14,-1.0000,3.0000,-1.0000,0.3741,-0.7573,16.3061,24.8055,28.3532,-12.3857,3.8354,3.1418,2.3136,-64.9409,-102.4826,0.0000,0.0000,4.0000,40.0000,1.0000
1620892800000.0000,S12,-1.0000,1.0000,-1.0000,-0.2172,-1.5215,32.7806,31.5598,28.3532,-12.3857,3.8603,0.5728,1.0314,1.5393,34.7967,0.0000,8.0000,4.0000,1.0000,1.0000
1621195200000.0000,S14,-1.0000,3.0000,-1.0000,-5.1847,-1.6618,30.1983,31.6562,19.2916,-17.0877,3.9938,2.6314,2.3353,-13.2019,-13.3939,0.0000,20.0000,0.0000,22.0000,1.0000
1621224000000.0000,S13,-1.0000,2.0000,-1.0000,-5.8628,-2.1655,28.9728,28.1522,17.9470,-17.4005,4.7949,2.0025,1.7283,-31.8908,-18.8134,0.0000,4.0000,1.0000,24.0000,1.0000
1621224000000.0000,S14,-1.0000,3.0000,-1.0000,-5.8628,-2.1655,28.9728,28.1522,17.9470,-17.4005,4.7949,2.0025,1.7283,-31.8908,-18.8134,0.0000,4.0000,1.0000,24.0000,1.0000
1621396800000.0000,S14,-1.0000,3.0000,-1.0000,-9.1468,-2.4699,28.7050,31.5889,8.0339,-23.0322,5.1120,1.5645,1.6170,-1.4765,-18.8727,0.0000,4.0000,3.0000,36.0000,1.0000
1621785600000.0000,S14,-1.0000,3.0000,-1.0000,-16.7264,-2.9068,29.6023,30.9445,-6.7190,-30.6583,7.2966,1.0356,1.8312,-7.2752,-4.4616,-1.0000,16.0000,0.0000,63.0000,0.0000
1622016000000.0000,S14,1.0000,3.0000,1.0000,-17.1769,-0.4926,67.9702,57.9156,-5.3232,-27.3539,5.1384,0.8936,0.6951,92.2103,106.6920,-1.0000,8.0000,3.0000,79.0000,0.0000
1622649600000.0000,S14,1.0000,3.0000,1.0000,-15.4996,0.0079,69.4222,59.4792,-10.9858,-26.1887,3.2020,1.5030,1.3045,97.2838,100.5988,-1.0000,16.0000,3.0000,123.0000,0.0000
1622707200000.0000,S14,1.0000,3.0000,1.0000,-14.7720,0.4187,66.2645,62.1450,-9.0987,-23.6284,2.8928,1.0630,1.2176,100.8965,110.9355,-1.0000,8.0000,4.0000,127.0000,0.0000
1623110400000.0000,S13,-1.0000,2.0000,-1.0000,-12.7170,-0.6767,21.5967,30.4953,-19.7383,-28.2116,3.1549,1.7964,2.4339,-24.3541,-34.1907,-1.0000,0.0000,2.0000,155.0000,0.0000
1623110400000.0000,S14,-1.0000,3.0000,-1.0000,-12.7170,-0.6767,21.5967,30.4953,-19.7383,-28.2116,3.1549,1.7964,2.4339,-24.3541,-34.1907,-1.0000,0.0000,2.0000,155.0000,0.0000
1623124800000.0000,S14,-1.0000,3.0000,-1.0000,-12.8841,-1.0043,21.9756,27.5317,-19.7383,-28.2116,3.3718,1.5432,2.3557,-20.1962,-7.6748,-1.0000,4.0000,2.0000,156.0000,0.0000
1623168000000.0000,S14,-1.0000,3.0000,-1.0000,-13.3713,-1.9501,22.7033,24.8684,-19.7383,-28.2116,3.6158,1.8531,2.1159,-3.8375,0.2659,-1.0000,16.0000,2.0000,159.0000,0.0000
1623283200000.0000,S14,1.0000,3.0000,1.0000,-13.0119,0.0989,74.5209,62.2910,-10.9199,-18.5670,3.5252,0.7630,0.8841,90.5804,106.2835,-1.0000,0.0000,4.0000,167.0000,1.0000
1623628800000.0000,S14,1.0000,3.0000,1.0000,-9.7632,0.4094,76.8180,67.5365,-7.8418,-12.8054,2.9327,0.6813,1.8508,113.8712,122.1987,-1.0000,0.0000,1.0000,191.0000,0.0000
1623686400000.0000,S14,1.0000,3.0000,1.0000,-8.4523,1.7284,77.1094,71.9526,-7.8418,-12.8054,2.8760,0.8815,2.1301,103.5500,114.4123,-1.0000,16.0000,1.0000,195.0000,0.0000
1623960000000.0000,S14,-1.0000,3.0000,-1.0000,-4.6804,0.3885,31.4227,41.5560,-10.1389,-12.7831,2.6841,0.9075,1.4371,-12.9474,-17.9437,-1.0000,20.0000,4.0000,214.0000,1.0000
1624032000000.0000,S14,-1.0000,3.0000,-1.0000,-4.6493,-0.2598,27.3077,33.7596,-10.9465,-12.7002,2.8296,1.4599,1.6803,-10.2765,-15.1231,-1.0000,16.0000,5.0000,219.0000,1.0000
1624046400000.0000,S14,-1.0000,3.0000,-1.0000,-4.8048,-0.5343,23.2415,28.8986,-10.9465,-12.7002,3.0271,1.1145,1.5446,-11.0746,-13.4938,-1.0000,20.0000,5.0000,220.0000,1.0000
1624075200000.0000,S14,-1.0000,3.0000,-1.0000,-5.0710,-0.9709,30.1487,30.5114,-16.4182,-17.2369,3.0861,1.4949,0.9860,-3.0636,-1.1141,-1.0000,4.0000,6.0000,222.0000,1.0000
1624190400000.0000,S13,-1.0000,2.0000,-1.0000,-5.8327,-1.0867,25.6383,28.2860,-17.3637,-17.1633,2.9958,1.9510,1.7730,1.3164,-21.3152,-1.0000,12.0000,0.0000,230.0000,1.0000
1624190400000.0000,S14,-1.0000,3.0000,-1.0000,-5.8327,-1.0867,25.6383,28.2860,-17.3637,-17.1633,2.9958,1.9510,1.7730,1.3164,-21.3152,-1.0000,12.0000,0.0000,230.0000,1.0000
1624262400000.0000,S14,-1.0000,3.0000,-1.0000,-6.4270,-1.2175,29.8761,31.3082,-17.2505,-16.0210,3.4946,1.7617,2.5220,-7.7900,-8.0723,-1.0000,8.0000,1.0000,235.0000,1.0000
1624320000000.0000,S14,-1.0000,3.0000,-1.0000,-7.4251,-2.1376,34.6856,26.8467,-26.6317,-24.5472,3.8611,0.7091,1.4172,-6.8212,-3.0831,-1.0000,0.0000,2.0000,239.0000,0.0000
1624694400000.0000,S14,-1.0000,3.0000,-1.0000,-9.2501,-1.4722,27.1642,34.6454,-27.1628,-21.1514,4.1967,2.3814,1.1610,-10.6624,-14.9385,-1.0000,8.0000,6.0000,265.0000,0.0000
1624982400000.0000,S14,1.0000,3.0000,1.0000,-7.6148,0.7156,68.1340,65.2707,-20.8740,-10.6310,3.1312,1.0434,1.5429,95.3562,107.6737,-1.0000,16.0000,2.0000,285.0000,0.0000
1625385600000.0000,S14,1.0000,3.0000,1.0000,-5.6875,0.4405,75.8238,62.5806,-21.1812,-5.8519,2.2434,3.0627,1.3740,110.4473,117.4150,-1.0000,8.0000,0.0000,313.0000,0.0000
1626235200000.0000,S14,-1.0000,3.0000,-1.0000,-4.5469,-0.6387,31.5113,32.3679,-26.4646,-7.7295,2.0039,2.3777,1.3934,-9.8200,-16.9717,-1.0000,4.0000,3.0000,372.0000,1.0000
1626436800000.0000,S14,-1.0000,3.0000,-1.0000,-5.2546,-0.8314,31.3779,31.5955,-28.4697,-9.4684,1.9488,1.2955,1.2433,0.7174,1.9529,-1.0000,12.0000,5.0000,386.0000,1.0000
1626451200000.0000,S13,1.0000,2.0000,1.0000,-5.2692,-0.7299,57.7390,46.7084,-28.4697,-9.4684,2.0152,1.7770,1.5201,41.9467,44.5483,-1.0000,16.0000,5.0000,387.0000,0.0000
1626710400000.0000,S14,-1.0000,3.0000,-1.0000,-5.8038,-0.5618,31.7869,36.5889,-28.7879,-9.0271,1.8844,1.5034,2.7197,-17.9869,-26.3145,-1.0000,16.0000,1.0000,405.0000,0.0000
1626753600000.0000,S13,-1.0000,2.0000,-1.0000,-6.0926,-0.9409,19.5912,28.9661,-30.9067,-11.4716,2.0711,3.2847,2.5980,-28.7237,-37.1501,-1.0000,4.0000,2.0000,408.0000,0.0000
1626753600000.0000,S14,-1.0000,3.0000,-1.0000,-6.0926,-0.9409,19.5912,28.9661,-30.9067,-11.4716,2.0711,3.2847,2.5980,-28.7237,-37.1501,-1.0000,4.0000,2.0000,408.0000,0.0000
1626854400000.0000,S13,1.0000,2.0000,1.0000,-6.7740,-1.0049,66.4272,49.3113,-33.2610,-14.1157,1.9883,0.9555,1.7324,50.4279,49.2886,-1.0000,8.0000,3.0000,415.0000,1.0000
1627084800000.0000,S13,1.0000,2.0000,1.0000,-4.9868,0.5167,76.6477,69.7249,-24.6575,-2.1632,1.8999,2.1599,1.5043,94.2119,117.6621,-1.0000,0.0000,6.0000,431.0000,1.0000
1627084800000.0000,S14,1.0000,3.0000,1.0000,-4.9868,0.5167,76.6477,69.7249,-24.6575,-2.1632,1.8999,2.1599,1.5043,94.2119,117.6621,-1.0000,0.0000,6.0000,431.0000,1.0000
1627099200000.0000,S14,1.0000,3.0000,1.0000,-4.7804,0.6417,75.3620,69.9715,-24.6575,-2.1632,1.8363,0.7823,0.9482,94.9143,101.5357,-1.0000,4.0000,6.0000,432.0000,1.0000
1627113600000.0000,S14,1.0000,3.0000,1.0000,-4.5702,0.8026,74.6963,70.9413,-24.6575,-2.1632,1.7797,0.6148,0.7531,93.8536,99.4590,-1.0000,8.0000,6.0000,433.0000,1.0000
1627200000000.0000,S14,1.0000,3.0000,1.0000,-3.3215,1.1788,68.5449,76.1607,-23.2623,-0.1987,1.7338,1.5206,1.0775,97.6893,107.7109,-1.0000,8.0000,0.0000,439.0000,1.0000
1627257600000.0000,S13,1.0000,2.0000,1.0000,-2.5000,1.2503,75.5397,75.1670,-20.7347,3.0804,1.7749,2.8842,1.1669,98.2074,117.4378,-1.0000,0.0000,1.0000,443.0000,1.0000
1627257600000.0000,S14,1.0000,3.0000,1.0000,-2.5000,1.2503,75.5397,75.1670,-20.7347,3.0804,1.7749,2.8842,1.1669,98.2074,117.4378,-1.0000,0.0000,1.0000,443.0000,1.0000
1627272000000.0000,S13,1.0000,2.0000,1.0000,-1.9936,1.6313,85.7662,85.4664,-20.7347,3.0804,2.3749,0.9071,4.5836,133.0044,184.7306,-1.0000,4.0000,1.0000,444.0000,1.0000
1627272000000.0000,S14,1.0000,3.0000,1.0000,-1.9936,1.6313,85.7662,85.4664,-20.7347,3.0804,2.3749,0.9071,4.5836,133.0044,184.7306,-1.0000,4.0000,1.0000,444.0000,1.0000
1627344000000.0000,S12,1.0000,1.0000,1.0000,0.2072,2.9394,46.2713,64.0133,-16.5548,8.3984,3.1287,0.7308,2.3539,72.9232,61.5455,-1.0000,0.0000,2.0000,1.0000,1.0000
1627344000000.0000,S13,-1.0000,2.0000,-1.0000,0.2072,2.9394,46.2713,64.0133,-16.5548,8.3984,3.1287,0.7308,2.3539,72.9232,61.5455,-1.0000,0.0000,2.0000,1.0000,0.0000
1627689600000.0000,S13,1.0000,2.0000,1.0000,6.7344,1.4987,79.3287,69.5990,-5.4995,21.3992,2.7103,2.4637,2.2249,114.4380,128.4676,-1.0000,0.0000,6.0000,25.0000,0.0000
1627689600000.0000,S14,1.0000,3.0000,1.0000,6.7344,1.4987,79.3287,69.5990,-5.4995,21.3992,2.7103,2.4637,2.2249,114.4380,128.4676,-1.0000,0.0000,6.0000,25.0000,0.0000
1627963200000.0000,S14,-1.0000,3.0000,-1.0000,8.3687,0.0887,34.6180,38.3717,-12.4446,12.0503,2.5991,1.0109,1.1421,1.1140,-2.4866,-1.0000,4.0000,2.0000,44.0000,0.0000
1628193600000.0000,S13,1.0000,2.0000,1.0000,6.8644,0.1219,70.0060,60.3675,-11.2093,13.8751,2.6153,1.5585,2.2713,120.4557,127.2893,-1.0000,20.0000,4.0000,60.0000,1.0000
1628193600000.0000,S14,1.0000,3.0000,1.0000,6.8644,0.1219,70.0060,60.3675,-11.2093,13.8751,2.6153,1.5585,2.2713,120.4557,127.2893,-1.0000,20.0000,4.0000,60.0000,1.0000
1628265600000.0000,S13,1.0000,2.0000,1.0000,7.2055,0.9171,70.2273,65.9610,-8.7141,16.9725,2.6208,3.3701,1.5466,121.9121,136.0926,-1.0000,16.0000,5.0000,65.0000,1.0000
1628265600000.0000,S14,1.0000,3.0000,1.0000,7.2055,0.9171,70.2273,65.9610,-8.7141,16.9725,2.6208,3.3701,1.5466,121.9121,136.0926,-1.0000,16.0000,5.0000,65.0000,1.0000
1628280000000.0000,S14,1.0000,3.0000,1.0000,7.4075,1.0843,73.4350,68.8238,-8.7141,16.9725,2.6257,0.7847,1.8219,109.2389,108.8959,-1.0000,20.0000,5.0000,66.0000,1.0000
1628308800000.0000,S14,1.0000,3.0000,1.0000,7.8270,1.5468,74.0416,71.6060,-4.3696,22.2923,2.5076,1.1404,1.0156,102.2419,104.3515,-1.0000,4.0000,6.0000,68.0000,1.0000
1628380800000.0000,S14,1.0000,3.0000,1.0000,8.8229,1.8475,67.3822,70.8725,-0.5912,26.6146,2.5724,1.1581,0.8955,88.9849,98.8167,-1.0000,0.0000,0.0000,73.0000,1.0000
1628899200000.0000,S14,1.0000,3.0000,1.0000,11.7502,1.1416,77.9899,69.6632,5.6937,30.6036,1.9559,0.7991,1.4696,107.8994,132.4678,0.0000,0.0000,6.0000,109.0000,0.0000
1629244800000.0000,S14,-1.0000,3.0000,-1.0000,10.8794,0.0483,30.9572,38.9853,-1.7585,18.7748,2.2569,0.6302,1.5406,-3.1247,-12.8256,-1.0000,0.0000,3.0000,133.0000,0.0000
1629345600000.0000,S14,-1.0000,3.0000,-1.0000,9.7646,-0.2932,35.1610,38.1604,-1.8506,18.2470,2.2768,1.3976,0.9527,8.8799,0.1563,-1.0000,4.0000,4.0000,140.0000,0.0000
1629388800000.0000,S13,1.0000,2.0000,1.0000,9.3472,-0.3243,62.5936,52.0075,-1.8506,18.2470,2.2387,1.2824,1.2215,58.9465,49.5843,-1.0000,16.0000,4.0000,143.0000,1.0000
1629504000000.0000,S14,1.0000,3.0000,1.0000,9.6422,1.0413,75.6396,69.4920,7.9372,28.5867,1.9922,0.6673,0.7778,103.5868,103.4996,0.0000,0.0000,6.0000,151.0000,0.0000
1629691200000.0000,S14,1.0000,3.0000,1.0000,10.3073,0.9226,69.1897,68.0188,7.4614,26.4182,1.8144,1.7522,1.6737,96.2945,111.6389,0.0000,4.0000,1.0000,164.0000,0.0000
1629964800000.0000,S14,-1.0000,3.0000,-1.0000,9.4058,0.1138,31.7808,39.1737,6.5124,23.0230,2.0297,1.3329,1.6011,0.3125,-5.4255,0.0000,8.0000,4.0000,183.0000,0.0000
1630368000000.0000,S13,-1.0000,2.0000,-1.0000,7.1391,-0.0935,31.0038,38.7412,2.0038,13.8893,1.8023,2.5208,1.7064,-23.2241,-1.3517,0.0000,0.0000,2.0000,211.0000,0.0000
1630368000000.0000,S14,-1.0000,3.0000,-1.0000,7.1391,-0.0935,31.0038,38.7412,2.0038,13.8893,1.8023,2.5208,1.7064,-23.2241,-1.3517,0.0000,0.0000,2.0000,211.0000,0.0000
1630555200000.0000,S14,1.0000,3.0000,1.0000,6.0630,0.1904,70.7204,64.6437,5.9548,16.6180,1.7631,0.6993,1.4236,114.7357,106.7376,0.0000,4.0000,4.0000,224.0000,1.0000
1630684800000.0000,S14,1.0000,3.0000,1.0000,6.3344,0.5822,62.8603,67.2131,6.8937,16.7436,1.7705,0.9366,1.8318,90.0689,100.5354,0.0000,16.0000,5.0000,233.0000,0.0000
1630886400000.0000,S14,1.0000,3.0000,1.0000,6.5687,0.5973,76.4206,72.8898,12.3118,19.4720,1.4842,1.1684,1.6232,126.7874,128.6986,0.0000,0.0000,1.0000,247.0000,0.0000
1630972800000.0000,S14,1.0000,3.0000,1.0000,6.9974,0.9203,74.6615,74.1660,14.2663,20.4048,1.4385,0.9751,1.2673,107.7530,117.8427,0.0000,0.0000,2.0000,253.0000,0.0000
1631016000000.0000,S13,-1.0000,2.0000,-1.0000,7.1516,0.8939,35.7937,51.3794,14.2663,20.4048,1.6198,0.9822,2.7158,53.6159,48.4704,0.0000,12.0000,2.0000,256.0000,1.0000
1631664000000.0000,S14,1.0000,3.0000,1.0000,0.1252,0.0010,66.7332,61.4266,2.7514,2.9180,2.0467,0.7202,0.9912,100.6075,101.9372,0.0000,0.0000,3.0000,301.0000,0.0000
1631707200000.0000,S14,1.0000,3.0000,1.0000,0.2739,0.2721,67.7638,64.6482,2.7514,2.9180,1.8678,1.1702,1.0507,95.0432,101.7963,0.0000,12.0000,3.0000,304.0000,0.0000
1631721600000.0000,S14,1.0000,3.0000,1.0000,0.3821,0.4147,74.2638,69.3271,2.7514,2.9180,1.8715,2.3590,1.3136,101.4779,111.8540,0.0000,16.0000,3.0000,305.0000,0.0000
1631952000000.0000,S14,1.0000,3.0000,1.0000,1.1691,0.2947,64.9683,63.7211,3.1363,2.2723,1.7181,0.7350,1.3428,107.4909,105.5128,1.0000,8.0000,6.0000,321.0000,0.0000
1632110400000.0000,S13,-1.0000,2.0000,-1.0000,1.2584,-0.1525,25.9496,32.5912,3.0459,1.6249,1.8705,2.4502,2.0832,-34.8382,-54.5903,1.0000,4.0000,1.0000,332.0000,1.0000
1632110400000.0000,S14,-1.0000,3.0000,-1.0000,1.2584,-0.1525,25.9496,32.5912,3.0459,1.6249,1.8705,2.4502,2.0832,-34.8382,-54.5903,1.0000,4.0000,1.0000,332.0000,1.0000
1632124800000.0000,S14,-1.0000,3.0000,-1.0000,1.0900,-0.3536,22.9474,28.8053,3.0459,1.6249,1.9837,2.5584,1.6448,-24.6960,-5.8955,1.0000,8.0000,1.0000,333.0000,1.0000
1632139200000.0000,S14,-1.0000,3.0000,-1.0000,0.8615,-0.6629,19.5017,24.2246,3.0459,1.6249,2.2225,3.0195,2.3968,-22.8538,-14.6390,1.0000,12.0000,1.0000,334.0000,1.0000
1632484800000.0000,S13,-1.0000,2.0000,-1.0000,-2.5378,-0.3915,25.9033,36.3275,-1.8722,-4.1158,3.2792,3.0794,2.9899,6.8088,30.6325,-1.0000,12.0000,5.0000,21.0000,0.0000
1632974400000.0000,S13,1.0000,2.0000,1.0000,-4.3265,-0.4633,72.2705,57.3153,-8.3177,-10.8535,2.3808,1.5712,1.5978,87.1049,83.6577,-1.0000,4.0000,4.0000,55.0000,1.0000
1633075200000.0000,S14,1.0000,3.0000,1.0000,-3.7851,0.3341,70.6275,63.5975,-3.0778,-5.8479,2.2551,2.6221,1.2373,106.4240,119.4693,-1.0000,8.0000,5.0000,62.0000,1.0000
1633089600000.0000,S13,1.0000,2.0000,1.0000,-3.4633,0.7165,84.7049,73.9793,-3.0778,-5.8479,2.4361,1.9203,2.8356,131.0901,166.7129,-1.0000,12.0000,5.0000,63.0000,1.0000
1633089600000.0000,S14,1.0000,3.0000,1.0000,-3.4633,0.7165,84.7049,73.9793,-3.0778,-5.8479,2.4361,1.9203,2.8356,131.0901,166.7129,-1.0000,12.0000,5.0000,63.0000,1.0000
1633118400000.0000,S14,1.0000,3.0000,1.0000,-2.8352,1.3786,81.5221,74.9623,-3.0778,-5.8479,2.3810,0.7716,1.0431,106.1682,100.9798,-1.0000,20.0000,5.0000,65.0000,1.0000
1633291200000.0000,S12,1.0000,1.0000,1.0000,0.0466,1.3853,68.3737,71.6629,5.5454,2.1822,1.7788,0.7971,1.1982,77.0528,105.4928,1.0000,20.0000,0.0000,1.0000,1.0000
1633291200000.0000,S14,1.0000,3.0000,1.0000,0.0466,1.3853,68.3737,71.6629,5.5454,2.1822,1.7788,0.7971,1.1982,77.0528,105.4928,1.0000,20.0000,0.0000,1.0000,1.0000
1633377600000.0000,S13,1.0000,2.0000,1.0000,0.9875,1.0456,68.1261,68.3068,6.9245,3.3442,1.9913,1.2814,2.1422,119.3575,99.3249,1.0000,20.0000,1.0000,7.0000,1.0000
1633377600000.0000,S14,1.0000,3.0000,1.0000,0.9875,1.0456,68.1261,68.3068,6.9245,3.3442,1.9913,1.2814,2.1422,119.3575,99.3249,1.0000,20.0000,1.0000,7.0000,1.0000
1633435200000.0000,S14,1.0000,3.0000,1.0000,1.8016,1.4715,63.2855,70.1840,9.3002,5.4400,1.8826,0.7491,1.6585,102.1986,100.6878,1.0000,12.0000,2.0000,11.0000,1.0000
1633464000000.0000,S14,1.0000,3.0000,1.0000,2.2727,1.5516,73.8448,75.5613,9.3002,5.4400,1.9286,1.9266,1.5199,116.9875,123.1167,1.0000,20.0000,2.0000,13.0000,1.0000
1633478400000.0000,S14,1.0000,3.0000,1.0000,2.5502,1.6706,70.8133,76.6159,14.3729,9.9907,1.8948,0.5885,1.3800,106.1567,98.8141,1.0000,0.0000,3.0000,14.0000,1.0000
1633924800000.0000,S13,1.0000,2.0000,1.0000,9.0818,1.2730,67.6579,66.7453,21.5021,14.9173,2.0572,1.1364,1.2757,110.4411,94.2647,1.0000,4.0000,1.0000,45.0000,1.0000
1633939200000.0000,S14,1.0000,3.0000,1.0000,9.2380,1.3442,70.0115,68.0728,21.5021,14.9173,2.0091,0.8685,0.7597,114.3262,102.4892,1.0000,8.0000,1.0000,46.0000,1.0000
1633968000000.0000,S14,1.0000,3.0000,1.0000,9.5335,1.4624,71.7956,69.4522,21.5021,14.9173,2.0287,0.4950,1.0272,112.0163,111.2494,1.0000,16.0000,1.0000,48.0000,0.0000
1634184000000.0000,S14,1.0000,3.0000,1.0000,10.2915,0.9299,66.1130,62.6682,27.3986,19.3842,2.2057,0.3935,0.9237,88.6747,104.6282,1.0000,4.0000,4.0000,63.0000,1.0000
1634270400000.0000,S13,1.0000,2.0000,1.0000,10.6125,1.0725,69.9099,65.6016,27.3341,18.9299,2.1566,1.8053,1.6889,106.2539,117.5664,1.0000,4.0000,5.0000,69.0000,1.0000
1634270400000.0000,S14,1.0000,3.0000,1.0000,10.6125,1.0725,69.9099,65.6016,27.3341,18.9299,2.1566,1.8053,1.6889,106.2539,117.5664,1.0000,4.0000,5.0000,69.0000,1.0000
1634313600000.0000,S14,1.0000,3.0000,1.0000,10.9585,1.3590,66.8878,67.4298,27.3341,18.9299,2.0194,1.0630,1.4319,99.1072,102.1848,1.0000,16.0000,5.0000,72.0000,1.0000
1634328000000.0000,S14,1.0000,3.0000,1.0000,11.1545,1.5951,72.3648,72.3170,27.3341,18.9299,2.0584,0.5985,1.6693,105.5513,114.4012,1.0000,20.0000,5.0000,73.0000,1.0000
1634673600000.0000,S14,1.0000,3.0000,1.0000,12.8182,1.2017,73.4774,69.7893,37.4984,25.8569,2.0958,1.9828,1.5925,119.2716,118.1059,1.0000,20.0000,2.0000,97.0000,0.0000
1634745600000.0000,S13,1.0000,2.0000,1.0000,13.3187,1.5372,83.5213,76.2765,42.4492,29.5560,1.9831,1.8494,2.5218,121.0823,142.5464,1.0000,16.0000,3.0000,102.0000,0.0000
1634745600000.0000,S14,1.0000,3.0000,1.0000,13.3187,1.5372,83.5213,76.2765,42.4492,29.5560,1.9831,1.8494,2.5218,121.0823,142.5464,1.0000,16.0000,3.0000,102.0000,0.0000
1635336000000.0000,S14,-1.0000,3.0000,-1.0000,9.3076,-0.4519,24.6384,31.9377,33.2507,17.5661,2.0540,0.7064,2.8426,-2.5059,-18.1171,1.0000,12.0000,3.0000,143.0000,0.0000
1635753600000.0000,S13,1.0000,2.0000,1.0000,6.5252,-0.0977,63.2364,56.0017,35.4218,16.0625,2.0573,2.7217,1.5261,83.0634,79.7747,1.0000,8.0000,1.0000,172.0000,1.0000
1635854400000.0000,S14,1.0000,3.0000,1.0000,6.1839,0.1071,64.4745,60.1766,34.5965,14.6801,1.9596,0.9356,1.8930,122.2333,126.5028,1.0000,12.0000,2.0000,179.0000,1.0000
1635868800000.0000,S14,1.0000,3.0000,1.0000,6.2532,0.2682,72.0099,65.2365,34.5965,14.6801,1.9487,2.1122,1.4433,126.3945,112.9875,1.0000,16.0000,2.0000,180.0000,0.0000
1636200000000.0000,S14,-1.0000,3.0000,-1.0000,5.0375,-0.2691,35.9292,38.9688,34.4264,12.1721,1.7247,2.5637,1.1700,7.7040,-3.3757,1.0000,12.0000,6.0000,203.0000,0.0000
1636329600000.0000,S14,1.0000,3.0000,1.0000,4.7061,0.2061,76.6227,63.9812,39.3572,15.2363,1.4081,1.0473,1.1187,118.5947,130.7245,1.0000,0.0000,1.0000,212.0000,1.0000
1636344000000.0000,S13,1.0000,2.0000,1.0000,4.8288,0.4171,87.5567,73.3545,39.3572,15.2363,1.5305,0.9508,3.0713,132.6108,158.6092,1.0000,4.0000,1.0000,213.0000,1.0000
1636344000000.0000,S14,1.0000,3.0000,1.0000,4.8288,0.4171,87.5567,73.3545,39.3572,15.2363,1.5305,0.9508,3.0713,132.6108,158.6092,1.0000,4.0000,1.0000,213.0000,1.0000
1636358400000.0000,S14,1.0000,3.0000,1.0000,4.9793,0.6573,89.5693,75.9502,39.3572,15.2363,1.5468,1.2718,1.5534,120.2144,103.8584,1.0000,8.0000,1.0000,214.0000,1.0000
1636416000000.0000,S13,1.0000,2.0000,1.0000,5.5822,1.3331,78.5536,77.3113,48.4637,22.0787,1.6452,2.6130,1.6872,98.6174,111.5222,1.0000,0.0000,2.0000,218.0000,0.0000
1636416000000.0000,S14,1.0000,3.0000,1.0000,5.5822,1.3331,78.5536,77.3113,48.4637,22.0787,1.6452,2.6130,1.6872,98.6174,111.5222,1.0000,0.0000,2.0000,218.0000,0.0000
1636430400000.0000,S14,1.0000,3.0000,1.0000,5.8060,1.4387,82.3614,79.8532,48.4637,22.0787,1.6615,1.7308,1.4806,100.4547,107.3522,1.0000,4.0000,2.0000,219.0000,0.0000
1636560000000.0000,S13,1.0000,2.0000,1.0000,6.7606,0.9861,66.2915,70.3766,46.9370,19.9951,1.7478,1.2955,1.9597,84.4753,101.8555,1.0000,16.0000,3.0000,228.0000,0.0000
1636934400000.0000,S14,1.0000,3.0000,1.0000,5.3197,0.0806,67.2781,57.3121,42.8499,13.0164,1.6535,2.6176,1.1219,119.6714,111.0766,1.0000,0.0000,1.0000,254.0000,0.0000
1636948800000.0000,S14,1.0000,3.0000,1.0000,5.3283,0.1436,66.4492,58.5407,42.8499,13.0164,1.6091,0.7433,1.4932,112.2842,108.7492,1.0000,4.0000,1.0000,255.0000,0.0000
1637035200000.0000,S13,-1.0000,2.0000,-1.0000,4.8869,-0.2160,16.5036,29.2943,38.5287,8.9492,2.0008,2.3407,3.6277,-38.7054,-38.4367,1.0000,4.0000,2.0000,261.0000,1.0000
1637035200000.0000,S14,-1.0000,3.0000,-1.0000,4.8869,-0.2160,16.5036,29.2943,38.5287,8.9492,2.0008,2.3407,3.6277,-38.7054,-38.4367,1.0000,4.0000,2.0000,261.0000,1.0000
1637395200000.0000,S12,-1.0000,1.0000,-1.0000,-0.0770,-0.9164,55.3306,42.8184,26.3476,-2.7902,2.1869,0.5294,0.4699,47.2551,50.1430,0.0000,8.0000,6.0000,1.0000,1.0000
1637928000000.0000,S13,-1.0000,2.0000,-1.0000,-2.6697,-0.3789,13.4011,30.3959,28.2296,-2.8389,2.4522,2.0993,3.3936,-25.0420,-41.5738,0.0000,12.0000,5.0000,38.0000,0.0000
1637928000000.0000,S14,-1.0000,3.0000,-1.0000,-2.6697,-0.3789,13.4011,30.3959,28.2296,-2.8389,2.4522,2.0993,3.3936,-25.0420,-41.5738,0.0000,12.0000,5.0000,38.0000,0.0000
1638144000000.0000,S13,1.0000,2.0000,1.0000,-4.1442,-0.5943,75.7826,60.3438,24.5151,-5.7107,2.0845,2.3825,1.4416,81.5922,66.8456,0.0000,0.0000,1.0000,53.0000,0.0000
1638561600000.0000,S13,-1.0000,2.0000,-1.0000,-3.0714,-0.3119,19.9166,33.0357,22.3133,-7.1073,2.3444,1.9702,1.9209,-31.5855,-53.0986,0.0000,20.0000,5.0000,82.0000,1.0000
1638561600000.0000,S14,-1.0000,3.0000,-1.0000,-3.0714,-0.3119,19.9166,33.0357,22.3133,-7.1073,2.3444,1.9702,1.9209,-31.5855,-53.0986,0.0000,20.0000,5.0000,82.0000,1.0000
1638576000000.0000,S14,-1.0000,3.0000,-1.0000,-3.1995,-0.4875,24.1081,32.0647,15.9516,-11.7341,2.5336,0.3923,2.4823,-18.2317,-3.6857,0.0000,0.0000,6.0000,83.0000,1.0000
1639339200000.0000,S14,1.0000,3.0000,1.0000,-8.5186,-0.2026,64.1973,57.7394,5.8395,-15.7517,2.2696,1.1204,1.2159,107.7897,104.8770,0.0000,20.0000,0.0000,136.0000,0.0000
1640073600000.0000,S14,1.0000,3.0000,1.0000,-8.0459,-0.1549,71.6891,63.2317,-0.4655,-16.5058,2.0587,0.7048,1.7743,119.1550,112.2371,-1.0000,8.0000,2.0000,187.0000,1.0000
1640088000000.0000,S14,1.0000,3.0000,1.0000,-7.8976,0.0894,74.3170,65.1011,-0.4655,-16.5058,1.9856,0.6310,1.1427,111.1936,100.7809,-1.0000,12.0000,2.0000,188.0000,1.0000
1640289600000.0000,S13,1.0000,2.0000,1.0000,-6.1504,0.3887,81.2299,73.3895,2.8120,-12.6983,1.8012,1.9452,2.2652,108.3468,133.4395,0.0000,20.0000,4.0000,202.0000,0.0000
1640289600000.0000,S14,1.0000,3.0000,1.0000,-6.1504,0.3887,81.2299,73.3895,2.8120,-12.6983,1.8012,1.9452,2.2652,108.3468,133.4395,0.0000,20.0000,4.0000,202.0000,0.0000
1640678400000.0000,S14,-1.0000,3.0000,-1.0000,-2.7753,0.3050,28.5156,39.9533,6.4196,-7.0154,1.6606,0.5728,1.8546,-8.9805,-9.0594,0.0000,8.0000,2.0000,229.0000,1.0000
1640822400000.0000,S14,-1.0000,3.0000,-1.0000,-3.4585,-0.7789,31.8111,27.9022,-2.6890,-13.5017,2.0204,2.4898,1.2489,5.2711,-2.6615,-1.0000,0.0000,4.0000,239.0000,1.0000
1640980800000.0000,S13,-1.0000,2.0000,-1.0000,-4.0770,-0.5502,27.1191,33.0033,-1.3983,-11.6961,2.1287,2.6205,1.5150,-0.9282,3.8590,-1.0000,20.0000,5.0000,250.0000,1.0000
1640980800000.0000,S14,-1.0000,3.0000,-1.0000,-4.0770,-0.5502,27.1191,33.0033,-1.3983,-11.6961,2.1287,2.6205,1.5150,-0.9282,3.8590,-1.0000,20.0000,5.0000,250.0000,1.0000
1641412800000.0000,S13,-1.0000,2.0000,-1.0000,-4.7449,-0.5092,27.6415,33.2427,-4.5007,-11.1511,2.0094,4.8966,2.5467,-33.5844,-36.8133,-1.0000,20.0000,3.0000,280.0000,1.0000
1641412800000.0000,S14,-1.0000,3.0000,-1.0000,-4.7449,-0.5092,27.6415,33.2427,-4.5007,-11.1511,2.0094,4.8966,2.5467,-33.5844,-36.8133,-1.0000,20.0000,3.0000,280.0000,1.0000
1641427200000.0000,S14,-1.0000,3.0000,-1.0000,-4.9221,-0.7357,20.4854,27.4255,-9.5368,-15.2207,2.3029,1.1774,3.5172,-34.7404,-31.3880,-1.0000,0.0000,4.0000,281.0000,1.0000
1642694400000.0000,S13,1.0000,2.0000,1.0000,-6.2198,-0.1401,74.1753,62.5757,-14.3412,-11.4854,1.5847,3.3799,2.1308,131.4700,125.6687,-1.0000,16.0000,4.0000,369.0000,0.0000
1642694400000.0000,S14,1.0000,3.0000,1.0000,-6.2198,-0.1401,74.1753,62.5757,-14.3412,-11.4854,1.5847,3.3799,2.1308,131.4700,125.6687,-1.0000,16.0000,4.0000,369.0000,0.0000
1642723200000.0000,S13,-1.0000,2.0000,-1.0000,-6.1998,-0.1329,29.5278,37.2813,-16.4007,-12.9553,2.0073,2.3452,2.5850,-16.6075,-23.7475,-1.0000,0.0000,5.0000,371.0000,1.0000
1642723200000.0000,S14,-1.0000,3.0000,-1.0000,-6.1998,-0.1329,29.5278,37.2813,-16.4007,-12.9553,2.0073,2.3452,2.5850,-16.6075,-23.7475,-1.0000,0.0000,5.0000,371.0000,1.0000
1642737600000.0000,S13,-1.0000,2.0000,-1.0000,-6.4058,-0.4592,19.7751,27.1943,-16.4007,-12.9553,2.4833,3.3500,3.3000,-32.4442,-61.4265,-1.0000,4.0000,5.0000,372.0000,1.0000
1642737600000.0000,S14,-1.0000,3.0000,-1.0000,-6.4058,-0.4592,19.7751,27.1943,-16.4007,-12.9553,2.4833,3.3500,3.3000,-32.4442,-61.4265,-1.0000,4.0000,5.0000,372.0000,1.0000
1642809600000.0000,S14,-1.0000,3.0000,-1.0000,-7.3511,-1.7519,27.1380,23.3205,-25.1261,-21.3438,3.0747,1.4735,3.0786,-10.6672,-22.0604,-1.0000,0.0000,6.0000,377.0000,1.0000
1643025600000.0000,S14,-1.0000,3.0000,-1.0000,-11.1139,-2.0833,34.1079,29.3123,-25.5633,-20.7010,3.5847,2.7799,1.9979,12.5519,-4.3127,-1.0000,12.0000,1.0000,392.0000,0.0000
1643990400000.0000,S13,1.0000,2.0000,1.0000,-7.0359,0.1663,73.7783,66.9090,-23.7871,-13.5943,2.1266,5.6531,3.0112,110.7796,114.5314,-1.0000,16.0000,5.0000,459.0000,1.0000
1643990400000.0000,S14,1.0000,3.0000,1.0000,-7.0359,0.1663,73.7783,66.9090,-23.7871,-13.5943,2.1266,5.6531,3.0112,110.7796,114.5314,-1.0000,16.0000,5.0000,459.0000,1.0000
1644004800000.0000,S14,1.0000,3.0000,1.0000,-6.7481,0.5158,79.6530,73.1647,-23.7871,-13.5943,2.1703,0.8341,2.3796,122.6718,128.7153,-1.0000,20.0000,5.0000,460.0000,1.0000
1644019200000.0000,S14,1.0000,3.0000,1.0000,-6.4094,0.9415,82.2191,76.4456,-15.1732,-3.4520,2.2291,1.0864,1.1809,114.8109,110.8781,-1.0000,0.0000,6.0000,461.0000,1.0000
1644192000000.0000,S14,1.0000,3.0000,1.0000,-3.2647,1.3680,68.5812,76.1225,-13.7196,-1.1563,1.7563,4.2923,0.9194,76.1495,102.3777,-1.0000,0.0000,1.0000,473.0000,1.0000
1644206400000.0000,S14,1.0000,3.0000,1.0000,-2.9823,1.4322,68.3121,78.4047,-13.7196,-1.1563,1.8300,1.5789,1.4724,80.7645,101.8212,-1.0000,4.0000,1.0000,474.0000,1.0000
1644264000000.0000,S14,1.0000,3.0000,1.0000,-1.8149,1.8131,76.0368,83.4951,-13.7196,-1.1563,1.8171,0.9813,1.6546,111.4637,107.1139,-1.0000,20.0000,1.0000,478.0000,0.0000
1644307200000.0000,S14,1.0000,3.0000,1.0000,-0.8935,2.0340,74.3662,80.9743,-10.8539,2.3824,1.8580,0.8973,2.0040,101.2692,105.9381,-1.0000,8.0000,2.0000,481.0000,0.0000
1644926400000.0000,S14,1.0000,3.0000,1.0000,1.9935,0.4001,75.8051,64.9359,-13.8654,1.5246,1.7896,0.9031,1.9520,120.1974,118.5847,-1.0000,12.0000,2.0000,39.0000,0.0000
1644969600000.0000,S14,1.0000,3.0000,1.0000,2.2800,0.7521,69.0489,65.9613,-9.8187,6.6329,1.6840,1.3667,0.9986,97.3300,96.9655,-1.0000,0.0000,3.0000,42.0000,0.0000
1645113600000.0000,S13,-1.0000,2.0000,-1.0000,2.5482,0.1323,23.2714,37.8858,-11.1995,5.2108,1.9228,1.8638,2.1506,-5.0447,0.9872,-1.0000,16.0000,4.0000,52.0000,1.0000
1645128000000.0000,S14,-1.0000,3.0000,-1.0000,2.3976,-0.1168,18.6468,33.6951,-11.1995,5.2108,2.0514,0.7896,1.7598,-16.5779,-20.0469,-1.0000,20.0000,4.0000,53.0000,1.0000
1645142400000.0000,S14,-1.0000,3.0000,-1.0000,2.2059,-0.3918,15.6256,30.2773,-18.0014,-2.5635,2.1356,0.5835,1.3876,-17.3858,-7.9685,-1.0000,0.0000,5.0000,54.0000,1.0000
1645200000000.0000,S14,-1.0000,3.0000,-1.0000,1.4699,-1.0850,26.5098,27.7675,-18.0014,-2.5635,2.1169,2.6522,2.3731,0.1401,-10.1689,-1.0000,16.0000,5.0000,58.0000,1.0000
1645344000000.0000,S12,-1.0000,1.0000,-1.0000,-0.1289,-1.0052,23.0717,26.5814,-18.9070,-2.9935,1.8464,1.7501,1.5613,12.9865,-13.9050,-1.0000,8.0000,0.0000,1.0000,1.0000
1645344000000.0000,S14,-1.0000,3.0000,-1.0000,-0.1289,-1.0052,23.0717,26.5814,-18.9070,-2.9935,1.8464,1.7501,1.5613,12.9865,-13.9050,-1.0000,8.0000,0.0000,1.0000,1.0000
1645358400000.0000,S14,-1.0000,3.0000,-1.0000,-0.3573,-1.1196,23.8725,24.2651,-18.9070,-2.9935,1.8900,0.7021,1.4708,7.3342,-4.5707,-1.0000,12.0000,0.0000,2.0000,1.0000
1645444800000.0000,S13,-1.0000,2.0000,-1.0000,-1.4613,-1.2494,30.3151,28.0892,-22.3205,-6.6677,2.1838,3.2082,1.8656,-4.7126,-13.5762,-1.0000,12.0000,1.0000,8.0000,1.0000
1645444800000.0000,S14,-1.0000,3.0000,-1.0000,-1.4613,-1.2494,30.3151,28.0892,-22.3205,-6.6677,2.1838,3.2082,1.8656,-4.7126,-13.5762,-1.0000,12.0000,1.0000,8.0000,1.0000
1645488000000.0000,S14,-1.0000,3.0000,-1.0000,-2.0040,-1.2843,36.9402,31.7571,-25.0813,-9.5679,2.7329,1.2161,1.8946,-5.4707,-5.6466,-1.0000,0.0000,2.0000,11.0000,0.0000
1645502400000.0000,S14,-1.0000,3.0000,-1.0000,-2.2646,-1.4947,34.4726,29.9814,-25.0813,-9.5679,2.7791,1.4138,1.7380,-3.3861,-3.5620,-1.0000,4.0000,2.0000,12.0000,0.0000
1645675200000.0000,S13,-1.0000,2.0000,-1.0000,-3.8674,-1.0879,19.9508,29.0162,-24.5005,-8.2235,3.0253,4.5300,2.3259,-20.5772,-40.4777,-1.0000,4.0000,4.0000,24.0000,0.0000
1645675200000.0000,S14,-1.0000,3.0000,-1.0000,-3.8674,-1.0879,19.9508,29.0162,-24.5005,-8.2235,3.0253,4.5300,2.3259,-20.5772,-40.4777,-1.0000,4.0000,4.0000,24.0000,0.0000
1645992000000.0000,S13,-1.0000,2.0000,-1.0000,-3.7786,-0.0664,32.9539,42.7652,-20.5643,-3.0781,2.7786,3.1015,0.9206,21.2530,52.4371,-1.0000,20.0000,0.0000,46.0000,0.0000
1646064000000.0000,S13,1.0000,2.0000,1.0000,-3.6687,-0.1016,73.2861,64.3453,-23.3824,-6.4060,2.8265,3.5471,2.7821,130.8160,126.1990,-1.0000,16.0000,1.0000,51.0000,1.0000
1646064000000.0000,S14,1.0000,3.0000,1.0000,-3.6687,-0.1016,73.2861,64.3453,-23.3824,-6.4060,2.8265,3.5471,2.7821,130.8160,126.1990,-1.0000,16.0000,1.0000,51.0000,1.0000
1646078400000.0000,S14,1.0000,3.0000,1.0000,-3.4501,0.2689,73.6706,66.5527,-23.3824,-6.4060,2.7424,0.6901,1.8329,118.1874,114.4397,-1.0000,20.0000,1.0000,52.0000,1.0000
1646092800000.0000,S14,1.0000,3.0000,1.0000,-3.1066,0.8012,79.4976,73.0684,-12.2729,7.0827,2.9208,1.2161,2.2070,133.1044,144.0340,-1.0000,0.0000,2.0000,53.0000,0.0000
1646251200000.0000,S12,1.0000,1.0000,1.0000,0.1995,1.7909,48.4878,67.6042,-9.6783,10.0699,2.6422,0.6865,0.7673,68.8579,80.5273,-1.0000,20.0000,3.0000,1.0000,0.0000
1646409600000.0000,S14,-1.0000,3.0000,-1.0000,1.0774,0.0986,24.6143,38.2759,-13.6107,5.2103,2.5921,1.8122,1.4114,-9.2258,-6.6313,-1.0000,16.0000,5.0000,12.0000,1.0000
1646438400000.0000,S14,-1.0000,3.0000,-1.0000,0.7953,-0.3709,18.7306,29.8219,-20.2819,-2.8167,2.7842,0.8725,1.3299,-10.1073,-10.6974,-1.0000,0.0000,6.0000,14.0000,0.0000
1646524800000.0000,S12,-1.0000,1.0000,-1.0000,-0.0008,-0.8228,45.2600,34.4467,-19.7310,-2.0197,2.2328,0.5737,0.4173,24.7356,14.4658,-1.0000,0.0000,0.0000,1.0000,0.0000
1646568000000.0000,S14,-1.0000,3.0000,-1.0000,-0.3631,-0.7624,27.9374,27.8494,-19.7310,-2.0197,2.2882,1.3381,1.2850,17.1405,0.2183,-1.0000,12.0000,0.0000,4.0000,0.0000
1646625600000.0000,S14,-1.0000,3.0000,-1.0000,-0.9191,-0.9948,31.8302,28.4456,-21.6716,-4.2277,2.3677,1.1212,1.4666,12.3579,-5.8847,-1.0000,4.0000,1.0000,8.0000,0.0000
1646683200000.0000,S13,-1.0000,2.0000,-1.0000,-1.4493,-1.0113,33.4270,32.5711,-21.6716,-4.2277,2.6065,1.7763,2.0246,-7.1097,-7.6843,-1.0000,20.0000,1.0000,12.0000,0.0000
1646683200000.0000,S14,-1.0000,3.0000,-1.0000,-1.4493,-1.0113,33.4270,32.5711,-21.6716,-4.2277,2.6065,1.7763,2.0246,-7.1097,-7.6843,-1.0000,20.0000,1.0000,12.0000,0.0000
1646798400000.0000,S13,1.0000,2.0000,1.0000,-1.7877,-0.2092,77.4683,63.3346,-20.8839,-3.0419,2.6153,3.1280,1.6948,139.9890,171.7394,-1.0000,4.0000,3.0000,20.0000,0.0000
1646798400000.0000,S14,1.0000,3.0000,1.0000,-1.7877,-0.2092,77.4683,63.3346,-20.8839,-3.0419,2.6153,3.1280,1.6948,139.9890,171.7394,-1.0000,4.0000,3.0000,20.0000,0.0000
1646812800000.0000,S14,1.0000,3.0000,1.0000,-1.6167,0.0760,78.7952,66.0162,-20.8839,-3.0419,2.5298,0.7240,1.3412,121.0272,106.6286,-1.0000,8.0000,3.0000,21.0000,0.0000
1646827200000.0000,S14,1.0000,3.0000,1.0000,-1.4273,0.4182,78.9414,67.6199,-20.8839,-3.0419,2.4603,0.9282,1.2479,114.6563,106.8327,-1.0000,12.0000,3.0000,22.0000,0.0000
1646841600000.0000,S14,1.0000,3.0000,1.0000,-1.2199,0.7736,77.5473,69.2221,-20.8839,-3.0419,2.4354,1.1449,1.3467,106.1143,99.8106,-1.0000,16.0000,3.0000,23.0000,0.0000
1647216000000.0000,S14,-1.0000,3.0000,-1.0000,-1.8641,-0.4337,25.9614,35.5306,-22.4548,-5.4505,2.0203,1.9048,1.5128,-27.0423,-21.0074,-1.0000,0.0000,1.0000,49.0000,0.0000
1647633600000.0000,S14,1.0000,3.0000,1.0000,-0.3935,0.5168,75.5643,69.2990,-15.7263,1.6813,1.8888,1.4104,1.2985,107.4092,112.7239,-1.0000,20.0000,5.0000,78.0000,1.0000
1647691200000.0000,S12,1.0000,1.0000,1.0000,0.0895,0.8505,59.2311,63.7072,-13.9507,3.5312,1.6915,0.6761,0.4081,82.7625,82.3165,-1.0000,12.0000,6.0000,1.0000,1.0000
1647921600000.0000,S13,1.0000,2.0000,1.0000,1.0602,0.3051,68.9289,63.9321,-15.3266,1.1221,1.5617,2.2573,1.9936,97.5412,95.8718,-1.0000,4.0000,2.0000,17.0000,1.0000
1648137600000.0000,S14,1.0000,3.0000,1.0000,2.3231,0.7989,72.5460,69.6776,-11.3088,5.3398,1.6585,3.2524,2.1129,105.0682,115.0905,-1.0000,16.0000,4.0000,32.0000,1.0000
1648209600000.0000,S14,1.0000,3.0000,1.0000,2.9879,1.0551,71.6070,72.5937,-8.9427,7.6879,1.5132,1.9268,1.2212,101.8817,105.5972,-1.0000,12.0000,5.0000,37.0000,1.0000
1648425600000.0000,S13,1.0000,2.0000,1.0000,4.5424,0.9887,86.2458,81.4886,-2.9722,13.7741,1.3182,1.0186,3.3685,143.9929,166.3012,-1.0000,0.0000,1.0000,52.0000,0.0000
1648425600000.0000,S14,1.0000,3.0000,1.0000,4.5424,0.9887,86.2458,81.4886,-2.9722,13.7741,1.3182,1.0186,3.3685,143.9929,166.3012,-1.0000,0.0000,1.0000,52.0000,0.0000
1648440000000.0000,S14,1.0000,3.0000,1.0000,4.7567,1.1598,84.4848,82.4026,-2.9722,13.7741,1.3679,0.6347,1.5723,123.0733,100.2877,-1.0000,4.0000,1.0000,53.0000,0.0000
1648497600000.0000,S14,1.0000,3.0000,1.0000,5.5847,1.7028,78.1571,85.2362,-2.9722,13.7741,1.3858,1.2591,1.3347,100.5311,100.3818,-1.0000,20.0000,1.0000,57.0000,0.0000
1648756800000.0000,S14,-1.0000,3.0000,-1.0000,7.0663,0.5143,28.2553,36.6306,-2.5270,13.7299,1.4926,1.0248,1.6954,-35.5131,-34.8911,-1.0000,20.0000,4.0000,75.0000,1.0000
1648785600000.0000,S14,-1.0000,3.0000,-1.0000,6.8433,0.1214,25.4198,28.3033,-5.7477,9.9057,1.6404,0.9908,1.9393,-22.4001,-18.2592,-1.0000,4.0000,5.0000,77.0000,0.0000
1648828800000.0000,S13,1.0000,2.0000,1.0000,6.6280,-0.0952,64.6015,53.5612,-5.7477,9.9057,1.6925,2.0726,1.9476,45.5037,59.8075,-1.0000,16.0000,5.0000,80.0000,0.0000
1649260800000.0000,S14,-1.0000,3.0000,-1.0000,5.1204,-0.4064,24.2620,29.7546,-5.7290,8.9329,1.7250,1.7953,2.2862,-19.6560,-9.9366,-1.0000,16.0000,3.0000,110.0000,1.0000
1649289600000.0000,S14,-1.0000,3.0000,-1.0000,4.7101,-0.6931,18.6733,23.7594,-10.5032,3.4293,1.8404,0.8395,0.6875,-11.1620,2.0063,-1.0000,0.0000,4.0000,112.0000,1.0000
1649462400000.0000,S14,-1.0000,3.0000,-1.0000,2.7366,-0.8022,30.6814,28.2874,-12.3658,1.1655,1.8022,0.7782,0.7229,9.1825,-1.5852,-1.0000,0.0000,6.0000,124.0000,1.0000
1649635200000.0000,S13,-1.0000,2.0000,-1.0000,1.1149,-0.6212,36.2899,36.0734,-12.5648,0.7081,1.4519,2.2159,1.8829,11.4190,-0.8463,-1.0000,0.0000,1.0000,136.0000,1.0000
1649678400000.0000,S13,-1.0000,2.0000,-1.0000,0.6755,-0.7777,27.8324,28.9780,-12.5648,0.7081,1.5748,2.1293,2.6144,-18.2730,-32.3381,-1.0000,12.0000,1.0000,139.0000,1.0000
1649678400000.0000,S14,-1.0000,3.0000,-1.0000,0.6755,-0.7777,27.8324,28.9780,-12.5648,0.7081,1.5748,2.1293,2.6144,-18.2730,-32.3381,-1.0000,12.0000,1.0000,139.0000,1.0000
1649692800000.0000,S14,-1.0000,3.0000,-1.0000,0.4596,-0.9843,23.9508,26.1685,-12.5648,0.7081,1.5952,0.8854,2.0357,-15.7632,-9.1007,-1.0000,16.0000,1.0000,140.0000,1.0000
1649865600000.0000,S13,1.0000,2.0000,1.0000,-1.7681,-1.0299,68.0049,49.6092,-16.8171,-4.4621,1.8892,2.5340,1.7921,57.5050,48.1222,-1.0000,16.0000,3.0000,11.0000,0.0000
1650268800000.0000,S13,-1.0000,2.0000,-1.0000,-3.4168,-0.5786,25.5679,30.3291,-17.5652,-5.8371,1.4190,1.1878,3.0800,-32.4569,-40.3114,-1.0000,8.0000,1.0000,39.0000,0.0000
1650268800000.0000,S14,-1.0000,3.0000,-1.0000,-3.4168,-0.5786,25.5679,30.3291,-17.5652,-5.8371,1.4190,1.1878,3.0800,-32.4569,-40.3114,-1.0000,8.0000,1.0000,39.0000,0.0000
1650312000000.0000,S13,1.0000,2.0000,1.0000,-3.5629,-0.6489,70.2675,55.7422,-17.5652,-5.8371,1.6104,0.9827,3.6224,82.7627,95.8185,-1.0000,20.0000,1.0000,42.0000,1.0000
1650384000000.0000,S14,1.0000,3.0000,1.0000,-3.3559,0.0534,69.3150,63.4126,-15.2054,-3.3144,1.5513,1.6411,2.3506,100.6406,107.4751,-1.0000,16.0000,2.0000,47.0000,0.0000
1650456000000.0000,S14,1.0000,3.0000,1.0000,-2.9484,0.3471,74.5803,68.4972,-13.7076,-1.5967,1.4020,2.7222,1.4516,96.7256,111.6551,-1.0000,12.0000,3.0000,52.0000,0.0000
1650542400000.0000,S14,1.0000,3.0000,1.0000,-2.5012,0.3556,69.0823,67.0401,-13.9321,-1.7741,1.4744,2.1276,1.6739,91.9021,109.5293,-1.0000,12.0000,4.0000,58.0000,0.0000
1650873600000.0000,S14,-1.0000,3.0000,-1.0000,-3.3175,-0.5465,28.4787,29.1505,-17.5155,-6.0464,1.5570,2.5574,1.6921,-14.0334,-7.8416,-1.0000,8.0000,1.0000,81.0000,0.0000
1650916800000.0000,S13,1.0000,2.0000,1.0000,-3.4078,-0.5523,68.2844,54.8028,-17.5155,-6.0464,1.7027,1.4809,2.3008,102.6118,81.0326,-1.0000,20.0000,1.0000,84.0000,0.0000
1651363200000.0000,S14,-1.0000,3.0000,-1.0000,-3.9155,-0.5481,25.3537,32.5782,-20.5129,-10.3156,1.6366,4.2014,1.1883,-5.2465,-19.7714,-1.0000,0.0000,0.0000,115.0000,0.0000
1651694400000.0000,S14,1.0000,3.0000,1.0000,-3.9169,0.0603,74.7276,65.5281,-19.7831,-10.0159,1.6003,1.7859,2.7443,117.7540,138.3373,-1.0000,20.0000,3.0000,138.0000,0.0000
1651766400000.0000,S13,-1.0000,2.0000,-1.0000,-3.6709,0.0929,15.6592,33.1749,-15.4232,-5.3573,1.9564,7.6217,3.6911,-7.2962,-20.7409,-1.0000,16.0000,4.0000,143.0000,1.0000
1651766400000.0000,S14,-1.0000,3.0000,-1.0000,-3.6709,0.0929,15.6592,33.1749,-15.4232,-5.3573,1.9564,7.6217,3.6911,-7.2962,-20.7409,-1.0000,16.0000,4.0000,143.0000,1.0000
1651780800000.0000,S14,-1.0000,3.0000,-1.0000,-3.8235,-0.2512,15.1244,29.9211,-15.4232,-5.3573,2.2020,2.5794,2.8425,-16.0079,-8.9654,-1.0000,20.0000,4.0000,144.0000,1.0000
1651982400000.0000,S14,-1.0000,3.0000,-1.0000,-5.5781,-1.1549,24.6965,22.6848,-23.7626,-14.7742,1.9133,2.8784,1.9424,15.0769,-3.5802,-1.0000,4.0000,0.0000,158.0000,1.0000
1652068800000.0000,S14,-1.0000,3.0000,-1.0000,-6.5663,-1.5319,32.2084,23.1778,-26.5924,-17.8975,2.0507,1.7424,2.2098,-5.1408,-5.0459,-1.0000,4.0000,1.0000,164.0000,1.0000
1652097600000.0000,S14,-1.0000,3.0000,-1.0000,-6.9666,-1.6807,34.1615,20.8984,-26.5924,-17.8975,2.1405,1.4287,2.2052,-3.4224,-7.7445,-1.0000,12.0000,1.0000,166.0000,1.0000
1652112000000.0000,S14,-1.0000,3.0000,-1.0000,-7.2243,-1.8567,28.0269,17.5794,-26.5924,-17.8975,2.3363,1.9685,2.7809,-9.8646,-10.4036,-1.0000,16.0000,1.0000,167.0000,1.0000
1652126400000.0000,S13,-1.0000,2.0000,-1.0000,-7.5750,-2.1179,21.2733,13.4610,-26.5924,-17.8975,2.7485,1.6643,4.3100,-10.4512,-16.8929,-1.0000,20.0000,1.0000,168.0000,1.0000
1652126400000.0000,S14,-1.0000,3.0000,-1.0000,-7.5750,-2.1179,21.2733,13.4610,-26.5924,-17.8975,2.7485,1.6643,4.3100,-10.4512,-16.8929,-1.0000,20.0000,1.0000,168.0000,1.0000
1652140800000.0000,S14,-1.0000,3.0000,-1.0000,-7.9745,-2.4134,20.1745,11.6355,-34.9117,-27.0607,3.0793,1.0777,2.2584,-11.0503,-0.9020,-1.0000,0.0000,2.0000,169.0000,1.0000
1653883200000.0000,S13,1.0000,2.0000,1.0000,-9.2694,0.0664,79.4857,71.1008,-31.3928,-16.2500,1.5482,1.7469,1.6939,142.9206,137.1733,-1.0000,4.0000,1.0000,290.0000,1.0000
1653883200000.0000,S14,1.0000,3.0000,1.0000,-9.2694,0.0664,79.4857,71.1008,-31.3928,-16.2500,1.5482,1.7469,1.6939,142.9206,137.1733,-1.0000,4.0000,1.0000,290.0000,1.0000
1653897600000.0000,S14,1.0000,3.0000,1.0000,-9.0712,0.2536,79.6570,73.9594,-31.3928,-16.2500,1.5852,1.2550,1.6670,127.3472,111.3585,-1.0000,8.0000,1.0000,291.0000,1.0000
1653955200000.0000,S13,1.0000,2.0000,1.0000,-8.2325,0.9077,80.9590,82.2730,-25.8316,-9.2720,1.7543,0.7028,3.7811,114.8756,131.9576,-1.0000,0.0000,2.0000,295.0000,0.0000
1653955200000.0000,S14,1.0000,3.0000,1.0000,-8.2325,0.9077,80.9590,82.2730,-25.8316,-9.2720,1.7543,0.7028,3.7811,114.8756,131.9576,-1.0000,0.0000,2.0000,295.0000,0.0000
1654488000000.0000,S13,1.0000,2.0000,1.0000,-5.1768,0.0942,81.4349,67.6199,-28.4302,-11.4178,1.4592,3.3716,2.8410,131.7037,142.7455,-1.0000,4.0000,1.0000,332.0000,0.0000
1654488000000.0000,S14,1.0000,3.0000,1.0000,-5.1768,0.0942,81.4349,67.6199,-28.4302,-11.4178,1.4592,3.3716,2.8410,131.7037,142.7455,-1.0000,4.0000,1.0000,332.0000,0.0000
1654502400000.0000,S14,1.0000,3.0000,1.0000,-5.0140,0.2961,79.3299,68.0209,-28.4302,-11.4178,1.4189,1.0497,1.4091,117.5452,102.8944,-1.0000,8.0000,1.0000,333.0000,0.0000
1654574400000.0000,S13,-1.0000,2.0000,-1.0000,-4.3967,0.5485,25.5278,39.6419,-24.7226,-6.6542,1.9289,1.6195,4.3742,24.7368,3.5189,-1.0000,4.0000,2.0000,338.0000,0.0000
1654632000000.0000,S13,1.0000,2.0000,1.0000,-4.3177,-0.2214,70.1642,57.9700,-24.7226,-6.6542,1.9974,2.2490,1.5690,77.7652,76.6095,-1.0000,20.0000,2.0000,342.0000,0.0000
1654660800000.0000,S13,-1.0000,2.0000,-1.0000,-4.1793,0.0469,40.8215,46.6483,-25.0751,-6.8551,2.4309,2.4342,1.7400,35.5762,29.1446,-1.0000,4.0000,3.0000,344.0000,1.0000
1654891200000.0000,S14,-1.0000,3.0000,-1.0000,-3.8306,-0.3472,27.5988,33.1924,-27.0097,-8.6617,1.9593,0.6972,1.2673,-8.6213,-4.2346,-1.0000,20.0000,5.0000,360.0000,1.0000
1654948800000.0000,S14,-1.0000,3.0000,-1.0000,-4.0648,-0.6874,30.3688,33.2151,-29.2447,-11.1360,1.8459,2.4092,1.6906,-1.0021,-1.7051,-1.0000,12.0000,6.0000,364.0000,1.0000
1654963200000.0000,S14,-1.0000,3.0000,-1.0000,-4.1789,-0.7362,30.9900,30.2428,-29.2447,-11.1360,1.8931,2.4523,2.0319,-6.6208,-7.4608,-1.0000,16.0000,6.0000,365.0000,1.0000
1655006400000.0000,S14,-1.0000,3.0000,-1.0000,-4.5444,-1.0526,27.5498,25.4674,-30.6217,-12.5712,2.1536,1.0650,1.9907,-7.7956,-18.4607,-1.0000,4.0000,0.0000,368.0000,1.0000
1655078400000.0000,S14,-1.0000,3.0000,-1.0000,-5.3473,-1.4205,28.3329,26.3980,-34.8947,-17.6098,2.5431,1.7681,1.3208,-5.2254,-11.4213,-1.0000,0.0000,1.0000,373.0000,1.0000
1655092800000.0000,S14,-1.0000,3.0000,-1.0000,-5.6639,-1.6496,23.0970,21.5859,-34.8947,-17.6098,3.0054,2.9575,3.6457,-11.6980,-25.8946,-1.0000,4.0000,1.0000,374.0000,1.0000
1655107200000.0000,S14,-1.0000,3.0000,-1.0000,-6.0328,-1.9403,20.3700,19.0706,-34.8947,-17.6098,3.3604,1.8079,2.3488,-11.2336,-1.1091,-1.0000,8.0000,1.0000,375.0000,1.0000
1655121600000.0000,S14,-1.0000,3.0000,-1.0000,-6.4882,-2.4477,14.8813,16.0031,-34.8947,-17.6098,3.6980,1.1803,2.9993,-13.7330,-13.9372,-1.0000,12.0000,1.0000,376.0000,1.0000
1655136000000.0000,S14,-1.0000,3.0000,-1.0000,-6.9661,-2.9114,21.8327,14.9102,-34.8947,-17.6098,4.0362,1.2090,2.7453,-7.1618,-2.3400,-1.0000,16.0000,1.0000,377.0000,1.0000
1655164800000.0000,S14,-1.0000,3.0000,-1.0000,-7.9354,-3.5526,21.8951,13.1371,-44.6605,-29.5402,4.5459,1.3593,1.1328,-1.3547,-2.5654,-1.0000,0.0000,2.0000,379.0000,1.0000
1655582400000.0000,S14,-1.0000,3.0000,-1.0000,-18.1431,-3.6022,18.4255,20.5466,-48.7586,-32.8379,4.7297,1.2767,1.9992,-10.1175,-16.1277,-1.0000,20.0000,6.0000,408.0000,0.0000
1656244800000.0000,S14,1.0000,3.0000,1.0000,-16.4462,0.2458,66.1721,60.5473,-44.3957,-22.4312,2.2145,2.3792,0.7260,91.3955,104.0912,-1.0000,12.0000,0.0000,454.0000,0.0000
1656446400000.0000,S14,-1.0000,3.0000,-1.0000,-15.0194,-0.4196,30.4932,37.9452,-45.9393,-23.6040,2.1570,0.9279,1.3767,-9.0416,-18.3208,-1.0000,20.0000,2.0000,468.0000,1.0000
1656489600000.0000,S14,-1.0000,3.0000,-1.0000,-14.9501,-0.7245,35.1213,35.8111,-46.9559,-24.7600,2.0735,1.1658,1.4730,5.3703,-1.2523,-1.0000,8.0000,3.0000,471.0000,1.0000
1656576000000.0000,S13,-1.0000,2.0000,-1.0000,-14.8689,-0.8445,24.3089,27.9587,-47.1676,-24.7389,2.1631,1.2247,1.3206,-7.7809,-27.2706,-1.0000,8.0000,4.0000,477.0000,0.0000
1656576000000.0000,S14,-1.0000,3.0000,-1.0000,-14.8689,-0.8445,24.3089,27.9587,-47.1676,-24.7389,2.1631,1.2247,1.3206,-7.7809,-27.2706,-1.0000,8.0000,4.0000,477.0000,0.0000
1656590400000.0000,S14,-1.0000,3.0000,-1.0000,-14.9541,-0.9970,18.9044,24.5675,-47.1676,-24.7389,2.2339,1.0686,1.6319,-9.6022,-9.4464,-1.0000,12.0000,4.0000,478.0000,0.0000
1656633600000.0000,S13,1.0000,2.0000,1.0000,-15.0700,-1.3173,62.7035,46.0588,-47.4345,-24.9004,2.5552,2.2401,1.5607,31.9053,37.2445,-1.0000,0.0000,5.0000,481.0000,1.0000
1656936000000.0000,S13,1.0000,2.0000,1.0000,-14.7805,-0.5123,73.9967,56.7388,-48.5015,-25.5458,2.0556,2.7337,1.6446,129.8627,49.6835,-1.0000,12.0000,1.0000,502.0000,1.0000
1656979200000.0000,S14,1.0000,3.0000,1.0000,-14.3572,-0.0783,72.1625,63.9868,-45.8485,-21.3235,2.1559,1.4532,1.3744,117.5999,103.9449,-1.0000,0.0000,2.0000,505.0000,1.0000
1657022400000.0000,S13,-1.0000,2.0000,-1.0000,-13.9329,0.1702,38.7939,47.4373,-45.8485,-21.3235,2.2595,1.2394,1.6213,51.4915,41.9430,-1.0000,12.0000,2.0000,508.0000,0.0000
1657051200000.0000,S13,1.0000,2.0000,1.0000,-13.6676,0.1301,66.0207,61.1122,-45.8485,-21.3235,2.3125,2.0336,1.8887,98.8648,95.7394,-1.0000,20.0000,2.0000,510.0000,1.0000
1657209600000.0000,S14,1.0000,3.0000,1.0000,-11.8340,0.5910,68.5645,65.7325,-44.5841,-18.8131,2.0576,1.5579,1.3821,105.2770,110.5598,-1.0000,16.0000,4.0000,521.0000,1.0000
1657224000000.0000,S13,1.0000,2.0000,1.0000,-11.4941,0.8123,78.7670,74.8612,-44.5841,-18.8131,2.1767,3.0873,1.7897,121.1245,131.9492,-1.0000,20.0000,4.0000,522.0000,0.0000
1657224000000.0000,S14,1.0000,3.0000,1.0000,-11.4941,0.8123,78.7670,74.8612,-44.5841,-18.8131,2.1767,3.0873,1.7897,121.1245,131.9492,-1.0000,20.0000,4.0000,522.0000,0.0000
1657252800000.0000,S14,1.0000,3.0000,1.0000,-10.8312,1.2956,74.3405,74.7731,-41.5291,-14.1458,2.2376,0.4529,1.0710,111.9268,110.8774,-1.0000,4.0000,5.0000,524.0000,0.0000
1657512000000.0000,S14,-1.0000,3.0000,-1.0000,-7.4917,0.0861,26.2929,39.2117,-42.9713,-15.5013,2.1037,0.8108,0.5688,-8.4146,-5.3958,-1.0000,4.0000,1.0000,542.0000,1.0000
1657526400000.0000,S14,-1.0000,3.0000,-1.0000,-7.4723,-0.0797,25.7098,37.6316,-42.9713,-15.5013,2.0549,0.6104,0.4630,-5.4013,-1.7893,-1.0000,8.0000,1.0000,543.0000,1.0000
1657584000000.0000,S14,-1.0000,3.0000,-1.0000,-7.4296,-0.3960,25.9505,31.3571,-45.1972,-18.4596,2.1293,1.1544,0.7880,-3.2969,-16.6792,-1.0000,0.0000,2.0000,547.0000,0.0000
1657612800000.0000,S14,-1.0000,3.0000,-1.0000,-7.5278,-0.5962,27.5754,28.3527,-45.1972,-18.4596,2.0899,1.9329,0.9091,1.7557,-2.2227,-1.0000,8.0000,2.0000,549.0000,0.0000
1657656000000.0000,S14,-1.0000,3.0000,-1.0000,-7.6990,-0.8662,29.0525,26.9100,-45.1972,-18.4596,2.1646,2.0437,0.9080,5.1420,-5.7055,-1.0000,20.0000,2.0000,552.0000,0.0000
1657915200000.0000,S14,1.0000,3.0000,1.0000,-6.8769,0.4630,65.9898,64.5152,-42.7592,-13.9264,2.2656,0.9300,0.7557,96.5936,102.8443,-1.0000,20.0000,5.0000,570.0000,1.0000
1658131200000.0000,S13,1.0000,2.0000,1.0000,-4.8541,0.6083,74.9527,69.5306,-41.5115,-11.2678,2.2339,1.7020,2.1126,132.6104,149.7892,-1.0000,8.0000,1.0000,585.0000,1.0000
1658131200000.0000,S14,1.0000,3.0000,1.0000,-4.8541,0.6083,74.9527,69.5306,-41.5115,-11.2678,2.2339,1.7020,2.1126,132.6104,149.7892,-1.0000,8.0000,1.0000,585.0000,1.0000
1658160000000.0000,S14,1.0000,3.0000,1.0000,-4.3227,1.0491,74.6091,72.0074,-41.5115,-11.2678,2.3515,1.2987,1.7922,109.6895,100.6796,-1.0000,16.0000,1.0000,587.0000,1.0000
1658174400000.0000,S13,-1.0000,2.0000,-1.0000,-4.1818,1.1632,46.4008,55.1882,-41.5115,-11.2678,2.7241,1.1919,1.7251,62.5028,45.8856,-1.0000,20.0000,1.0000,588.0000,0.0000
1658246400000.0000,S13,1.0000,2.0000,1.0000,-3.1581,1.1632,72.5856,65.4764,-36.6955,-3.7168,2.9846,2.7033,1.9938,111.9789,110.0652,-1.0000,16.0000,2.0000,593.0000,0.0000
1658246400000.0000,S14,1.0000,3.0000,1.0000,-3.1581,1.1632,72.5856,65.4764,-36.6955,-3.7168,2.9846,2.7033,1.9938,111.9789,110.0652,-1.0000,16.0000,2.0000,593.0000,0.0000
1658260800000.0000,S14,1.0000,3.0000,1.0000,-2.8238,1.2956,74.1808,67.1469,-36.6955,-3.7168,2.9816,0.8319,1.5954,107.4391,107.0160,-1.0000,20.0000,2.0000,594.0000,0.0000
1658332800000.0000,S14,1.0000,3.0000,1.0000,-1.2276,2.0428,70.1638,72.0457,-33.7617,1.1449,2.7865,1.3570,1.3943,96.4217,109.1322,-1.0000,16.0000,3.0000,599.0000,0.0000
1658448000000.0000,S12,1.0000,1.0000,1.0000,0.0623,0.8814,52.9249,56.7248,-33.9993,1.4238,2.7768,0.6160,0.6089,56.1651,59.1092,-1.0000,0.0000,5.0000,1.0000,0.0000
1658577600000.0000,S14,-1.0000,3.0000,-1.0000,0.8499,0.3177,29.5585,43.9524,-35.1119,0.0574,2.5832,1.6165,0.9325,0.3186,-9.5599,-1.0000,12.0000,6.0000,10.0000,0.0000
1658721600000.0000,S14,-1.0000,3.0000,-1.0000,0.9521,0.1656,29.1619,39.5247,-35.0013,0.8871,2.3884,1.2833,1.4235,-4.7488,-6.6446,-1.0000,4.0000,1.0000,20.0000,0.0000
1658793600000.0000,S14,-1.0000,3.0000,-1.0000,0.5693,-0.4539,28.7143,33.0518,-38.4608,-4.0438,2.3977,1.5087,1.8385,-14.2785,-11.7947,-1.0000,0.0000,2.0000,25.0000,0.0000
1658808000000.0000,S14,-1.0000,3.0000,-1.0000,0.4175,-0.5805,30.1914,31.2977,-38.4608,-4.0438,2.4077,1.3705,1.7109,-8.4966,-4.8987,-1.0000,4.0000,2.0000,26.0000,0.0000
1658851200000.0000,S12,-1.0000,1.0000,-1.0000,-0.0639,-0.9954,23.1641,27.5208,-38.4608,-4.0438,2.2780,1.1232,1.5052,0.6717,-3.1633,-1.0000,16.0000,2.0000,1.0000,0.0000
1658851200000.0000,S14,-1.0000,3.0000,-1.0000,-0.0639,-0.9954,23.1641,27.5208,-38.4608,-4.0438,2.2780,1.1232,1.5052,0.6717,-3.1633,-1.0000,16.0000,2.0000,1.0000,0.0000
1658952000000.0000,S13,1.0000,2.0000,1.0000,-0.5197,-0.3082,85.9539,62.6778,-38.4426,-3.4169,2.2859,2.6265,2.7548,93.7465,89.6796,-1.0000,20.0000,3.0000,8.0000,1.0000
1659009600000.0000,S12,1.0000,1.0000,1.0000,0.0491,0.9103,67.9348,64.3019,-33.3448,5.0785,2.1949,0.6971,0.8026,92.2190,86.1692,-1.0000,12.0000,4.0000,1.0000,1.0000
1659196800000.0000,S14,1.0000,3.0000,1.0000,2.3893,1.1483,67.7632,72.9595,-30.5962,10.1188,2.1032,1.1843,1.1106,84.4509,102.8673,-1.0000,16.0000,6.0000,14.0000,0.0000
1659643200000.0000,S14,-1.0000,3.0000,-1.0000,2.2425,-0.1843,30.9511,37.8842,-32.4053,6.9522,1.9531,0.8845,1.2179,-7.1377,-17.9571,-1.0000,20.0000,4.0000,45.0000,0.0000
1659945600000.0000,S13,1.0000,2.0000,1.0000,2.0209,0.1886,76.9726,66.0501,-30.5563,7.6482,1.3268,1.7908,1.5200,136.6678,135.3029,-1.0000,8.0000,1.0000,66.0000,0.0000
1659945600000.0000,S14,1.0000,3.0000,1.0000,2.0209,0.1886,76.9726,66.0501,-30.5563,7.6482,1.3268,1.7908,1.5200,136.6678,135.3029,-1.0000,8.0000,1.0000,66.0000,0.0000
1659960000000.0000,S14,1.0000,3.0000,1.0000,2.1356,0.3756,79.8208,71.1810,-30.5563,7.6482,1.3376,1.1497,1.7220,133.6000,126.5204,-1.0000,12.0000,1.0000,67.0000,0.0000
1660046400000.0000,S13,-1.0000,2.0000,-1.0000,2.4243,0.4263,29.0503,46.5368,-28.4709,10.2692,1.4543,1.7206,1.8407,42.1360,31.1787,-1.0000,12.0000,2.0000,73.0000,0.0000
1660147200000.0000,S13,1.0000,2.0000,1.0000,2.1885,-0.0252,74.3181,61.8573,-30.3146,6.9571,1.5863,1.0989,2.8609,85.0168,85.7794,-1.0000,16.0000,3.0000,80.0000,1.0000
1660550400000.0000,S13,-1.0000,2.0000,-1.0000,3.7004,0.3670,35.8326,46.5014,-26.1624,10.6096,1.9035,1.8471,1.8811,22.1932,26.8989,-1.0000,8.0000,1.0000,108.0000,1.0000
1660752000000.0000,S14,-1.0000,3.0000,-1.0000,3.0783,-0.1996,33.6325,35.9145,-27.2333,7.9533,1.6941,0.9508,1.5086,-4.5141,-17.3735,-1.0000,16.0000,3.0000,122.0000,1.0000
1660766400000.0000,S14,-1.0000,3.0000,-1.0000,2.9609,-0.2865,32.0497,34.1284,-27.2333,7.9533,1.7109,1.0460,1.1796,-10.4034,-6.3724,-1.0000,20.0000,3.0000,123.0000,1.0000
1660881600000.0000,S14,-1.0000,3.0000,-1.0000,2.1860,-0.4800,25.9542,28.3858,-28.9375,4.3714,1.5185,0.7169,1.3680,-9.0551,-24.4409,-1.0000,4.0000,5.0000,131.0000,1.0000
1660996800000.0000,S12,-1.0000,1.0000,-1.0000,-0.0581,-1.8082,39.5961,25.4696,-35.9863,-6.3106,1.9658,0.6508,0.7095,18.3473,12.6678,-1.0000,12.0000,6.0000,1.0000,1.0000
1661529600000.0000,S14,-1.0000,3.0000,-1.0000,-3.4752,-0.5056,32.5992,32.5764,-32.6241,-3.8892,1.7601,3.2369,3.3579,-33.8110,-13.1048,-1.0000,16.0000,5.0000,38.0000,1.0000
1661731200000.0000,S14,-1.0000,3.0000,-1.0000,-5.4008,-1.1733,22.9491,20.4817,-38.1856,-12.4319,1.6214,2.7566,1.0837,16.1512,-8.9631,-1.0000,0.0000,1.0000,52.0000,0.0000
1661918400000.0000,S13,1.0000,2.0000,1.0000,-6.0143,-0.6392,62.2480,52.3930,-36.9199,-11.2274,1.8335,0.8720,1.2955,91.6518,86.2911,-1.0000,4.0000,3.0000,65.0000,0.0000
1662494400000.0000,S13,-1.0000,2.0000,-1.0000,-6.0817,-0.4016,19.9307,27.6461,-35.5724,-11.0376,1.7273,1.1856,2.3379,-50.4888,-125.7196,-1.0000,20.0000,2.0000,105.0000,0.0000
1662494400000.0000,S14,-1.0000,3.0000,-1.0000,-6.0817,-0.4016,19.9307,27.6461,-35.5724,-11.0376,1.7273,1.1856,2.3379,-50.4888,-125.7196,-1.0000,20.0000,2.0000,105.0000,0.0000
1662696000000.0000,S13,1.0000,2.0000,1.0000,-6.5040,-0.2228,76.2708,62.8011,-36.4942,-12.2629,1.6530,1.7930,0.9251,102.7198,100.3990,-1.0000,4.0000,5.0000,119.0000,1.0000
1662710400000.0000,S13,1.0000,2.0000,1.0000,-6.3031,0.0490,82.3947,72.0547,-36.4942,-12.2629,1.8026,1.1808,1.6338,114.7761,127.7098,-1.0000,8.0000,5.0000,120.0000,1.0000
1662710400000.0000,S14,1.0000,3.0000,1.0000,-6.3031,0.0490,82.3947,72.0547,-36.4942,-12.2629,1.8026,1.1808,1.6338,114.7761,127.7098,-1.0000,8.0000,5.0000,120.0000,1.0000
1662724800000.0000,S14,1.0000,3.0000,1.0000,-6.0661,0.3836,79.0154,75.0568,-36.4942,-12.2629,1.8428,1.2951,1.4909,115.2130,107.7720,-1.0000,12.0000,5.0000,121.0000,1.0000
1662739200000.0000,S14,1.0000,3.0000,1.0000,-5.7915,0.7509,80.6593,77.8169,-36.4942,-12.2629,1.8389,1.5085,1.6474,108.9459,98.9815,-1.0000,16.0000,5.0000,122.0000,1.0000
1663084800000.0000,S13,-1.0000,2.0000,-1.0000,-0.6039,1.0467,22.9600,40.2853,-25.6058,2.0431,2.5316,1.3089,2.1418,-8.0261,-20.1879,-1.0000,16.0000,2.0000,146.0000,1.0000
1663084800000.0000,S14,-1.0000,3.0000,-1.0000,-0.6039,1.0467,22.9600,40.2853,-25.6058,2.0431,2.5316,1.3089,2.1418,-8.0261,-20.1879,-1.0000,16.0000,2.0000,146.0000,1.0000
1663099200000.0000,S14,-1.0000,3.0000,-1.0000,-0.7032,0.6061,18.7709,34.8506,-25.6058,2.0431,2.7235,1.0320,1.2565,-17.2759,-22.1733,-1.0000,20.0000,2.0000,147.0000,1.0000
1663560000000.0000,S13,-1.0000,2.0000,-1.0000,-3.1237,-0.7104,16.9805,24.3352,-34.1015,-10.1122,1.8991,1.2060,1.4250,-36.3549,-58.6819,-1.0000,4.0000,1.0000,179.0000,0.0000
1663560000000.0000,S14,-1.0000,3.0000,-1.0000,-3.1237,-0.7104,16.9805,24.3352,-34.1015,-10.1122,1.8991,1.2060,1.4250,-36.3549,-58.6819,-1.0000,4.0000,1.0000,179.0000,0.0000
1663574400000.0000,S14,-1.0000,3.0000,-1.0000,-3.3343,-0.9641,15.7658,21.4099,-34.1015,-10.1122,2.0492,1.4385,1.6246,-29.7180,-15.0810,-1.0000,8.0000,1.0000,180.0000,0.0000
1664251200000.0000,S13,1.0000,2.0000,1.0000,-4.4792,0.0888,79.2614,71.2767,-32.8611,-8.2741,1.9152,1.3934,1.9915,146.0997,183.6342,-1.0000,4.0000,2.0000,227.0000,0.0000
1664251200000.0000,S14,1.0000,3.0000,1.0000,-4.4792,0.0888,79.2614,71.2767,-32.8611,-8.2741,1.9152,1.3934,1.9915,146.0997,183.6342,-1.0000,4.0000,2.0000,227.0000,0.0000
1664870400000.0000,S14,1.0000,3.0000,1.0000,-2.6095,0.2971,74.5196,67.8649,-29.7328,-3.3637,1.4585,1.4654,1.3658,132.7196,135.7071,-1.0000,8.0000,2.0000,270.0000,0.0000
1664928000000.0000,S14,1.0000,3.0000,1.0000,-2.0736,0.7308,74.4269,73.9734,-26.9155,0.4972,1.5224,0.6763,1.0756,104.2485,104.9666,-1.0000,0.0000,3.0000,274.0000,0.0000
1665172800000.0000,S14,-1.0000,3.0000,-1.0000,-0.8992,0.0473,29.3274,37.0421,-27.7077,-0.6716,1.4938,0.8614,0.9031,-17.2595,-0.4319,-1.0000,20.0000,5.0000,291.0000,1.0000
1665662400000.0000,S14,-1.0000,3.0000,-1.0000,-1.9697,-0.3573,25.3243,24.7091,-28.7751,-3.3433,1.0627,1.6675,1.5411,-19.3662,-15.6000,-1.0000,12.0000,4.0000,325.0000,0.0000
1665720000000.0000,S13,1.0000,2.0000,1.0000,-1.8591,-0.0771,71.7688,68.0935,-27.5890,-2.0382,1.4663,0.5436,1.4410,132.2858,121.6424,-1.0000,4.0000,5.0000,329.0000,0.0000
1665720000000.0000,S14,1.0000,3.0000,1.0000,-1.8591,-0.0771,71.7688,68.0935,-27.5890,-2.0382,1.4663,0.5436,1.4410,132.2858,121.6424,-1.0000,4.0000,5.0000,329.0000,0.0000
1666238400000.0000,S14,-1.0000,3.0000,-1.0000,-1.4249,-0.1547,38.2641,38.4823,-26.2721,-2.7198,1.1006,0.5832,0.8074,7.4197,-1.4266,-1.0000,4.0000,4.0000,365.0000,0.0000
1666555200000.0000,S13,1.0000,2.0000,1.0000,-1.3927,0.0184,77.7917,66.4347,-24.7867,-2.0396,0.8013,1.3073,1.5225,124.9893,119.8103,-1.0000,20.0000,0.0000,387.0000,1.0000
1666555200000.0000,S14,1.0000,3.0000,1.0000,-1.3927,0.0184,77.7917,66.4347,-24.7867,-2.0396,0.8013,1.3073,1.5225,124.9893,119.8103,-1.0000,20.0000,0.0000,387.0000,1.0000
1666569600000.0000,S14,1.0000,3.0000,1.0000,-1.3276,0.0938,77.7332,68.9012,-22.9972,-0.1457,0.8336,1.5754,1.5978,119.2251,100.9989,-1.0000,0.0000,1.0000,388.0000,1.0000
1666713600000.0000,S13,1.0000,2.0000,1.0000,-1.0266,0.1402,81.2388,68.5273,-23.5817,-1.3062,0.9460,3.7857,2.6738,130.1337,116.0092,-1.0000,16.0000,2.0000,398.0000,1.0000
1666713600000.0000,S14,1.0000,3.0000,1.0000,-1.0266,0.1402,81.2388,68.5273,-23.5817,-1.3062,0.9460,3.7857,2.6738,130.1337,116.0092,-1.0000,16.0000,2.0000,398.0000,1.0000
1666728000000.0000,S13,1.0000,2.0000,1.0000,-0.8685,0.3267,90.3483,78.2956,-23.5817,-1.3062,1.1124,1.5586,3.1348,123.1598,140.5796,-1.0000,20.0000,2.0000,399.0000,1.0000
1666728000000.0000,S14,1.0000,3.0000,1.0000,-0.8685,0.3267,90.3483,78.2956,-23.5817,-1.3062,1.1124,1.5586,3.1348,123.1598,140.5796,-1.0000,20.0000,2.0000,399.0000,1.0000
1666800000000.0000,S14,1.0000,3.0000,1.0000,-0.0671,1.0433,76.8368,80.2703,-20.2658,2.4953,1.3568,1.3120,2.1839,109.8968,106.4553,-1.0000,16.0000,3.0000,404.0000,0.0000
1667577600000.0000,S14,1.0000,3.0000,1.0000,2.0946,0.1668,61.0892,64.1969,-16.7540,3.2111,1.3394,1.6420,2.4407,102.1869,92.7481,-1.0000,16.0000,5.0000,54.0000,0.0000
1667620800000.0000,S14,1.0000,3.0000,1.0000,2.3938,0.6220,72.0665,75.4718,-12.5247,7.8563,1.3487,0.7029,0.9758,116.2878,110.7577,-1.0000,4.0000,6.0000,57.0000,0.0000
1667880000000.0000,S13,-1.0000,2.0000,-1.0000,2.7932,-0.1187,29.2830,30.7470,-13.7504,4.6440,1.3193,2.3243,1.6534,-13.0141,-16.0145,-1.0000,4.0000,2.0000,75.0000,1.0000
1667880000000.0000,S14,-1.0000,3.0000,-1.0000,2.7932,-0.1187,29.2830,30.7470,-13.7504,4.6440,1.3193,2.3243,1.6534,-13.0141,-16.0145,-1.0000,4.0000,2.0000,75.0000,1.0000
1667894400000.0000,S14,-1.0000,3.0000,-1.0000,2.6322,-0.2911,28.2093,25.5899,-13.7504,4.6440,1.5767,0.8422,2.6403,-20.4649,-25.2499,-1.0000,8.0000,2.0000,76.0000,1.0000
1667937600000.0000,S13,-1.0000,2.0000,-1.0000,1.9160,-1.1266,26.9974,13.4564,-13.7504,4.6440,2.9921,2.4655,4.1027,-22.8857,-38.5677,-1.0000,20.0000,2.0000,79.0000,1.0000
1667937600000.0000,S14,-1.0000,3.0000,-1.0000,1.9160,-1.1266,26.9974,13.4564,-13.7504,4.6440,2.9921,2.4655,4.1027,-22.8857,-38.5677,-1.0000,20.0000,2.0000,79.0000,1.0000
1668038400000.0000,S14,-1.0000,3.0000,-1.0000,-0.9091,-2.8655,22.7095,10.0108,-32.6745,-18.7548,4.3702,0.8995,1.2362,-5.2946,-11.2445,-1.0000,0.0000,4.0000,2.0000,0.0000
1668988800000.0000,S14,-1.0000,3.0000,-1.0000,-8.1463,-0.4695,24.7567,35.2410,-27.4315,-14.6173,1.2620,1.3917,1.6195,-41.0733,-31.3322,-1.0000,0.0000,1.0000,68.0000,1.0000
1669003200000.0000,S14,-1.0000,3.0000,-1.0000,-8.2058,-0.6015,22.9434,30.2917,-27.4315,-14.6173,1.3584,1.8224,2.2162,-26.6956,-8.4910,-1.0000,4.0000,1.0000,69.0000,0.0000
1669060800000.0000,S13,-1.0000,2.0000,-1.0000,-8.4427,-0.9523,23.1650,25.6290,-27.4315,-14.6173,1.6041,1.7643,2.1203,-12.8222,-16.2519,-1.0000,20.0000,1.0000,73.0000,0.0000
1669060800000.0000,S14,-1.0000,3.0000,-1.0000,-8.4427,-0.9523,23.1650,25.6290,-27.4315,-14.6173,1.6041,1.7643,2.1203,-12.8222,-16.2519,-1.0000,20.0000,1.0000,73.0000,0.0000
1669608000000.0000,S14,-1.0000,3.0000,-1.0000,-6.5949,-0.1049,26.8297,33.4159,-24.7974,-11.6635,1.0796,1.1689,2.0915,-41.2047,-45.1027,-1.0000,4.0000,1.0000,111.0000,0.0000
1670400000000.0000,S13,-1.0000,2.0000,-1.0000,-2.5495,0.0616,26.9080,38.4870,-19.6353,-5.9612,0.9699,2.2811,1.3680,-11.7911,-22.7618,-1.0000,8.0000,3.0000,166.0000,0.0000
1670400000000.0000,S14,-1.0000,3.0000,-1.0000,-2.5495,0.0616,26.9080,38.4870,-19.6353,-5.9612,0.9699,2.2811,1.3680,-11.7911,-22.7618,-1.0000,8.0000,3.0000,166.0000,0.0000
1670529600000.0000,S13,1.0000,2.0000,1.0000,-2.3591,0.0442,83.1547,65.9016,-20.5865,-7.0950,0.9147,1.4255,1.5381,123.8904,86.3781,-1.0000,20.0000,4.0000,175.0000,1.0000
1670817600000.0000,S13,-1.0000,2.0000,-1.0000,-1.4332,0.0714,22.1383,36.6218,-18.4525,-4.8877,0.6496,1.3147,1.8895,-41.1968,2.1352,-1.0000,4.0000,1.0000,195.0000,0.0000
1670932800000.0000,S13,1.0000,2.0000,1.0000,-1.2180,0.1868,76.3563,68.5991,-17.6212,-3.9406,0.7417,1.3582,1.8029,122.1506,146.5000,-1.0000,12.0000,2.0000,203.0000,1.0000
1670932800000.0000,S14,1.0000,3.0000,1.0000,-1.2180,0.1868,76.3563,68.5991,-17.6212,-3.9406,0.7417,1.3582,1.8029,122.1506,146.5000,-1.0000,12.0000,2.0000,203.0000,1.0000
1670947200000.0000,S13,1.0000,2.0000,1.0000,-1.0891,0.3429,73.8963,76.7235,-17.6212,-3.9406,0.9192,1.3718,2.6043,137.9401,144.8826,-1.0000,16.0000,2.0000,204.0000,1.0000
1670947200000.0000,S14,1.0000,3.0000,1.0000,-1.0891,0.3429,73.8963,76.7235,-17.6212,-3.9406,0.9192,1.3718,2.6043,137.9401,144.8826,-1.0000,16.0000,2.0000,204.0000,1.0000
1671033600000.0000,S14,1.0000,3.0000,1.0000,-0.3543,0.7806,78.0264,82.7391,-14.6957,-0.6152,0.8838,1.6499,1.5252,101.4246,108.9545,-1.0000,16.0000,3.0000,210.0000,0.0000
1671105600000.0000,S12,1.0000,1.0000,1.0000,0.0407,0.5191,47.6698,60.4497,-14.3283,-0.2020,1.0921,0.5985,0.6625,64.0829,55.8446,-1.0000,12.0000,4.0000,1.0000,0.0000
1671192000000.0000,S13,-1.0000,2.0000,-1.0000,0.0519,0.0010,27.9304,35.4573,-16.2344,-2.3327,1.2860,0.7441,1.4475,-10.1985,-4.7148,-1.0000,12.0000,5.0000,7.0000,1.0000
1671192000000.0000,S14,-1.0000,3.0000,-1.0000,0.0519,0.0010,27.9304,35.4573,-16.2344,-2.3327,1.2860,0.7441,1.4475,-10.1985,-4.7148,-1.0000,12.0000,5.0000,7.0000,1.0000
1671206400000.0000,S12,-1.0000,1.0000,-1.0000,-0.0114,-0.1053,30.5804,34.1821,-16.2344,-2.3327,1.2802,1.1648,1.0942,-10.1335,2.8476,-1.0000,16.0000,5.0000,1.0000,1.0000
1671494400000.0000,S14,-1.0000,3.0000,-1.0000,-1.3950,-0.4654,28.4390,27.6403,-19.5516,-5.8274,1.0077,1.2590,1.4070,-27.5275,-11.5000,-1.0000,0.0000,2.0000,21.0000,0.0000
1672171200000.0000,S14,-1.0000,3.0000,-1.0000,-1.2918,-0.0519,35.2789,37.2546,-15.2426,-0.0067,0.5866,1.1098,1.7023,-36.8781,-18.1273,-1.0000,20.0000,2.0000,68.0000,1.0000
1672272000000.0000,S14,-1.0000,3.0000,-1.0000,-1.4401,-0.2468,38.5663,31.4352,-16.5997,-1.5207,0.6663,0.8884,1.3003,3.8419,-0.9079,-1.0000,0.0000,4.0000,75.0000,0.0000
1672646400000.0000,S14,1.0000,3.0000,1.0000,-1.6378,-0.0288,71.7087,63.2449,-15.6677,-0.9888,0.5384,2.7223,1.2340,120.9098,104.6707,-1.0000,8.0000,1.0000,101.0000,1.0000
1672804800000.0000,S13,1.0000,2.0000,1.0000,-1.3794,0.0525,73.7051,68.0354,-15.2094,-0.6878,0.5744,2.2907,1.9127,117.1076,127.4398,-1.0000,4.0000,3.0000,112.0000,1.0000
1672804800000.0000,S14,1.0000,3.0000,1.0000,-1.3794,0.0525,73.7051,68.0354,-15.2094,-0.6878,0.5744,2.2907,1.9127,117.1076,127.4398,-1.0000,4.0000,3.0000,112.0000,1.0000
1673222400000.0000,S13,1.0000,2.0000,1.0000,-0.4088,0.1990,76.8017,70.4515,-12.5492,1.8809,0.5134,2.6956,1.4065,116.2925,124.4144,-1.0000,0.0000,1.0000,141.0000,1.0000
1673222400000.0000,S14,1.0000,3.0000,1.0000,-0.4088,0.1990,76.8017,70.4515,-12.5492,1.8809,0.5134,2.6956,1.4065,116.2925,124.4144,-1.0000,0.0000,1.0000,141.0000,1.0000
1673236800000.0000,S14,1.0000,3.0000,1.0000,-0.3428,0.2479,79.5211,73.6988,-12.5492,1.8809,0.5361,1.0755,1.9540,117.5466,105.2170,-1.0000,4.0000,1.0000,142.0000,1.0000
1673323200000.0000,S12,1.0000,1.0000,1.0000,0.0229,0.3967,51.4608,65.2946,-12.2036,2.0718,0.6008,0.5178,1.0835,78.1771,67.4919,-1.0000,4.0000,2.0000,1.0000,1.0000
1673380800000.0000,S14,1.0000,3.0000,1.0000,0.2627,0.3928,71.2543,76.2571,-12.2036,2.0718,0.6241,1.0876,1.3417,96.2267,103.5901,-1.0000,20.0000,2.0000,5.0000,1.0000
1673467200000.0000,S13,1.0000,2.0000,1.0000,0.6581,0.4597,68.4233,71.8442,-10.7759,3.4270,0.6629,1.6127,1.4569,92.9307,104.1556,-1.0000,20.0000,3.0000,11.0000,1.0000
1673467200000.0000,S14,1.0000,3.0000,1.0000,0.6581,0.4597,68.4233,71.8442,-10.7759,3.4270,0.6629,1.6127,1.4569,92.9307,104.1556,-1.0000,20.0000,3.0000,11.0000,1.0000
1673481600000.0000,S13,1.0000,2.0000,1.0000,0.7991,0.5627,85.5924,81.5457,-8.1213,6.1914,0.7977,2.7181,1.6255,126.4149,154.4417,-1.0000,0.0000,4.0000,12.0000,1.0000
1673481600000.0000,S14,1.0000,3.0000,1.0000,0.7991,0.5627,85.5924,81.5457,-8.1213,6.1914,0.7977,2.7181,1.6255,126.4149,154.4417,-1.0000,0.0000,4.0000,12.0000,1.0000
1673496000000.0000,S13,1.0000,2.0000,1.0000,0.9810,0.7192,85.2356,85.4202,-8.1213,6.1914,0.9168,0.7088,1.9021,129.0567,119.6383,-1.0000,4.0000,4.0000,13.0000,1.0000
1673496000000.0000,S14,1.0000,3.0000,1.0000,0.9810,0.7192,85.2356,85.4202,-8.1213,6.1914,0.9168,0.7088,1.9021,129.0567,119.6383,-1.0000,4.0000,4.0000,13.0000,1.0000
1673553600000.0000,S13,1.0000,2.0000,1.0000,1.6915,1.2698,77.5568,84.1667,-8.1213,6.1914,1.3098,1.2442,2.1687,119.1344,138.6727,-1.0000,20.0000,4.0000,17.0000,1.0000
1673553600000.0000,S14,1.0000,3.0000,1.0000,1.6915,1.2698,77.5568,84.1667,-8.1213,6.1914,1.3098,1.2442,2.1687,119.1344,138.6727,-1.0000,20.0000,4.0000,17.0000,1.0000
1673625600000.0000,S14,1.0000,3.0000,1.0000,2.8521,1.6911,71.2798,84.6757,-3.4414,11.2423,1.3446,2.8948,1.5515,93.3066,103.6049,-1.0000,16.0000,5.0000,22.0000,1.0000
1673640000000.0000,S14,1.0000,3.0000,1.0000,3.1156,1.7354,70.2788,85.4938,-3.4414,11.2423,1.3642,0.9527,1.3346,94.1569,102.9220,-1.0000,20.0000,5.0000,23.0000,1.0000
1673654400000.0000,S13,1.0000,2.0000,1.0000,3.4598,1.8986,80.4316,89.0428,2.1305,17.1762,1.4746,0.6184,1.3531,104.6448,125.0556,0.0000,0.0000,6.0000,24.0000,1.0000
1673654400000.0000,S14,1.0000,3.0000,1.0000,3.4598,1.8986,80.4316,89.0428,2.1305,17.1762,1.4746,0.6184,1.3531,104.6448,125.0556,0.0000,0.0000,6.0000,24.0000,1.0000
1673668800000.0000,S13,1.0000,2.0000,1.0000,3.9586,2.2985,88.9923,92.6021,2.1305,17.1762,1.7702,0.7320,2.1247,116.7242,135.4742,0.0000,4.0000,6.0000,25.0000,1.0000
1673668800000.0000,S14,1.0000,3.0000,1.0000,3.9586,2.2985,88.9923,92.6021,2.1305,17.1762,1.7702,0.7320,2.1247,116.7242,135.4742,0.0000,4.0000,6.0000,25.0000,1.0000
1674259200000.0000,S13,1.0000,2.0000,1.0000,10.6502,1.0825,91.6258,80.4145,15.8564,28.3845,1.6603,1.0417,1.8871,142.0877,179.6774,0.0000,0.0000,6.0000,66.0000,1.0000
1674259200000.0000,S14,1.0000,3.0000,1.0000,10.6502,1.0825,91.6258,80.4145,15.8564,28.3845,1.6603,1.0417,1.8871,142.0877,179.6774,0.0000,0.0000,6.0000,66.0000,1.0000
1675022400000.0000,S14,1.0000,3.0000,1.0000,11.7569,0.7093,83.8549,73.9671,17.1489,23.8219,1.3040,1.8318,1.5815,116.9975,109.9194,0.0000,20.0000,0.0000,119.0000,0.0000
1675080000000.0000,S13,-1.0000,2.0000,-1.0000,11.6444,0.7225,30.7136,46.8691,20.7033,26.7905,1.3876,1.2370,1.7710,41.2316,42.5466,0.0000,12.0000,1.0000,123.0000,0.0000
1675108800000.0000,S14,-1.0000,3.0000,-1.0000,11.4193,0.3807,28.7209,41.0707,20.7033,26.7905,1.5081,1.9261,1.3608,12.7870,-4.4981,0.0000,20.0000,1.0000,125.0000,0.0000
1675612800000.0000,S14,-1.0000,3.0000,-1.0000,8.8552,0.0427,27.3464,39.3598,18.2698,19.9507,1.0552,1.4536,1.1612,0.3711,-11.4989,0.0000,16.0000,0.0000,160.0000,1.0000
1675627200000.0000,S14,-1.0000,3.0000,-1.0000,8.7115,-0.0324,23.6544,33.9044,18.2698,19.9507,1.1189,1.2534,1.2434,-16.6088,-11.0247,0.0000,20.0000,0.0000,161.0000,1.0000
1675915200000.0000,S13,-1.0000,2.0000,-1.0000,6.5719,-0.2100,26.7716,33.1090,16.4136,15.1142,1.2357,2.6102,1.3745,-24.8291,-21.3954,1.0000,4.0000,4.0000,181.0000,1.0000
1675915200000.0000,S14,-1.0000,3.0000,-1.0000,6.5719,-0.2100,26.7716,33.1090,16.4136,15.1142,1.2357,2.6102,1.3745,-24.8291,-21.3954,1.0000,4.0000,4.0000,181.0000,1.0000
1675972800000.0000,S13,-1.0000,2.0000,-1.0000,6.0048,-0.4819,20.4962,26.9834,16.4136,15.1142,1.3963,2.3213,1.7329,-35.5029,-39.5615,1.0000,20.0000,4.0000,185.0000,0.0000
1675972800000.0000,S14,-1.0000,3.0000,-1.0000,6.0048,-0.4819,20.4962,26.9834,16.4136,15.1142,1.3963,2.3213,1.7329,-35.5029,-39.5615,1.0000,20.0000,4.0000,185.0000,0.0000
1675987200000.0000,S14,-1.0000,3.0000,-1.0000,5.7825,-0.5861,18.3691,23.9790,10.5211,8.7238,1.4321,0.7350,1.3513,-18.2994,-3.6938,1.0000,0.0000,5.0000,186.0000,0.0000
1676462400000.0000,S14,1.0000,3.0000,1.0000,1.9774,0.0459,71.8452,64.9821,12.6782,8.0357,1.1318,1.6424,1.0325,123.0558,124.2900,1.0000,12.0000,3.0000,219.0000,1.0000
1676476800000.0000,S14,1.0000,3.0000,1.0000,2.0428,0.1504,76.6263,71.9619,12.6782,8.0357,1.1871,1.6804,1.9562,122.9589,127.6788,1.0000,16.0000,3.0000,220.0000,1.0000
1676491200000.0000,S13,1.0000,2.0000,1.0000,2.1722,0.3425,83.5121,78.4347,12.6782,8.0357,1.2628,2.0292,1.3150,129.7044,128.4058,1.0000,20.0000,3.0000,221.0000,1.0000
1676491200000.0000,S14,1.0000,3.0000,1.0000,2.1722,0.3425,83.5121,78.4347,12.6782,8.0357,1.2628,2.0292,1.3150,129.7044,128.4058,1.0000,20.0000,3.0000,221.0000,1.0000
1676520000000.0000,S14,1.0000,3.0000,1.0000,2.7241,1.1586,91.8422,87.3529,23.4386,17.5020,1.5014,0.5385,1.0381,120.5437,110.8943,1.0000,4.0000,4.0000,223.0000,0.0000
1676563200000.0000,S14,1.0000,3.0000,1.0000,3.5269,1.9840,79.3803,85.4354,23.4386,17.5020,1.5262,2.2633,1.6873,102.3967,109.2956,1.0000,16.0000,4.0000,226.0000,0.0000
1676592000000.0000,S13,-1.0000,2.0000,-1.0000,3.8395,1.6967,33.8395,55.1036,19.3398,12.8469,2.0093,1.4253,1.4480,61.3864,56.1205,1.0000,0.0000,5.0000,228.0000,0.0000
1677816000000.0000,S13,-1.0000,2.0000,-1.0000,2.1656,-0.2837,24.3796,29.5546,18.9117,2.9615,1.7416,1.0272,2.1812,-45.6838,-74.7737,1.0000,4.0000,5.0000,313.0000,1.0000
1677816000000.0000,S14,-1.0000,3.0000,-1.0000,2.1656,-0.2837,24.3796,29.5546,18.9117,2.9615,1.7416,1.0272,2.1812,-45.6838,-74.7737,1.0000,4.0000,5.0000,313.0000,1.0000
1678104000000.0000,S12,-1.0000,1.0000,-1.0000,-0.0228,-0.4580,46.8890,37.1102,13.7863,-2.2153,0.9611,1.0609,0.9733,58.1367,27.0271,0.0000,12.0000,1.0000,1.0000,1.0000
1678320000000.0000,S14,-1.0000,3.0000,-1.0000,-0.9806,-0.5752,30.9354,27.5086,10.0774,-5.6319,1.2316,1.5036,1.2978,-17.9415,-17.7703,0.0000,0.0000,4.0000,16.0000,1.0000
1678392000000.0000,S13,-1.0000,2.0000,-1.0000,-1.5506,-0.8443,14.8889,16.5458,10.0774,-5.6319,1.4167,2.4041,2.4835,-30.0402,-68.8102,0.0000,20.0000,4.0000,21.0000,1.0000
1678392000000.0000,S14,-1.0000,3.0000,-1.0000,-1.5506,-0.8443,14.8889,16.5458,10.0774,-5.6319,1.4167,2.4041,2.4835,-30.0402,-68.8102,0.0000,20.0000,4.0000,21.0000,1.0000
1678406400000.0000,S14,-1.0000,3.0000,-1.0000,-1.7957,-1.0573,20.8310,12.9758,3.2956,-11.4475,1.6345,0.6299,2.3225,-26.9081,-23.5459,0.0000,0.0000,5.0000,22.0000,0.0000
1678449600000.0000,S14,-1.0000,3.0000,-1.0000,-2.6263,-1.8241,26.3924,9.9681,3.2956,-11.4475,1.7828,0.9213,1.4900,-3.6937,-0.6920,0.0000,12.0000,5.0000,25.0000,0.0000
1678665600000.0000,S13,1.0000,2.0000,1.0000,-4.4890,-0.5073,81.9723,67.8754,11.6372,-4.0104,2.0581,1.8239,1.4895,137.4202,106.1109,0.0000,0.0000,1.0000,40.0000,1.0000
1678665600000.0000,S14,1.0000,3.0000,1.0000,-4.4890,-0.5073,81.9723,67.8754,11.6372,-4.0104,2.0581,1.8239,1.4895,137.4202,106.1109,0.0000,0.0000,1.0000,40.0000,1.0000
1678680000000.0000,S14,1.0000,3.0000,1.0000,-4.3230,-0.1425,76.6167,70.0298,11.6372,-4.0104,2.1254,0.6854,1.2977,124.4816,103.6053,0.0000,4.0000,1.0000,41.0000,1.0000
1678723200000.0000,S13,1.0000,2.0000,1.0000,-3.6185,1.1152,83.2311,77.5662,11.6372,-4.0104,2.6086,2.1809,2.4186,122.4060,145.3160,0.0000,16.0000,1.0000,44.0000,1.0000
1678723200000.0000,S14,1.0000,3.0000,1.0000,-3.6185,1.1152,83.2311,77.5662,11.6372,-4.0104,2.6086,2.1809,2.4186,122.4060,145.3160,0.0000,16.0000,1.0000,44.0000,1.0000
1678809600000.0000,S13,1.0000,2.0000,1.0000,-1.2200,2.5850,84.3003,82.4660,22.2987,5.0960,2.7304,1.0771,2.3087,99.5159,121.8462,1.0000,16.0000,2.0000,50.0000,1.0000
1678809600000.0000,S14,1.0000,3.0000,1.0000,-1.2200,2.5850,84.3003,82.4660,22.2987,5.0960,2.7304,1.0771,2.3087,99.5159,121.8462,1.0000,16.0000,2.0000,50.0000,1.0000
1678867200000.0000,S12,1.0000,1.0000,1.0000,0.1065,2.4624,54.9543,67.6620,24.9829,7.3592,3.1240,0.4339,0.5142,74.2457,75.5460,1.0000,8.0000,3.0000,1.0000,1.0000
1679500800000.0000,S14,1.0000,3.0000,1.0000,10.0755,1.3982,69.0416,67.1237,40.6904,19.5998,1.9270,1.5573,0.5449,100.7642,108.9617,1.0000,16.0000,3.0000,45.0000,0.0000
1679932800000.0000,S13,-1.0000,2.0000,-1.0000,9.1636,0.2551,24.0389,37.5880,38.5901,16.8934,1.7940,4.9587,3.3785,-2.8052,4.1159,1.0000,16.0000,1.0000,75.0000,0.0000
1679932800000.0000,S14,-1.0000,3.0000,-1.0000,9.1636,0.2551,24.0389,37.5880,38.5901,16.8934,1.7940,4.9587,3.3785,-2.8052,4.1159,1.0000,16.0000,1.0000,75.0000,0.0000
1681084800000.0000,S14,1.0000,3.0000,1.0000,4.9285,0.0129,68.0826,60.5252,36.6511,11.6416,0.8744,1.3986,2.3280,123.1703,111.8040,1.0000,0.0000,1.0000,155.0000,1.0000
1681156800000.0000,S13,1.0000,2.0000,1.0000,4.9134,0.3117,79.0888,77.5224,36.6511,11.6416,1.0073,1.1466,4.6664,140.9274,177.4379,1.0000,20.0000,1.0000,160.0000,1.0000
1681156800000.0000,S14,1.0000,3.0000,1.0000,4.9134,0.3117,79.0888,77.5224,36.6511,11.6416,1.0073,1.1466,4.6664,140.9274,177.4379,1.0000,20.0000,1.0000,160.0000,1.0000
1681171200000.0000,S14,1.0000,3.0000,1.0000,5.0252,0.4894,83.3517,82.1551,42.6364,16.3272,1.0905,1.2629,2.3950,131.1112,115.6570,1.0000,0.0000,2.0000,161.0000,1.0000
1681444800000.0000,S14,1.0000,3.0000,1.0000,6.6780,0.8995,64.1964,76.4273,45.0139,17.6492,1.1546,0.8804,1.7193,114.7845,104.6634,1.0000,4.0000,5.0000,180.0000,0.0000
1681488000000.0000,S13,-1.0000,2.0000,-1.0000,6.8690,0.8985,39.8317,58.3027,45.0139,17.6492,1.2189,2.3006,1.8828,53.5866,44.4599,1.0000,16.0000,5.0000,183.0000,1.0000
1681732800000.0000,S14,-1.0000,3.0000,-1.0000,6.6844,0.1454,26.8907,34.0141,43.5409,15.5212,0.9906,2.4920,1.7088,-18.8782,-13.1599,1.0000,12.0000,1.0000,200.0000,0.0000
1681747200000.0000,S14,-1.0000,3.0000,-1.0000,6.5693,0.0144,23.7841,30.1109,43.5409,15.5212,1.0119,1.0561,1.9394,-18.3282,0.3678,1.0000,16.0000,1.0000,201.0000,0.0000
1681819200000.0000,S13,1.0000,2.0000,1.0000,6.2058,-0.0338,75.2733,60.1012,39.0753,11.6878,1.0695,3.3743,2.1148,70.8519,83.9807,1.0000,12.0000,2.0000,206.0000,0.0000
1681905600000.0000,S13,-1.0000,2.0000,-1.0000,5.9738,0.1481,32.2092,37.2208,43.1926,14.6925,1.2963,1.0466,3.4901,4.5758,11.4787,1.0000,12.0000,3.0000,212.0000,1.0000
1681948800000.0000,S14,-1.0000,3.0000,-1.0000,5.5729,-0.3170,24.7863,30.4039,35.4290,8.2543,1.4039,2.3678,1.7772,-2.5072,-12.4846,1.0000,0.0000,4.0000,215.0000,1.0000
1682006400000.0000,S14,-1.0000,3.0000,-1.0000,4.9504,-0.6437,32.3584,27.7947,35.4290,8.2543,1.4549,1.5808,1.5876,2.3415,-6.5746,1.0000,16.0000,4.0000,219.0000,1.0000
1682020800000.0000,S14,-1.0000,3.0000,-1.0000,4.7474,-0.7106,24.4009,23.6177,35.4290,8.2543,1.5258,2.0935,1.7736,2.3095,-7.3640,1.0000,20.0000,4.0000,220.0000,0.0000
1682107200000.0000,S13,-1.0000,2.0000,-1.0000,3.6266,-0.9372,21.9255,19.5250,32.5399,5.8067,1.6377,3.2895,1.5823,0.9239,-22.4273,1.0000,20.0000,5.0000,226.0000,0.0000
1682107200000.0000,S14,-1.0000,3.0000,-1.0000,3.6266,-0.9372,21.9255,19.5250,32.5399,5.8067,1.6377,3.2895,1.5823,0.9239,-22.4273,1.0000,20.0000,5.0000,226.0000,0.0000
1682467200000.0000,S13,1.0000,2.0000,1.0000,0.3871,-0.4232,76.0796,60.8722,31.6078,4.0350,1.4032,1.1814,2.0994,128.8667,126.6691,1.0000,0.0000,3.0000,251.0000,1.0000
1682467200000.0000,S14,1.0000,3.0000,1.0000,0.3871,-0.4232,76.0796,60.8722,31.6078,4.0350,1.4032,1.1814,2.0994,128.8667,126.6691,1.0000,0.0000,3.0000,251.0000,1.0000
1682510400000.0000,S14,1.0000,3.0000,1.0000,0.4991,0.1130,81.2862,69.8126,31.6078,4.0350,1.4035,1.2787,2.4634,124.2212,123.4328,1.0000,12.0000,3.0000,254.0000,0.0000
1682524800000.0000,S13,1.0000,2.0000,1.0000,0.6640,0.4165,80.3680,77.3152,31.6078,4.0350,1.5264,0.7203,2.9747,129.3645,131.0263,1.0000,16.0000,3.0000,255.0000,0.0000
1682524800000.0000,S14,1.0000,3.0000,1.0000,0.6640,0.4165,80.3680,77.3152,31.6078,4.0350,1.5264,0.7203,2.9747,129.3645,131.0263,1.0000,16.0000,3.0000,255.0000,0.0000
1682539200000.0000,S13,-1.0000,2.0000,-1.0000,0.6191,0.3421,36.4763,48.4095,31.6078,4.0350,2.1227,4.0617,2.5243,31.5719,12.6469,1.0000,20.0000,3.0000,256.0000,0.0000
1682956800000.0000,S14,-1.0000,3.0000,-1.0000,1.7461,-0.1687,25.9066,35.9298,34.3983,4.3336,1.5459,2.5712,1.7303,-12.2546,-0.0087,1.0000,16.0000,1.0000,285.0000,0.0000
1682971200000.0000,S14,-1.0000,3.0000,-1.0000,1.6275,-0.3507,24.9204,32.0323,34.3983,4.3336,1.6097,2.4282,1.9681,-14.3350,-9.0769,1.0000,20.0000,1.0000,286.0000,0.0000
1683158400000.0000,S13,1.0000,2.0000,1.0000,1.1037,-0.0590,63.9925,57.7441,32.5886,2.4984,1.5654,0.7453,1.4379,86.2448,60.3951,1.0000,0.0000,4.0000,299.0000,0.0000
1683316800000.0000,S14,1.0000,3.0000,1.0000,1.4124,0.3484,64.2039,64.3605,31.4424,1.5082,1.3900,0.6124,1.3220,95.4307,96.7489,1.0000,20.0000,5.0000,310.0000,0.0000
1683388800000.0000,S13,-1.0000,2.0000,-1.0000,1.5144,0.2361,25.3194,41.4287,34.1802,3.5291,1.4603,1.9659,1.8672,17.7263,26.7279,1.0000,16.0000,6.0000,315.0000,1.0000
1683518400000.0000,S14,-1.0000,3.0000,-1.0000,1.2576,-0.1473,28.7923,35.5052,28.7381,-0.4525,1.3943,1.5454,1.9087,-7.0948,-6.1092,0.0000,4.0000,1.0000,324.0000,1.0000
1683532800000.0000,S14,-1.0000,3.0000,-1.0000,1.1563,-0.2589,27.8072,32.3195,28.7381,-0.4525,1.4168,1.7546,1.0428,-11.0508,-2.9398,0.0000,8.0000,1.0000,325.0000,1.0000
1683576000000.0000,S14,-1.0000,3.0000,-1.0000,0.8010,-0.6374,25.5242,24.6201,28.7381,-0.4525,1.5164,1.1554,1.7503,-5.8404,-7.6001,0.0000,20.0000,1.0000,328.0000,1.0000
1683705600000.0000,S12,-1.0000,1.0000,-1.0000,-0.0754,-0.5949,43.0643,36.7430,24.6249,-3.2335,1.2781,0.7196,0.5630,26.8919,14.7077,0.0000,8.0000,3.0000,1.0000,1.0000
1684137600000.0000,S14,1.0000,3.0000,1.0000,-2.2871,-0.2177,68.9796,59.0335,20.4388,-5.4899,1.2289,0.8244,1.4390,108.2487,108.8876,0.0000,8.0000,1.0000,31.0000,0.0000
1684353600000.0000,S13,1.0000,2.0000,1.0000,-2.3286,-0.2380,68.5852,57.6448,20.5997,-5.0220,1.2162,2.1859,1.8352,85.0302,77.0681,0.0000,20.0000,3.0000,46.0000,0.0000
1684814400000.0000,S13,1.0000,2.0000,1.0000,-2.2067,-0.0514,74.6761,64.3394,18.7424,-5.2094,0.9129,3.7490,3.0891,123.4232,114.1085,0.0000,4.0000,2.0000,78.0000,0.0000
1684814400000.0000,S14,1.0000,3.0000,1.0000,-2.2067,-0.0514,74.6761,64.3394,18.7424,-5.2094,0.9129,3.7490,3.0891,123.4232,114.1085,0.0000,4.0000,2.0000,78.0000,0.0000
1684900800000.0000,S13,-1.0000,2.0000,-1.0000,-1.9957,0.0808,29.3622,42.2410,20.2189,-3.8626,0.9465,4.8047,1.7160,19.6530,21.0825,0.0000,4.0000,3.0000,84.0000,1.0000
1684944000000.0000,S13,-1.0000,2.0000,-1.0000,-2.0867,-0.2225,22.9519,32.5933,20.2189,-3.8626,1.0436,2.7999,3.1442,-7.5808,-24.2372,0.0000,16.0000,3.0000,87.0000,0.0000
1684944000000.0000,S14,-1.0000,3.0000,-1.0000,-2.0867,-0.2225,22.9519,32.5933,20.2189,-3.8626,1.0436,2.7999,3.1442,-7.5808,-24.2372,0.0000,16.0000,3.0000,87.0000,0.0000
1685246400000.0000,S14,1.0000,3.0000,1.0000,-2.2208,0.0501,79.9196,67.3177,17.9536,-4.7551,0.8951,2.1290,1.5825,117.0112,130.4177,0.0000,4.0000,0.0000,108.0000,1.0000
1685304000000.0000,S14,1.0000,3.0000,1.0000,-1.9275,0.3487,75.5203,72.9347,17.9536,-4.7551,0.9188,1.0397,1.9831,109.6916,117.7183,0.0000,20.0000,0.0000,112.0000,1.0000
1685318400000.0000,S13,1.0000,2.0000,1.0000,-1.7789,0.4634,84.6629,80.3138,22.9437,-0.4699,1.0222,1.8103,2.2882,128.0423,125.0347,0.0000,0.0000,1.0000,113.0000,0.0000
1685318400000.0000,S14,1.0000,3.0000,1.0000,-1.7789,0.4634,84.6629,80.3138,22.9437,-0.4699,1.0222,1.8103,2.2882,128.0423,125.0347,0.0000,0.0000,1.0000,113.0000,0.0000
1685520000000.0000,S13,-1.0000,2.0000,-1.0000,-0.6592,0.2788,29.4626,43.7091,20.7711,-1.6076,1.1788,0.6789,2.1459,5.1587,23.2103,0.0000,8.0000,3.0000,127.0000,1.0000
1685548800000.0000,S14,-1.0000,3.0000,-1.0000,-0.6993,0.0420,25.6014,38.8541,20.7711,-1.6076,1.1773,1.0127,1.4783,-5.2034,-4.2221,0.0000,16.0000,3.0000,129.0000,1.0000
1685592000000.0000,S14,-1.0000,3.0000,-1.0000,-0.7523,-0.1712,32.9994,38.7909,18.3918,-3.1215,1.2835,1.5013,1.5482,-0.7448,-2.8151,0.0000,4.0000,4.0000,132.0000,1.0000
1685980800000.0000,S13,-1.0000,2.0000,-1.0000,-0.9290,-0.3021,17.9903,22.6153,16.9164,-2.5737,1.0494,5.2972,3.2828,-85.9060,-141.4996,0.0000,16.0000,1.0000,159.0000,0.0000
1685980800000.0000,S14,-1.0000,3.0000,-1.0000,-0.9290,-0.3021,17.9903,22.6153,16.9164,-2.5737,1.0494,5.2972,3.2828,-85.9060,-141.4996,0.0000,16.0000,1.0000,159.0000,0.0000
1685995200000.0000,S14,-1.0000,3.0000,-1.0000,-1.0743,-0.5048,16.9932,18.7448,16.9164,-2.5737,1.1623,1.5188,4.8357,-30.6530,-24.5619,0.0000,20.0000,1.0000,160.0000,0.0000
1686081600000.0000,S13,1.0000,2.0000,1.0000,-1.5692,-0.5900,77.6396,58.9094,10.7201,-7.2523,1.3663,2.2816,2.9149,67.8362,81.7947,0.0000,20.0000,2.0000,166.0000,0.0000
1686384000000.0000,S13,-1.0000,2.0000,-1.0000,-1.7588,-0.2999,23.1178,32.1262,12.9476,-3.8356,1.3445,2.2825,3.7028,-35.1435,-40.5333,0.0000,8.0000,6.0000,187.0000,0.0000
1686384000000.0000,S14,-1.0000,3.0000,-1.0000,-1.7588,-0.2999,23.1178,32.1262,12.9476,-3.8356,1.3445,2.2825,3.7028,-35.1435,-40.5333,0.0000,8.0000,6.0000,187.0000,0.0000
1686787200000.0000,S13,-1.0000,2.0000,-1.0000,-2.5608,-0.2906,29.3411,30.5043,6.1435,-8.0850,1.2948,0.8653,3.4312,-47.4218,-60.8615,0.0000,0.0000,4.0000,215.0000,0.0000
1686787200000.0000,S14,-1.0000,3.0000,-1.0000,-2.5608,-0.2906,29.3411,30.5043,6.1435,-8.0850,1.2948,0.8653,3.4312,-47.4218,-60.8615,0.0000,0.0000,4.0000,215.0000,0.0000
1686859200000.0000,S13,1.0000,2.0000,1.0000,-2.9391,-0.6950,59.9862,44.6750,6.1435,-8.0850,1.2359,1.8033,1.3891,37.9536,42.5114,0.0000,20.0000,4.0000,220.0000,1.0000
1686945600000.0000,S13,1.0000,2.0000,1.0000,-2.8719,-0.0936,79.4845,64.5816,7.9193,-6.1729,1.3546,1.0868,2.5426,97.0426,95.8897,0.0000,20.0000,5.0000,226.0000,1.0000
1686988800000.0000,S14,1.0000,3.0000,1.0000,-2.6248,0.3018,70.1773,66.5013,10.8297,-3.2147,1.3208,0.4853,1.2078,98.8137,107.5518,0.0000,8.0000,6.0000,229.0000,1.0000
1687291200000.0000,S13,1.0000,2.0000,1.0000,-0.9755,0.6484,79.1211,81.6169,12.2430,-0.7917,1.2612,1.7725,4.9098,142.9677,190.2273,0.0000,20.0000,2.0000,250.0000,1.0000
1687291200000.0000,S14,1.0000,3.0000,1.0000,-0.9755,0.6484,79.1211,81.6169,12.2430,-0.7917,1.2612,1.7725,4.9098,142.9677,190.2273,0.0000,20.0000,2.0000,250.0000,1.0000
1687305600000.0000,S14,1.0000,3.0000,1.0000,-0.7547,0.8332,81.9505,83.9798,18.0860,4.5989,1.2943,1.0688,1.9847,125.1708,107.0785,1.0000,0.0000,3.0000,251.0000,1.0000
1687320000000.0000,S14,1.0000,3.0000,1.0000,-0.5004,1.0803,82.5328,86.3262,18.0860,4.5989,1.3886,0.6950,2.3464,121.6117,115.7693,1.0000,4.0000,3.0000,252.0000,1.0000
1687348800000.0000,S12,1.0000,1.0000,1.0000,0.0119,1.5531,75.4184,87.4248,18.0860,4.5989,1.3697,0.5809,1.3570,102.8466,95.5643,1.0000,12.0000,3.0000,1.0000,1.0000
1687363200000.0000,S13,1.0000,2.0000,1.0000,0.3527,1.7662,85.0311,90.9175,18.0860,4.5989,1.5014,2.5217,2.9677,112.1933,122.2761,1.0000,16.0000,3.0000,2.0000,1.0000
1687363200000.0000,S14,1.0000,3.0000,1.0000,0.3527,1.7662,85.0311,90.9175,18.0860,4.5989,1.5014,2.5217,2.9677,112.1933,122.2761,1.0000,16.0000,3.0000,2.0000,1.0000
1687536000000.0000,S13,1.0000,2.0000,1.0000,3.5802,1.7203,78.6556,80.7686,23.9946,10.2479,1.6439,7.2152,1.9605,90.3059,109.3305,1.0000,16.0000,5.0000,14.0000,0.0000
1687536000000.0000,S14,1.0000,3.0000,1.0000,3.5802,1.7203,78.6556,80.7686,23.9946,10.2479,1.6439,7.2152,1.9605,90.3059,109.3305,1.0000,16.0000,5.0000,14.0000,0.0000
1688140800000.0000,S13,-1.0000,2.0000,-1.0000,6.1686,0.4036,35.6156,43.7159,23.9190,11.1218,1.5851,1.0536,4.1093,6.4005,12.2421,1.0000,16.0000,5.0000,56.0000,0.0000
1688414400000.0000,S14,1.0000,3.0000,1.0000,5.8109,0.3839,78.7497,68.1045,23.6314,10.8403,1.0635,2.1596,1.8118,119.8465,104.5605,1.0000,20.0000,1.0000,75.0000,0.0000
1689019200000.0000,S13,1.0000,2.0000,1.0000,3.6666,-0.0108,77.6016,65.3147,19.4861,7.3394,0.8400,2.7232,2.1665,166.1858,203.4389,1.0000,20.0000,1.0000,117.0000,1.0000
1689019200000.0000,S14,1.0000,3.0000,1.0000,3.6666,-0.0108,77.6016,65.3147,19.4861,7.3394,0.8400,2.7232,2.1665,166.1858,203.4389,1.0000,20.0000,1.0000,117.0000,1.0000
1689278400000.0000,S13,1.0000,2.0000,1.0000,3.3555,0.2040,80.2002,72.0538,19.3858,7.3104,1.1330,3.0568,4.2931,143.0713,143.1033,1.0000,20.0000,4.0000,135.0000,0.0000
1689278400000.0000,S14,1.0000,3.0000,1.0000,3.3555,0.2040,80.2002,72.0538,19.3858,7.3104,1.1330,3.0568,4.2931,143.0713,143.1033,1.0000,20.0000,4.0000,135.0000,0.0000
1689624000000.0000,S14,-1.0000,3.0000,-1.0000,2.4283,-0.1952,30.4826,35.0269,17.5275,5.5996,0.9403,1.3694,2.0840,13.3565,3.1504,1.0000,20.0000,1.0000,159.0000,1.0000
1689868800000.0000,S13,-1.0000,2.0000,-1.0000,1.5577,-0.1308,37.5769,42.0434,15.3729,4.0063,0.9950,1.6289,2.1932,18.9842,34.6641,1.0000,16.0000,4.0000,176.0000,1.0000
1690171200000.0000,S13,-1.0000,2.0000,-1.0000,0.8485,-0.0662,37.5636,41.0685,14.8771,3.8019,0.7369,1.4712,1.5150,0.6152,16.8220,1.0000,4.0000,1.0000,197.0000,1.0000
1690358400000.0000,S12,-1.0000,1.0000,-1.0000,-0.0256,-0.3586,49.3329,36.8427,11.0906,0.4667,0.7478,0.6361,0.7587,33.5565,24.4674,1.0000,8.0000,3.0000,1.0000,0.0000
1690862400000.0000,S13,-1.0000,2.0000,-1.0000,-0.6789,-0.1616,25.1820,32.3395,9.6391,-0.7124,0.6770,1.4989,2.9233,-39.7342,-37.1930,0.0000,4.0000,2.0000,36.0000,0.0000
1690862400000.0000,S14,-1.0000,3.0000,-1.0000,-0.6789,-0.1616,25.1820,32.3395,9.6391,-0.7124,0.6770,1.4989,2.9233,-39.7342,-37.1930,0.0000,4.0000,2.0000,36.0000,0.0000
1690934400000.0000,S13,1.0000,2.0000,1.0000,-0.7423,-0.1349,76.5319,63.1229,11.2120,0.6369,0.8292,3.1792,2.1135,113.8905,124.8893,1.0000,0.0000,3.0000,41.0000,0.0000
1690934400000.0000,S14,1.0000,3.0000,1.0000,-0.7423,-0.1349,76.5319,63.1229,11.2120,0.6369,0.8292,3.1792,2.1135,113.8905,124.8893,1.0000,0.0000,3.0000,41.0000,0.0000
1691438400000.0000,S13,1.0000,2.0000,1.0000,-0.8924,-0.0810,56.6634,51.9641,8.0740,-2.5207,0.6463,1.0743,3.0341,77.7218,68.5735,0.0000,20.0000,1.0000,76.0000,1.0000
1691496000000.0000,S14,1.0000,3.0000,1.0000,-0.8261,0.0396,70.1669,62.9221,8.3658,-2.2977,0.6306,1.9008,1.4420,113.7988,107.3833,0.0000,12.0000,2.0000,80.0000,1.0000
1691510400000.0000,S14,1.0000,3.0000,1.0000,-0.7835,0.0892,65.2841,65.8863,8.3658,-2.2977,0.6595,1.4855,3.2694,125.8155,115.6169,0.0000,16.0000,2.0000,81.0000,1.0000
1691524800000.0000,S13,1.0000,2.0000,1.0000,-0.7079,0.1762,75.3699,73.9670,8.3658,-2.2977,0.7057,1.0377,3.1441,128.4364,117.6733,0.0000,20.0000,2.0000,82.0000,0.0000
1691524800000.0000,S14,1.0000,3.0000,1.0000,-0.7079,0.1762,75.3699,73.9670,8.3658,-2.2977,0.7057,1.0377,3.1441,128.4364,117.6733,0.0000,20.0000,2.0000,82.0000,0.0000
1692028800000.0000,S14,1.0000,3.0000,1.0000,-0.1665,0.0230,71.3008,61.7403,7.9054,-2.0347,0.4878,2.1128,2.4993,146.9754,111.6649,0.0000,16.0000,1.0000,117.0000,0.0000
1692230400000.0000,S13,-1.0000,2.0000,-1.0000,-0.3523,-0.1983,22.1519,22.7779,5.4398,-3.6898,0.6150,1.5352,1.7473,-23.5621,-26.5108,0.0000,0.0000,4.0000,131.0000,1.0000
1692230400000.0000,S14,-1.0000,3.0000,-1.0000,-0.3523,-0.1983,22.1519,22.7779,5.4398,-3.6898,0.6150,1.5352,1.7473,-23.5621,-26.5108,0.0000,0.0000,4.0000,131.0000,1.0000
1692244800000.0000,S14,-1.0000,3.0000,-1.0000,-0.4145,-0.2627,28.7479,21.2094,5.4398,-3.6898,0.6830,0.6290,1.9421,-15.7568,-6.0705,0.0000,4.0000,4.0000,132.0000,1.0000
1692288000000.0000,S13,-1.0000,2.0000,-1.0000,-0.6689,-0.5297,13.4056,11.5418,5.4398,-3.6898,0.8004,4.8062,3.2284,-35.0438,-43.1524,0.0000,16.0000,4.0000,135.0000,1.0000
1692288000000.0000,S14,-1.0000,3.0000,-1.0000,-0.6689,-0.5297,13.4056,11.5418,5.4398,-3.6898,0.8004,4.8062,3.2284,-35.0438,-43.1524,0.0000,16.0000,4.0000,135.0000,1.0000
1692316800000.0000,S13,-1.0000,2.0000,-1.0000,-1.0347,-0.8697,22.3830,5.8597,-2.3448,-10.5461,1.5532,1.9860,5.5355,-30.8778,-51.9095,-1.0000,0.0000,5.0000,137.0000,1.0000
1692316800000.0000,S14,-1.0000,3.0000,-1.0000,-1.0347,-0.8697,22.3830,5.8597,-2.3448,-10.5461,1.5532,1.9860,5.5355,-30.8778,-51.9095,-1.0000,0.0000,5.0000,137.0000,1.0000
1692734400000.0000,S14,-1.0000,3.0000,-1.0000,-5.3335,-0.8298,34.1032,26.3243,-4.3641,-11.1605,0.9068,1.0075,2.3660,-17.0769,0.5544,-1.0000,20.0000,2.0000,166.0000,0.0000
1692820800000.0000,S13,1.0000,2.0000,1.0000,-5.5105,-0.5355,72.1621,59.4462,-4.6694,-11.0933,1.1145,1.9122,2.7437,133.0333,129.7307,-1.0000,20.0000,3.0000,172.0000,1.0000
1692820800000.0000,S14,1.0000,3.0000,1.0000,-5.5105,-0.5355,72.1621,59.4462,-4.6694,-11.0933,1.1145,1.9122,2.7437,133.0333,129.7307,-1.0000,20.0000,3.0000,172.0000,1.0000
1692892800000.0000,S13,-1.0000,2.0000,-1.0000,-5.4800,-0.3160,34.2392,41.4488,-3.3461,-9.5403,1.1307,2.0239,1.4376,39.5408,49.1025,-1.0000,16.0000,4.0000,177.0000,0.0000
1693324800000.0000,S13,1.0000,2.0000,1.0000,-5.0920,0.0298,85.9795,78.6872,-4.7817,-9.3251,1.0102,3.5057,7.8112,152.9703,386.2872,-1.0000,16.0000,2.0000,207.0000,0.0000
1693324800000.0000,S14,1.0000,3.0000,1.0000,-5.0920,0.0298,85.9795,78.6872,-4.7817,-9.3251,1.0102,3.5057,7.8112,152.9703,386.2872,-1.0000,16.0000,2.0000,207.0000,0.0000
1693339200000.0000,S14,1.0000,3.0000,1.0000,-4.8801,0.2839,79.9709,82.0415,-4.7817,-9.3251,1.1254,0.6346,4.3445,135.2175,108.3989,-1.0000,20.0000,2.0000,208.0000,0.0000
1694131200000.0000,S13,1.0000,2.0000,1.0000,-3.8635,-0.0789,72.7008,65.3192,-4.8390,-6.1610,0.8411,1.2900,2.8032,137.9455,129.1585,-1.0000,0.0000,5.0000,263.0000,0.0000
1694131200000.0000,S14,1.0000,3.0000,1.0000,-3.8635,-0.0789,72.7008,65.3192,-4.8390,-6.1610,0.8411,1.2900,2.8032,137.9455,129.1585,-1.0000,0.0000,5.0000,263.0000,0.0000
1694174400000.0000,S13,-1.0000,2.0000,-1.0000,-3.7128,0.0868,39.6800,47.4247,-4.8390,-6.1610,0.9650,0.5450,1.8926,47.1944,40.7115,-1.0000,12.0000,5.0000,266.0000,1.0000
1694448000000.0000,S13,-1.0000,2.0000,-1.0000,-3.4063,-0.2267,22.6821,24.2640,-6.4082,-6.8500,0.8963,3.1911,4.6270,-38.3093,-46.2065,-1.0000,16.0000,1.0000,285.0000,0.0000
1694448000000.0000,S14,-1.0000,3.0000,-1.0000,-3.4063,-0.2267,22.6821,24.2640,-6.4082,-6.8500,0.8963,3.1911,4.6270,-38.3093,-46.2065,-1.0000,16.0000,1.0000,285.0000,0.0000
1694491200000.0000,S13,1.0000,2.0000,1.0000,-3.4781,-0.4022,64.2257,52.6893,-8.8879,-8.9750,1.0675,3.2277,2.2739,64.7672,86.2721,-1.0000,4.0000,2.0000,288.0000,1.0000
1694520000000.0000,S14,1.0000,3.0000,1.0000,-3.3792,-0.1907,68.7344,59.7638,-8.8879,-8.9750,1.1713,0.9724,2.3849,84.2632,106.4741,-1.0000,12.0000,2.0000,290.0000,1.0000
1695038400000.0000,S13,1.0000,2.0000,1.0000,-1.1163,0.3242,82.4255,75.7556,-4.2593,-2.8154,0.8488,2.1370,3.1637,150.8246,153.1160,-1.0000,12.0000,1.0000,326.0000,0.0000
1695038400000.0000,S14,1.0000,3.0000,1.0000,-1.1163,0.3242,82.4255,75.7556,-4.2593,-2.8154,0.8488,2.1370,3.1637,150.8246,153.1160,-1.0000,12.0000,1.0000,326.0000,0.0000
1695052800000.0000,S14,1.0000,3.0000,1.0000,-1.0038,0.4255,76.2407,77.0002,-4.2593,-2.8154,0.8592,0.9339,2.6897,127.9369,106.7589,-1.0000,16.0000,1.0000,327.0000,0.0000
1695067200000.0000,S13,-1.0000,2.0000,-1.0000,-0.9464,0.4515,48.8518,57.1665,-4.2593,-2.8154,0.9941,0.7416,2.5896,69.2740,48.1873,-1.0000,20.0000,1.0000,328.0000,1.0000
1695600000000.0000,S14,-1.0000,3.0000,-1.0000,-0.2377,-0.1160,25.6836,29.7880,-5.7795,-2.5735,0.6587,3.2531,1.5886,-52.9782,-27.7535,-1.0000,0.0000,1.0000,365.0000,0.0000
1695816000000.0000,S13,1.0000,2.0000,1.0000,-0.5916,-0.0909,81.1848,63.6307,-6.0779,-2.2537,0.7541,5.5529,2.8342,118.2184,107.9390,-1.0000,12.0000,3.0000,380.0000,0.0000
1695816000000.0000,S14,1.0000,3.0000,1.0000,-0.5916,-0.0909,81.1848,63.6307,-6.0779,-2.2537,0.7541,5.5529,2.8342,118.2184,107.9390,-1.0000,12.0000,3.0000,380.0000,0.0000
1695830400000.0000,S13,-1.0000,2.0000,-1.0000,-0.6039,-0.0790,48.4896,47.2353,-6.0779,-2.2537,0.8992,1.5056,3.1621,44.1645,33.1783,-1.0000,16.0000,3.0000,381.0000,0.0000
1695916800000.0000,S13,1.0000,2.0000,1.0000,-0.5391,0.0670,76.3068,66.5012,-5.6359,-1.4400,0.9251,3.5439,2.7937,145.3885,133.7308,-1.0000,16.0000,4.0000,387.0000,1.0000
1695916800000.0000,S14,1.0000,3.0000,1.0000,-0.5391,0.0670,76.3068,66.5012,-5.6359,-1.4400,0.9251,3.5439,2.7937,145.3885,133.7308,-1.0000,16.0000,4.0000,387.0000,1.0000
1695931200000.0000,S14,1.0000,3.0000,1.0000,-0.4648,0.1721,69.8902,67.9638,-5.6359,-1.4400,0.9809,1.1664,2.6476,120.2303,104.7497,-1.0000,20.0000,4.0000,388.0000,1.0000
1696089600000.0000,S12,1.0000,1.0000,1.0000,0.0227,0.2294,58.7939,60.0849,-3.8597,0.9410,0.8277,2.4284,0.6318,68.4064,74.0701,-1.0000,16.0000,6.0000,1.0000,1.0000
1696204800000.0000,S13,1.0000,2.0000,1.0000,0.4337,0.4210,87.1034,78.9306,-0.0879,5.3219,0.8826,2.2031,2.7348,148.8207,179.2276,-1.0000,0.0000,1.0000,9.0000,0.0000
1696204800000.0000,S14,1.0000,3.0000,1.0000,0.4337,0.4210,87.1034,78.9306,-0.0879,5.3219,0.8826,2.2031,2.7348,148.8207,179.2276,-1.0000,0.0000,1.0000,9.0000,0.0000
1696219200000.0000,S14,1.0000,3.0000,1.0000,0.5729,0.5538,84.8041,80.4122,-0.0879,5.3219,0.9126,1.7593,2.1190,127.1473,104.4068,-1.0000,4.0000,1.0000,10.0000,0.0000
1696233600000.0000,S14,1.0000,3.0000,1.0000,0.7251,0.6966,80.3409,82.2699,-0.0879,5.3219,0.9741,2.2813,2.1230,115.7026,104.3784,-1.0000,8.0000,1.0000,11.0000,0.0000
1696996800000.0000,S13,-1.0000,2.0000,-1.0000,1.6446,-0.1819,24.6561,27.5254,-2.2869,2.9672,0.8943,1.2933,1.5554,-7.9390,-23.2213,-1.0000,4.0000,3.0000,64.0000,0.0000
1696996800000.0000,S14,-1.0000,3.0000,-1.0000,1.6446,-0.1819,24.6561,27.5254,-2.2869,2.9672,0.8943,1.2933,1.5554,-7.9390,-23.2213,-1.0000,4.0000,3.0000,64.0000,0.0000
1697040000000.0000,S13,-1.0000,2.0000,-1.0000,1.4213,-0.3421,27.4706,27.8945,-2.2869,2.9672,0.9867,3.4954,1.9328,-10.6100,-19.5437,-1.0000,16.0000,3.0000,67.0000,0.0000
1697040000000.0000,S14,-1.0000,3.0000,-1.0000,1.4213,-0.3421,27.4706,27.8945,-2.2869,2.9672,0.9867,3.4954,1.9328,-10.6100,-19.5437,-1.0000,16.0000,3.0000,67.0000,0.0000
1697414400000.0000,S14,1.0000,3.0000,1.0000,0.1440,-0.0990,68.2955,59.7706,-3.0654,1.7926,0.6164,1.6510,2.2721,123.5735,105.9113,-1.0000,0.0000,1.0000,93.0000,1.0000
1697443200000.0000,S13,1.0000,2.0000,1.0000,0.2374,0.1019,81.6839,77.7934,-3.0654,1.7926,0.7598,1.3000,4.2243,150.0071,200.0871,-1.0000,8.0000,1.0000,95.0000,1.0000
1697443200000.0000,S14,1.0000,3.0000,1.0000,0.2374,0.1019,81.6839,77.7934,-3.0654,1.7926,0.7598,1.3000,4.2243,150.0071,200.0871,-1.0000,8.0000,1.0000,95.0000,1.0000
1697472000000.0000,S14,1.0000,3.0000,1.0000,0.3975,0.3601,74.2619,77.6784,-3.0654,1.7926,1.2946,0.6211,6.9010,120.1661,109.1653,-1.0000,16.0000,1.0000,97.0000,1.0000
1697774400000.0000,S14,1.0000,3.0000,1.0000,2.1594,0.6715,75.8734,78.7053,2.4870,7.1015,1.2326,2.3565,1.5123,139.4119,133.3489,0.0000,4.0000,5.0000,118.0000,1.0000
1697803200000.0000,S14,1.0000,3.0000,1.0000,2.4489,0.8890,80.4287,84.5477,2.4870,7.1015,1.3404,1.3104,2.7756,130.5571,135.5037,0.0000,12.0000,5.0000,120.0000,1.0000
1698033600000.0000,S13,1.0000,2.0000,1.0000,4.2320,0.8828,76.8983,78.8673,6.9475,10.8823,1.2182,2.9845,1.9911,116.5143,120.9672,0.0000,4.0000,1.0000,136.0000,1.0000
1698033600000.0000,S14,1.0000,3.0000,1.0000,4.2320,0.8828,76.8983,78.8673,6.9475,10.8823,1.2182,2.9845,1.9911,116.5143,120.9672,0.0000,4.0000,1.0000,136.0000,1.0000
1698091200000.0000,S14,1.0000,3.0000,1.0000,4.8036,1.2461,70.7536,80.0122,6.9475,10.8823,1.3471,1.3723,2.9697,117.5422,122.2270,0.0000,20.0000,1.0000,140.0000,1.0000
1698105600000.0000,S13,1.0000,2.0000,1.0000,5.1505,1.5104,80.8094,88.0863,17.8156,21.6215,1.9289,2.2078,4.4363,136.7875,174.7190,0.0000,0.0000,2.0000,141.0000,1.0000
1698105600000.0000,S14,1.0000,3.0000,1.0000,5.1505,1.5104,80.8094,88.0863,17.8156,21.6215,1.9289,2.2078,4.4363,136.7875,174.7190,0.0000,0.0000,2.0000,141.0000,1.0000
1698883200000.0000,S13,1.0000,2.0000,1.0000,10.4734,0.5648,69.1147,69.0056,25.1987,23.2598,1.2644,0.5654,2.2573,145.7052,124.1711,1.0000,0.0000,4.0000,195.0000,0.0000
1698883200000.0000,S14,1.0000,3.0000,1.0000,10.4734,0.5648,69.1147,69.0056,25.1987,23.2598,1.2644,0.5654,2.2573,145.7052,124.1711,1.0000,0.0000,4.0000,195.0000,0.0000
1699387200000.0000,S13,1.0000,2.0000,1.0000,8.7517,0.1809,68.4897,61.3399,23.2703,18.4624,1.1576,1.8176,2.8316,118.5569,117.0783,1.0000,20.0000,2.0000,230.0000,1.0000
1699387200000.0000,S14,1.0000,3.0000,1.0000,8.7517,0.1809,68.4897,61.3399,23.2703,18.4624,1.1576,1.8176,2.8316,118.5569,117.0783,1.0000,20.0000,2.0000,230.0000,1.0000
1699502400000.0000,S13,1.0000,2.0000,1.0000,8.5564,0.4911,76.1105,73.0126,24.9552,19.0460,1.2751,1.3103,2.1057,133.5570,123.1604,1.0000,4.0000,4.0000,238.0000,1.0000
1699502400000.0000,S14,1.0000,3.0000,1.0000,8.5564,0.4911,76.1105,73.0126,24.9552,19.0460,1.2751,1.3103,2.1057,133.5570,123.1604,1.0000,4.0000,4.0000,238.0000,1.0000
1699545600000.0000,S14,1.0000,3.0000,1.0000,8.7642,0.8954,61.8868,78.6733,24.9552,19.0460,1.3952,2.6692,3.5521,109.2688,103.6888,1.0000,16.0000,4.0000,241.0000,0.0000
1699920000000.0000,S14,-1.0000,3.0000,-1.0000,8.8311,0.2919,31.7451,42.6233,26.9298,17.7880,1.1119,0.7195,1.4927,-30.6545,-9.3391,1.0000,0.0000,2.0000,267.0000,1.0000
1699977600000.0000,S14,-1.0000,3.0000,-1.0000,8.4797,0.0505,36.5216,37.8136,26.9298,17.7880,1.1904,3.0547,2.3977,-11.7611,-5.3078,1.0000,16.0000,2.0000,271.0000,1.0000
1699992000000.0000,S13,-1.0000,2.0000,-1.0000,8.3019,-0.0778,26.1906,26.5592,26.9298,17.7880,1.4554,2.1793,3.0788,-27.7455,-33.6817,1.0000,20.0000,2.0000,272.0000,0.0000
1699992000000.0000,S14,-1.0000,3.0000,-1.0000,8.3019,-0.0778,26.1906,26.5592,26.9298,17.7880,1.4554,2.1793,3.0788,-27.7455,-33.6817,1.0000,20.0000,2.0000,272.0000,0.0000
1700078400000.0000,S13,1.0000,2.0000,1.0000,7.7350,0.0092,78.9670,64.1667,23.6217,14.1608,1.5015,2.7139,3.0399,95.2193,106.7617,1.0000,20.0000,3.0000,278.0000,0.0000
1700078400000.0000,S14,1.0000,3.0000,1.0000,7.7350,0.0092,78.9670,64.1667,23.6217,14.1608,1.5015,2.7139,3.0399,95.2193,106.7617,1.0000,20.0000,3.0000,278.0000,0.0000
1700092800000.0000,S14,1.0000,3.0000,1.0000,7.7885,0.2770,82.3108,67.2366,31.4467,20.6672,1.5125,0.8997,1.5356,99.1609,102.0766,1.0000,0.0000,4.0000,279.0000,0.0000
1700438400000.0000,S14,1.0000,3.0000,1.0000,6.3677,0.1907,80.0014,62.6833,29.0063,16.1582,1.1697,3.9924,1.4953,115.4168,97.7813,1.0000,0.0000,1.0000,303.0000,0.0000
1700510400000.0000,S14,1.0000,3.0000,1.0000,6.3499,0.4101,63.8324,63.3904,29.0063,16.1582,1.2641,0.9130,2.4865,99.4959,104.5592,1.0000,20.0000,1.0000,308.0000,0.0000
1700611200000.0000,S13,-1.0000,2.0000,-1.0000,6.0548,0.0496,24.2089,32.5709,23.1029,9.9169,1.5798,2.3220,2.0464,-10.2491,-24.1940,1.0000,0.0000,3.0000,315.0000,0.0000
1700611200000.0000,S14,-1.0000,3.0000,-1.0000,6.0548,0.0496,24.2089,32.5709,23.1029,9.9169,1.5798,2.3220,2.0464,-10.2491,-24.1940,1.0000,0.0000,3.0000,315.0000,0.0000
1700841600000.0000,S14,1.0000,3.0000,1.0000,5.6214,0.3995,77.4383,67.4486,28.0663,13.3326,1.3117,4.5070,1.8717,105.9971,111.1706,1.0000,16.0000,5.0000,331.0000,0.0000
1701086400000.0000,S14,-1.0000,3.0000,-1.0000,5.2319,0.0136,31.7770,39.7299,27.9322,11.7841,0.9798,1.9398,1.4900,-6.9150,0.4710,1.0000,12.0000,1.0000,348.0000,0.0000
1701100800000.0000,S14,-1.0000,3.0000,-1.0000,5.1357,-0.0531,24.0157,34.5480,27.9322,11.7841,0.9903,1.4887,1.7462,-10.8577,-5.1407,1.0000,16.0000,1.0000,349.0000,0.0000
1701201600000.0000,S13,1.0000,2.0000,1.0000,4.8260,0.1043,69.0774,64.7356,27.0099,10.5574,1.0498,2.6198,3.5992,104.5465,123.3285,1.0000,20.0000,2.0000,356.0000,1.0000
1701201600000.0000,S14,1.0000,3.0000,1.0000,4.8260,0.1043,69.0774,64.7356,27.0099,10.5574,1.0498,2.6198,3.5992,104.5465,123.3285,1.0000,20.0000,2.0000,356.0000,1.0000
1701432000000.0000,S14,1.0000,3.0000,1.0000,4.7075,0.2890,70.5405,66.2693,27.9332,9.9275,1.0555,0.8371,1.9574,108.7870,110.6298,1.0000,12.0000,5.0000,372.0000,1.0000
1701547200000.0000,S13,1.0000,2.0000,1.0000,4.9825,0.5721,79.3658,73.5724,30.9283,11.9429,0.9874,7.0278,1.9825,107.0431,126.5203,1.0000,20.0000,6.0000,380.0000,1.0000
1701547200000.0000,S14,1.0000,3.0000,1.0000,4.9825,0.5721,79.3658,73.5724,30.9283,11.9429,0.9874,7.0278,1.9825,107.0431,126.5203,1.0000,20.0000,6.0000,380.0000,1.0000
1701619200000.0000,S14,1.0000,3.0000,1.0000,5.2983,0.7589,66.8268,76.2834,33.2471,13.3391,0.9008,1.4738,1.1303,91.3332,101.5917,1.0000,16.0000,0.0000,385.0000,1.0000
1701648000000.0000,S14,1.0000,3.0000,1.0000,5.4282,0.7708,66.9769,74.6635,34.7240,13.9793,0.9646,2.2205,1.8525,93.3898,106.6353,1.0000,0.0000,1.0000,387.0000,1.0000
1701662400000.0000,S13,1.0000,2.0000,1.0000,5.5586,0.8662,79.0281,80.6739,34.7240,13.9793,1.0396,0.9965,2.1303,110.7544,117.7790,1.0000,4.0000,1.0000,388.0000,1.0000
1701662400000.0000,S14,1.0000,3.0000,1.0000,5.5586,0.8662,79.0281,80.6739,34.7240,13.9793,1.0396,0.9965,2.1303,110.7544,117.7790,1.0000,4.0000,1.0000,388.0000,1.0000
1701676800000.0000,S13,1.0000,2.0000,1.0000,5.7376,1.0326,82.1210,84.5802,34.7240,13.9793,1.1285,0.9724,2.3800,119.9650,118.4143,1.0000,8.0000,1.0000,389.0000,1.0000
1701676800000.0000,S14,1.0000,3.0000,1.0000,5.7376,1.0326,82.1210,84.5802,34.7240,13.9793,1.1285,0.9724,2.3800,119.9650,118.4143,1.0000,8.0000,1.0000,389.0000,1.0000
1701806400000.0000,S13,1.0000,2.0000,1.0000,7.2366,1.5126,82.0597,83.7514,41.1675,18.7313,1.4690,1.3124,2.8404,106.4047,131.9722,1.0000,20.0000,2.0000,398.0000,0.0000
1701806400000.0000,S14,1.0000,3.0000,1.0000,7.2366,1.5126,82.0597,83.7514,41.1675,18.7313,1.4690,1.3124,2.8404,106.4047,131.9722,1.0000,20.0000,2.0000,398.0000,0.0000
1702267200000.0000,S13,-1.0000,2.0000,-1.0000,9.7379,0.4769,25.5976,35.3618,44.7402,17.8659,1.5169,2.2421,3.3816,-37.9391,-49.6120,1.0000,4.0000,1.0000,430.0000,1.0000
1702267200000.0000,S14,-1.0000,3.0000,-1.0000,9.7379,0.4769,25.5976,35.3618,44.7402,17.8659,1.5169,2.2421,3.3816,-37.9391,-49.6120,1.0000,4.0000,1.0000,430.0000,1.0000
1702857600000.0000,S14,-1.0000,3.0000,-1.0000,5.7920,-0.2056,30.8199,39.2850,34.4585,7.8463,1.3881,2.3410,1.0212,1.9305,2.0975,1.0000,0.0000,1.0000,471.0000,0.0000
1702872000000.0000,S14,-1.0000,3.0000,-1.0000,5.6504,-0.2714,31.0421,36.5463,34.4585,7.8463,1.4166,0.9891,1.6516,-9.0665,-7.8838,1.0000,4.0000,1.0000,472.0000,0.0000
1703088000000.0000,S13,1.0000,2.0000,1.0000,5.1189,0.3182,75.2751,68.6510,36.7019,9.2879,1.4773,2.2669,2.5459,109.4799,120.4118,1.0000,16.0000,3.0000,487.0000,0.0000
1703088000000.0000,S14,1.0000,3.0000,1.0000,5.1189,0.3182,75.2751,68.6510,36.7019,9.2879,1.4773,2.2669,2.5459,109.4799,120.4118,1.0000,16.0000,3.0000,487.0000,0.0000
1703462400000.0000,S14,-1.0000,3.0000,-1.0000,5.2183,0.1611,24.2508,40.4983,37.1373,8.6979,1.0989,1.4731,1.9735,-28.0407,-23.0409,1.0000,0.0000,1.0000,513.0000,1.0000
1703620800000.0000,S14,-1.0000,3.0000,-1.0000,4.5333,-0.2401,30.1453,30.6528,38.6246,9.7010,1.2103,0.6985,2.1532,-11.9643,-1.4104,1.0000,20.0000,2.0000,524.0000,0.0000
1704139200000.0000,S14,1.0000,3.0000,1.0000,2.4715,0.0551,75.0242,66.0789,32.4113,4.4595,1.1311,2.1370,1.2670,141.6021,131.7852,1.0000,20.0000,1.0000,560.0000,1.0000
1704153600000.0000,S14,1.0000,3.0000,1.0000,2.5508,0.2230,78.9537,72.4101,37.9472,8.7610,1.1693,2.9931,1.9695,134.5973,131.7613,1.0000,0.0000,2.0000,561.0000,1.0000
1704168000000.0000,S13,1.0000,2.0000,1.0000,2.7102,0.4820,82.8074,79.8839,37.9472,8.7610,1.2721,1.4320,3.5017,133.0986,141.1296,1.0000,4.0000,2.0000,562.0000,0.0000
1704168000000.0000,S14,1.0000,3.0000,1.0000,2.7102,0.4820,82.8074,79.8839,37.9472,8.7610,1.2721,1.4320,3.5017,133.0986,141.1296,1.0000,4.0000,2.0000,562.0000,0.0000
1704283200000.0000,S13,-1.0000,2.0000,-1.0000,3.4803,0.6918,31.6252,48.7824,39.9368,10.1898,1.6253,4.0172,1.9547,33.5046,25.5285,1.0000,12.0000,3.0000,570.0000,1.0000
1704715200000.0000,S14,1.0000,3.0000,1.0000,3.0079,0.1866,64.7841,60.4868,35.0639,5.8120,1.5146,2.3269,1.3491,150.7365,123.5769,1.0000,12.0000,1.0000,600.0000,1.0000
1704729600000.0000,S14,1.0000,3.0000,1.0000,3.0633,0.2437,65.1041,63.7898,35.0639,5.8120,1.5588,1.8962,3.1114,129.8280,124.0560,1.0000,16.0000,1.0000,601.0000,1.0000
1704744000000.0000,S13,1.0000,2.0000,1.0000,3.2520,0.5081,81.2932,76.7138,35.0639,5.8120,1.7616,2.2070,3.8209,146.8848,174.1151,1.0000,20.0000,1.0000,602.0000,0.0000
1704744000000.0000,S14,1.0000,3.0000,1.0000,3.2520,0.5081,81.2932,76.7138,35.0639,5.8120,1.7616,2.2070,3.8209,146.8848,174.1151,1.0000,20.0000,1.0000,602.0000,0.0000
1705608000000.0000,S13,-1.0000,2.0000,-1.0000,0.3818,-0.4862,21.6858,30.4504,28.7921,-0.2605,1.5780,3.0555,2.5177,-38.1204,-62.8268,0.0000,20.0000,4.0000,662.0000,1.0000
1705608000000.0000,S14,-1.0000,3.0000,-1.0000,0.3818,-0.4862,21.6858,30.4504,28.7921,-0.2605,1.5780,3.0555,2.5177,-38.1204,-62.8268,0.0000,20.0000,4.0000,662.0000,1.0000
1705651200000.0000,S12,-1.0000,1.0000,-1.0000,-0.0256,-0.8130,39.7705,36.0883,24.2303,-3.7940,1.5519,0.9297,0.7885,6.4396,20.7387,0.0000,8.0000,5.0000,1.0000,1.0000
1705953600000.0000,S13,-1.0000,2.0000,-1.0000,-1.5607,-0.7094,25.4042,23.0626,24.3826,-3.6128,1.4041,3.4886,2.9086,-25.2720,-17.9079,0.0000,20.0000,1.0000,22.0000,0.0000
1705953600000.0000,S14,-1.0000,3.0000,-1.0000,-1.5607,-0.7094,25.4042,23.0626,24.3826,-3.6128,1.4041,3.4886,2.9086,-25.2720,-17.9079,0.0000,20.0000,1.0000,22.0000,0.0000
1706011200000.0000,S14,-1.0000,3.0000,-1.0000,-2.1491,-1.1033,24.5152,22.5330,18.1920,-8.2604,1.5984,1.3568,3.1183,-6.7145,-17.1638,0.0000,12.0000,2.0000,26.0000,0.0000
1706270400000.0000,S13,1.0000,2.0000,1.0000,-3.1727,-0.3015,76.8740,62.4266,18.8486,-6.9224,1.4628,3.4097,1.6239,118.6862,132.8495,0.0000,12.0000,5.0000,44.0000,1.0000
1706270400000.0000,S14,1.0000,3.0000,1.0000,-3.1727,-0.3015,76.8740,62.4266,18.8486,-6.9224,1.4628,3.4097,1.6239,118.6862,132.8495,0.0000,12.0000,5.0000,44.0000,1.0000
1706284800000.0000,S14,1.0000,3.0000,1.0000,-3.1008,-0.1525,70.2073,63.6671,18.8486,-6.9224,1.4670,2.1315,1.6179,112.7268,103.2036,0.0000,16.0000,5.0000,45.0000,1.0000
1706428800000.0000,S14,1.0000,3.0000,1.0000,-2.1789,0.4733,63.3398,70.3559,24.8460,-1.7322,1.1457,1.2234,1.4761,82.8388,103.9093,0.0000,8.0000,0.0000,55.0000,1.0000
1706587200000.0000,S14,1.0000,3.0000,1.0000,-1.1413,0.6750,68.2002,72.9387,27.9042,1.1279,1.1984,0.9295,1.5439,113.8792,110.7812,1.0000,4.0000,2.0000,66.0000,0.0000
1706846400000.0000,S12,1.0000,1.0000,1.0000,0.0133,0.2599,56.5944,55.2386,26.5492,0.4744,1.4059,0.3201,0.7016,53.4180,58.1784,1.0000,4.0000,5.0000,1.0000,1.0000
1707336000000.0000,S14,1.0000,3.0000,1.0000,0.7428,0.1347,66.6945,62.8152,25.3992,0.3560,1.0052,1.2670,2.1793,129.1515,112.4785,1.0000,20.0000,3.0000,35.0000,1.0000
1707350400000.0000,S13,1.0000,2.0000,1.0000,0.8403,0.2715,77.7287,71.2964,28.7654,3.1685,1.0447,0.9976,2.2369,138.6416,147.6841,1.0000,0.0000,4.0000,36.0000,1.0000
1707350400000.0000,S14,1.0000,3.0000,1.0000,0.8403,0.2715,77.7287,71.2964,28.7654,3.1685,1.0447,0.9976,2.2369,138.6416,147.6841,1.0000,0.0000,4.0000,36.0000,1.0000
1707364800000.0000,S14,1.0000,3.0000,1.0000,0.9457,0.4096,75.1994,73.0238,28.7654,3.1685,1.0388,0.8404,1.7319,121.7302,107.7949,1.0000,4.0000,4.0000,37.0000,1.0000
1707408000000.0000,S13,1.0000,2.0000,1.0000,1.2988,0.8065,80.4522,79.5508,28.7654,3.1685,1.0347,1.9736,2.1518,111.5467,119.5014,1.0000,16.0000,4.0000,40.0000,1.0000
1707408000000.0000,S14,1.0000,3.0000,1.0000,1.2988,0.8065,80.4522,79.5508,28.7654,3.1685,1.0347,1.9736,2.1518,111.5467,119.5014,1.0000,16.0000,4.0000,40.0000,1.0000
1707451200000.0000,S14,1.0000,3.0000,1.0000,1.7257,0.9974,71.9130,81.0999,31.2023,5.2736,1.1293,1.3112,1.6016,104.0160,114.9852,1.0000,4.0000,5.0000,43.0000,1.0000
1707480000000.0000,S13,1.0000,2.0000,1.0000,2.1244,1.2073,78.4868,85.9885,31.2023,5.2736,1.1968,2.0195,1.7876,107.7246,120.8303,1.0000,12.0000,5.0000,45.0000,1.0000
1707480000000.0000,S14,1.0000,3.0000,1.0000,2.1244,1.2073,78.4868,85.9885,31.2023,5.2736,1.1968,2.0195,1.7876,107.7246,120.8303,1.0000,12.0000,5.0000,45.0000,1.0000
1707624000000.0000,S14,1.0000,3.0000,1.0000,3.9765,1.3724,74.5876,83.3822,37.6089,10.6348,1.2484,3.5551,0.8015,90.0480,104.1275,1.0000,4.0000,0.0000,55.0000,1.0000
1707753600000.0000,S13,1.0000,2.0000,1.0000,5.3193,1.2307,78.3112,78.5453,38.8117,11.6686,1.3994,5.5509,2.2858,122.7703,133.0839,1.0000,16.0000,1.0000,64.0000,1.0000
1707753600000.0000,S14,1.0000,3.0000,1.0000,5.3193,1.2307,78.3112,78.5453,38.8117,11.6686,1.3994,5.5509,2.2858,122.7703,133.0839,1.0000,16.0000,1.0000,64.0000,1.0000
1707840000000.0000,S13,-1.0000,2.0000,-1.0000,6.2552,1.3877,37.0827,56.6353,43.0344,15.0394,1.5247,2.0187,2.6495,56.0173,56.2443,1.0000,16.0000,2.0000,70.0000,0.0000
1708963200000.0000,S13,1.0000,2.0000,1.0000,6.6979,0.1699,75.3278,67.1971,42.3244,13.5769,1.0411,5.6575,2.9337,132.2875,163.9338,1.0000,16.0000,1.0000,148.0000,1.0000
1708963200000.0000,S14,1.0000,3.0000,1.0000,6.6979,0.1699,75.3278,67.1971,42.3244,13.5769,1.0411,5.6575,2.9337,132.2875,163.9338,1.0000,16.0000,1.0000,148.0000,1.0000
1708977600000.0000,S13,1.0000,2.0000,1.0000,6.8147,0.3742,85.7226,77.0289,42.3244,13.5769,1.1665,2.8548,4.1808,143.9357,175.0181,1.0000,20.0000,1.0000,149.0000,1.0000
1708977600000.0000,S14,1.0000,3.0000,1.0000,6.8147,0.3742,85.7226,77.0289,42.3244,13.5769,1.1665,2.8548,4.1808,143.9357,175.0181,1.0000,20.0000,1.0000,149.0000,1.0000
1709006400000.0000,S13,1.0000,2.0000,1.0000,7.0910,0.8946,76.2098,81.5126,49.3700,19.0582,1.3967,1.2349,3.2211,123.5117,120.8947,1.0000,4.0000,2.0000,151.0000,1.0000
1709006400000.0000,S14,1.0000,3.0000,1.0000,7.0910,0.8946,76.2098,81.5126,49.3700,19.0582,1.3967,1.2349,3.2211,123.5117,120.8947,1.0000,4.0000,2.0000,151.0000,1.0000
1709107200000.0000,S13,1.0000,2.0000,1.0000,8.4506,1.8095,73.8082,84.0735,55.8019,24.1078,1.4587,2.1747,1.0291,95.6721,114.6464,1.0000,8.0000,3.0000,158.0000,1.0000
1709107200000.0000,S14,1.0000,3.0000,1.0000,8.4506,1.8095,73.8082,84.0735,55.8019,24.1078,1.4587,2.1747,1.0291,95.6721,114.6464,1.0000,8.0000,3.0000,158.0000,1.0000
1709121600000.0000,S14,1.0000,3.0000,1.0000,8.7031,1.8972,71.3559,85.7421,55.8019,24.1078,1.5039,1.8587,2.3439,93.9384,108.7357,1.0000,12.0000,3.0000,159.0000,1.0000
1709136000000.0000,S13,1.0000,2.0000,1.0000,9.0552,2.0870,81.5097,89.2509,55.8019,24.1078,1.6367,2.0225,2.8037,103.6494,119.1681,1.0000,16.0000,3.0000,160.0000,1.0000
1709136000000.0000,S14,1.0000,3.0000,1.0000,9.0552,2.0870,81.5097,89.2509,55.8019,24.1078,1.6367,2.0225,2.8037,103.6494,119.1681,1.0000,16.0000,3.0000,160.0000,1.0000
1709524800000.0000,S14,1.0000,3.0000,1.0000,13.4892,1.3192,67.6527,72.2068,68.6021,32.3581,1.5844,0.8286,1.9906,109.2040,106.1339,1.0000,4.0000,1.0000,187.0000,1.0000
1709553600000.0000,S14,1.0000,3.0000,1.0000,13.7535,1.5603,76.4362,79.6932,68.6021,32.3581,1.6123,0.7495,2.4405,123.2353,122.7008,1.0000,12.0000,1.0000,189.0000,1.0000
1709568000000.0000,S14,1.0000,3.0000,1.0000,13.9603,1.7430,82.0840,83.1492,68.6021,32.3581,1.6890,1.3516,2.3488,123.9761,117.8907,1.0000,16.0000,1.0000,190.0000,0.0000
1709582400000.0000,S14,1.0000,3.0000,1.0000,14.1995,1.9550,82.5292,85.2583,68.6021,32.3581,1.7077,0.8606,2.2935,115.6051,110.6080,1.0000,20.0000,1.0000,191.0000,0.0000
1709596800000.0000,S14,1.0000,3.0000,1.0000,14.4629,2.1899,85.6795,86.8236,81.3031,41.5460,1.7422,1.5147,1.9936,114.3511,111.6963,1.0000,0.0000,2.0000,192.0000,0.0000
1709668800000.0000,S13,-1.0000,2.0000,-1.0000,14.8778,1.5596,27.1323,40.5860,81.3031,41.5460,3.0700,2.9554,3.7032,31.8447,14.4984,1.0000,20.0000,2.0000,197.0000,0.0000
1709712000000.0000,S13,1.0000,2.0000,1.0000,14.8397,0.9322,58.1603,59.2263,68.4477,31.0148,3.1051,0.5168,1.1214,74.1302,77.3408,1.0000,8.0000,3.0000,200.0000,1.0000
1710144000000.0000,S13,1.0000,2.0000,1.0000,15.3896,1.0447,71.4517,69.5952,77.4147,34.6988,1.8009,6.1508,2.1820,127.7400,133.7027,1.0000,8.0000,1.0000,230.0000,0.0000
1710144000000.0000,S14,1.0000,3.0000,1.0000,15.3896,1.0447,71.4517,69.5952,77.4147,34.6988,1.8009,6.1508,2.1820,127.7400,133.7027,1.0000,8.0000,1.0000,230.0000,0.0000
1710158400000.0000,S14,1.0000,3.0000,1.0000,15.4600,1.1382,71.3038,71.3823,77.4147,34.6988,1.7846,1.8057,1.8918,119.6685,106.6205,1.0000,12.0000,1.0000,231.0000,0.0000
1710432000000.0000,S13,-1.0000,2.0000,-1.0000,15.7208,0.9537,27.3317,45.7981,84.7185,37.6030,1.7997,2.4537,1.7806,11.3143,50.4677,1.0000,16.0000,4.0000,250.0000,1.0000
1710475200000.0000,S13,-1.0000,2.0000,-1.0000,15.1865,0.2653,29.4087,37.3086,79.4358,32.8664,2.6123,2.5691,2.0270,-30.1672,-13.8150,1.0000,4.0000,5.0000,253.0000,1.0000
1710475200000.0000,S14,-1.0000,3.0000,-1.0000,15.1865,0.2653,29.4087,37.3086,79.4358,32.8664,2.6123,2.5691,2.0270,-30.1672,-13.8150,1.0000,4.0000,5.0000,253.0000,1.0000
1710849600000.0000,S14,-1.0000,3.0000,-1.0000,9.6938,-0.8120,24.9594,29.6963,66.5112,21.1058,2.8611,1.4414,2.0881,-16.1732,-7.1339,1.0000,12.0000,2.0000,279.0000,0.0000
1710892800000.0000,S14,-1.0000,3.0000,-1.0000,8.7758,-1.2779,30.3623,30.3163,51.8650,10.2091,3.0371,1.0908,1.0574,-8.8846,-6.8658,1.0000,0.0000,3.0000,282.0000,0.0000
1711987200000.0000,S14,-1.0000,3.0000,-1.0000,5.8721,0.1545,27.8725,37.1648,64.5103,14.9145,1.3142,2.8874,2.7408,-12.5914,-20.7478,1.0000,16.0000,1.0000,358.0000,1.0000
1712030400000.0000,S13,-1.0000,2.0000,-1.0000,5.6044,-0.1630,24.8932,33.6807,59.9518,11.5186,1.6870,1.6965,3.2153,-28.5973,-36.5367,1.0000,4.0000,2.0000,361.0000,0.0000
1712030400000.0000,S14,-1.0000,3.0000,-1.0000,5.6044,-0.1630,24.8932,33.6807,59.9518,11.5186,1.6870,1.6965,3.2153,-28.5973,-36.5367,1.0000,4.0000,2.0000,361.0000,0.0000
1712059200000.0000,S14,-1.0000,3.0000,-1.0000,5.2149,-0.4619,21.5100,29.7934,59.9518,11.5186,1.7624,1.9993,2.4021,-15.7846,-8.4448,1.0000,12.0000,2.0000,363.0000,0.0000
1712073600000.0000,S14,-1.0000,3.0000,-1.0000,4.9813,-0.7129,23.6699,27.4434,59.9518,11.5186,1.8387,1.5702,2.8598,-11.9420,-4.4986,1.0000,16.0000,2.0000,364.0000,0.0000
1712563200000.0000,S14,1.0000,3.0000,1.0000,3.2116,0.4349,71.3129,68.1201,54.9251,7.6449,1.4147,3.8455,1.3038,111.0667,114.7174,1.0000,8.0000,1.0000,398.0000,0.0000
1712577600000.0000,S13,1.0000,2.0000,1.0000,3.3574,0.5823,81.8028,75.2089,54.9251,7.6449,1.4852,1.5564,3.5195,120.6133,132.2620,1.0000,12.0000,1.0000,399.0000,0.0000
1712577600000.0000,S14,1.0000,3.0000,1.0000,3.3574,0.5823,81.8028,75.2089,54.9251,7.6449,1.4852,1.5564,3.5195,120.6133,132.2620,1.0000,12.0000,1.0000,399.0000,0.0000
1712952000000.0000,S13,-1.0000,2.0000,-1.0000,3.4818,0.0721,23.0310,33.2388,53.3629,6.2277,1.9995,1.9461,3.6197,-19.9530,-13.9922,1.0000,20.0000,5.0000,425.0000,1.0000
1712952000000.0000,S14,-1.0000,3.0000,-1.0000,3.4818,0.0721,23.0310,33.2388,53.3629,6.2277,1.9995,1.9461,3.6197,-19.9530,-13.9922,1.0000,20.0000,5.0000,425.0000,1.0000
1713038400000.0000,S13,-1.0000,2.0000,-1.0000,2.6823,-0.6590,26.1245,28.2125,46.3781,1.3559,2.1929,3.5605,1.6168,-20.4109,-15.5576,1.0000,20.0000,6.0000,431.0000,1.0000
1713038400000.0000,S14,-1.0000,3.0000,-1.0000,2.6823,-0.6590,26.1245,28.2125,46.3781,1.3559,2.1929,3.5605,1.6168,-20.4109,-15.5576,1.0000,20.0000,6.0000,431.0000,1.0000
1713369600000.0000,S14,-1.0000,3.0000,-1.0000,-1.0983,-0.9960,24.6154,30.7257,36.8872,-5.0471,2.8188,4.2893,2.2296,-17.1039,-29.2379,0.0000,16.0000,3.0000,8.0000,0.0000
1713816000000.0000,S14,1.0000,3.0000,1.0000,-1.4145,0.3833,65.9144,64.8191,36.6985,-3.7249,1.6862,0.6560,0.9764,99.1471,99.5519,0.0000,20.0000,1.0000,39.0000,0.0000
1713974400000.0000,S13,-1.0000,2.0000,-1.0000,-0.7556,0.2540,24.5319,40.5655,38.6621,-1.5960,1.4954,2.4871,2.5744,11.9478,21.9871,0.0000,16.0000,3.0000,50.0000,1.0000
1713988800000.0000,S14,-1.0000,3.0000,-1.0000,-0.8111,0.0974,23.5083,36.2720,38.6621,-1.5960,1.5610,1.5112,1.6631,-1.7929,-0.4504,0.0000,20.0000,3.0000,51.0000,1.0000
1714363200000.0000,S14,-1.0000,3.0000,-1.0000,-1.7690,-0.3450,26.4257,32.7762,29.3326,-6.0913,1.2597,2.2485,1.1468,-2.7217,-0.5928,0.0000,4.0000,1.0000,77.0000,0.0000
1714478400000.0000,S13,-1.0000,2.0000,-1.0000,-2.0610,-0.3087,30.7495,32.6380,30.3684,-4.8352,1.6014,3.2993,3.3850,-22.0306,-19.4558,0.0000,12.0000,2.0000,85.0000,1.0000
1714478400000.0000,S14,-1.0000,3.0000,-1.0000,-2.0610,-0.3087,30.7495,32.6380,30.3684,-4.8352,1.6014,3.2993,3.3850,-22.0306,-19.4558,0.0000,12.0000,2.0000,85.0000,1.0000
1714492800000.0000,S14,-1.0000,3.0000,-1.0000,-2.1781,-0.4311,31.6494,30.6228,30.3684,-4.8352,1.6131,1.2709,2.2991,-13.0322,-2.8816,0.0000,16.0000,2.0000,86.0000,1.0000
1714507200000.0000,S14,-1.0000,3.0000,-1.0000,-2.3570,-0.6945,23.0891,24.5898,30.3684,-4.8352,1.7337,2.3514,2.5863,-13.9377,-16.7155,0.0000,20.0000,2.0000,87.0000,1.0000
1714550400000.0000,S13,-1.0000,2.0000,-1.0000,-2.8231,-1.1851,22.6827,25.7789,23.4226,-9.2862,2.1967,4.7360,2.5733,-22.7330,-35.3201,0.0000,8.0000,3.0000,90.0000,0.0000
1714550400000.0000,S14,-1.0000,3.0000,-1.0000,-2.8231,-1.1851,22.6827,25.7789,23.4226,-9.2862,2.1967,4.7360,2.5733,-22.7330,-35.3201,0.0000,8.0000,3.0000,90.0000,0.0000
1715212800000.0000,S14,-1.0000,3.0000,-1.0000,-1.9837,-0.2075,28.9769,36.7373,21.1869,-7.0119,1.6446,1.4179,1.3067,-7.1365,-13.6665,0.0000,0.0000,4.0000,136.0000,0.0000
1715356800000.0000,S13,-1.0000,2.0000,-1.0000,-1.9284,0.0556,29.7845,39.3016,24.5042,-4.0146,1.7023,2.8414,2.6974,-0.6129,2.7879,0.0000,16.0000,5.0000,146.0000,0.0000
1715788800000.0000,S13,1.0000,2.0000,1.0000,-1.7223,0.1857,82.8654,72.5220,19.9157,-5.6386,1.4210,2.4813,3.6646,126.8863,145.7739,0.0000,16.0000,3.0000,176.0000,1.0000
1715788800000.0000,S14,1.0000,3.0000,1.0000,-1.7223,0.1857,82.8654,72.5220,19.9157,-5.6386,1.4210,2.4813,3.6646,126.8863,145.7739,0.0000,16.0000,3.0000,176.0000,1.0000
1715803200000.0000,S14,1.0000,3.0000,1.0000,-1.5245,0.4586,88.2877,77.5843,19.9157,-5.6386,1.4842,1.6187,1.8077,122.2272,115.8942,0.0000,20.0000,3.0000,177.0000,1.0000
1715961600000.0000,S12,1.0000,1.0000,1.0000,0.1449,0.8923,66.8185,72.1771,26.2662,0.2127,1.4168,3.4748,1.3985,82.6972,106.8022,1.0000,16.0000,5.0000,1.0000,1.0000
1715961600000.0000,S14,1.0000,3.0000,1.0000,0.1449,0.8923,66.8185,72.1771,26.2662,0.2127,1.4168,3.4748,1.3985,82.6972,106.8022,1.0000,16.0000,5.0000,1.0000,1.0000
1716235200000.0000,S13,1.0000,2.0000,1.0000,2.1043,0.7309,82.6184,77.8043,27.1000,2.1223,1.2266,4.7290,4.0606,149.7482,225.6249,1.0000,20.0000,1.0000,20.0000,0.0000
1716235200000.0000,S14,1.0000,3.0000,1.0000,2.1043,0.7309,82.6184,77.8043,27.1000,2.1223,1.2266,4.7290,4.0606,149.7482,225.6249,1.0000,20.0000,1.0000,20.0000,0.0000
1716249600000.0000,S14,1.0000,3.0000,1.0000,2.3522,0.9890,81.3541,81.9855,36.5421,10.0871,1.3794,2.4307,3.8542,134.0890,132.5585,1.0000,0.0000,2.0000,21.0000,0.0000
1716825600000.0000,S13,1.0000,2.0000,1.0000,3.8241,0.2097,74.7179,62.4945,28.4368,5.3201,1.1903,4.2207,2.4196,124.6608,130.2338,1.0000,16.0000,1.0000,61.0000,0.0000
1716825600000.0000,S14,1.0000,3.0000,1.0000,3.8241,0.2097,74.7179,62.4945,28.4368,5.3201,1.1903,4.2207,2.4196,124.6608,130.2338,1.0000,16.0000,1.0000,61.0000,0.0000
1717430400000.0000,S14,1.0000,3.0000,1.0000,2.3466,0.1976,62.6778,67.3881,24.4918,4.3363,1.0881,1.5127,2.9459,113.9240,106.0943,1.0000,16.0000,1.0000,103.0000,1.0000
1717516800000.0000,S13,1.0000,2.0000,1.0000,2.4645,0.2885,73.2384,68.5944,26.0323,5.8415,1.1391,3.2412,2.9091,117.9401,110.0322,1.0000,16.0000,2.0000,109.0000,0.0000
1717516800000.0000,S14,1.0000,3.0000,1.0000,2.4645,0.2885,73.2384,68.5944,26.0323,5.8415,1.1391,3.2412,2.9091,117.9401,110.0322,1.0000,16.0000,2.0000,109.0000,0.0000
1717603200000.0000,S14,1.0000,3.0000,1.0000,2.9052,0.6804,68.6528,73.4038,28.7971,8.2623,1.1307,2.3969,1.6620,94.9414,103.8307,1.0000,16.0000,3.0000,115.0000,0.0000
1717790400000.0000,S13,-1.0000,2.0000,-1.0000,3.3519,0.3345,27.4976,40.4367,28.4767,8.1046,1.2728,1.1741,2.6453,-36.2658,17.4068,1.0000,20.0000,5.0000,128.0000,1.0000
1718078400000.0000,S13,-1.0000,2.0000,-1.0000,2.5516,-0.0601,30.6802,35.6705,24.7212,5.5156,0.8962,1.2213,3.3967,-52.7710,-5.8030,1.0000,4.0000,2.0000,148.0000,1.0000
1718092800000.0000,S14,-1.0000,3.0000,-1.0000,2.4398,-0.1650,21.7330,29.2504,24.7212,5.5156,0.9612,1.0069,2.9619,-39.9388,-14.9847,1.0000,8.0000,2.0000,149.0000,0.0000
1718107200000.0000,S14,-1.0000,3.0000,-1.0000,2.3035,-0.3373,16.6597,25.4906,24.7212,5.5156,1.0016,1.1848,2.5050,-31.4417,-16.8370,1.0000,12.0000,2.0000,150.0000,0.0000
1718121600000.0000,S14,-1.0000,3.0000,-1.0000,2.1451,-0.5070,16.1723,22.5306,24.7212,5.5156,1.0671,2.1828,2.8430,-16.5333,-7.5276,1.0000,16.0000,2.0000,151.0000,0.0000
1718136000000.0000,S13,1.0000,2.0000,1.0000,2.0435,-0.6073,44.0097,36.7704,24.7212,5.5156,1.1296,0.7270,1.8533,10.4110,30.6738,1.0000,20.0000,2.0000,152.0000,1.0000
1718208000000.0000,S13,1.0000,2.0000,1.0000,1.7080,-0.3191,72.7927,58.4283,20.4097,2.1230,1.1778,1.5589,2.8309,74.4606,89.0001,1.0000,16.0000,3.0000,157.0000,0.0000
1718222400000.0000,S13,-1.0000,2.0000,-1.0000,1.6287,-0.2945,42.3146,43.3368,20.4097,2.1230,1.4061,2.8742,2.4102,28.8598,35.3163,1.0000,20.0000,3.0000,158.0000,1.0000
1718524800000.0000,S12,-1.0000,1.0000,-1.0000,-0.0412,-0.4367,51.7963,42.8047,17.2400,0.2219,1.0032,0.7510,0.3328,36.8740,33.0414,1.0000,8.0000,0.0000,1.0000,1.0000
1718654400000.0000,S13,1.0000,2.0000,1.0000,-0.4504,-0.3668,57.4865,51.0743,17.7338,0.8027,1.1113,0.9004,2.5835,67.4113,60.3645,1.0000,20.0000,1.0000,10.0000,0.0000
1718899200000.0000,S13,-1.0000,2.0000,-1.0000,-1.3291,-0.2778,39.3564,42.2319,13.9151,-2.0377,1.2594,1.5288,1.4565,17.2017,18.1703,0.0000,16.0000,4.0000,27.0000,1.0000
1718971200000.0000,S14,-1.0000,3.0000,-1.0000,-1.6221,-0.4898,32.4775,34.6355,13.4844,-2.3865,1.1877,1.1340,1.3913,-2.7850,-7.4056,0.0000,12.0000,5.0000,32.0000,1.0000
1719187200000.0000,S13,-1.0000,2.0000,-1.0000,-2.2278,-0.3749,23.1312,30.9633,9.9860,-5.0496,0.7983,2.9124,1.1140,-21.8168,-7.2348,0.0000,0.0000,1.0000,47.0000,1.0000
1719187200000.0000,S14,-1.0000,3.0000,-1.0000,-2.2278,-0.3749,23.1312,30.9633,9.9860,-5.0496,0.7983,2.9124,1.1140,-21.8168,-7.2348,0.0000,0.0000,1.0000,47.0000,1.0000
1719201600000.0000,S14,-1.0000,3.0000,-1.0000,-2.3065,-0.4536,24.8196,28.1184,9.9860,-5.0496,0.8220,1.2574,1.9206,-24.0729,-17.0112,0.0000,4.0000,1.0000,48.0000,1.0000
1719216000000.0000,S14,-1.0000,3.0000,-1.0000,-2.3985,-0.5493,24.1100,25.2086,9.9860,-5.0496,0.8569,1.7188,1.9789,-17.0083,-5.3898,0.0000,8.0000,1.0000,49.0000,1.0000
1719230400000.0000,S13,-1.0000,2.0000,-1.0000,-2.5370,-0.6966,22.0705,19.1042,9.9860,-5.0496,1.0942,1.2972,4.0317,-32.9650,-32.3723,0.0000,12.0000,1.0000,50.0000,1.0000
1719230400000.0000,S14,-1.0000,3.0000,-1.0000,-2.5370,-0.6966,22.0705,19.1042,9.9860,-5.0496,1.0942,1.2972,4.0317,-32.9650,-32.3723,0.0000,12.0000,1.0000,50.0000,1.0000
1719259200000.0000,S13,-1.0000,2.0000,-1.0000,-2.8993,-1.0705,18.9500,12.9850,9.9860,-5.0496,1.3248,1.4378,4.4786,-21.4001,-27.7150,0.0000,20.0000,1.0000,52.0000,0.0000
1719259200000.0000,S14,-1.0000,3.0000,-1.0000,-2.8993,-1.0705,18.9500,12.9850,9.9860,-5.0496,1.3248,1.4378,4.4786,-21.4001,-27.7150,0.0000,20.0000,1.0000,52.0000,0.0000
1719604800000.0000,S14,-1.0000,3.0000,-1.0000,-4.2621,-0.4633,27.1732,35.2259,6.7224,-7.1404,1.3129,1.7904,1.2631,-13.3868,-19.9162,0.0000,20.0000,5.0000,76.0000,0.0000
1719792000000.0000,S14,1.0000,3.0000,1.0000,-4.2442,-0.0357,75.8052,65.3464,8.0182,-5.5223,1.0125,1.1971,1.6769,111.6449,114.3091,0.0000,0.0000,1.0000,89.0000,0.0000
1719806400000.0000,S14,1.0000,3.0000,1.0000,-4.1400,0.0863,77.1398,70.2399,8.0182,-5.5223,1.0708,1.3147,2.2012,116.5997,110.4948,0.0000,4.0000,1.0000,90.0000,0.0000
1719979200000.0000,S13,-1.0000,2.0000,-1.0000,-3.5342,-0.1094,25.0112,38.9819,6.5554,-6.4976,1.1977,1.7682,1.5407,5.9466,5.1376,0.0000,4.0000,3.0000,102.0000,1.0000
1720008000000.0000,S14,-1.0000,3.0000,-1.0000,-3.6124,-0.3179,24.9645,34.6381,6.5554,-6.4976,1.2464,1.3526,2.3593,-7.1581,-9.6264,0.0000,12.0000,3.0000,104.0000,1.0000
1720065600000.0000,S14,-1.0000,3.0000,-1.0000,-3.8778,-0.6716,35.7084,30.3213,3.0925,-9.3598,1.5797,0.4912,2.8817,-2.1212,-6.9706,0.0000,4.0000,4.0000,108.0000,1.0000
1720094400000.0000,S14,-1.0000,3.0000,-1.0000,-4.1459,-0.9062,28.5698,24.4516,3.0925,-9.3598,1.7083,0.7370,2.6441,-4.4136,-2.0791,0.0000,12.0000,4.0000,110.0000,1.0000
1720152000000.0000,S13,-1.0000,2.0000,-1.0000,-4.7445,-1.2926,22.8179,19.5910,-2.4467,-13.8774,2.1529,2.6593,2.9875,-6.3155,-20.6323,-1.0000,4.0000,5.0000,114.0000,0.0000
1720152000000.0000,S14,-1.0000,3.0000,-1.0000,-4.7445,-1.2926,22.8179,19.5910,-2.4467,-13.8774,2.1529,2.6593,2.9875,-6.3155,-20.6323,-1.0000,4.0000,5.0000,114.0000,0.0000
1720166400000.0000,S14,-1.0000,3.0000,-1.0000,-4.9990,-1.4584,27.9685,17.7215,-2.4467,-13.8774,2.2838,1.0515,2.5753,-7.0667,-8.7492,-1.0000,8.0000,5.0000,115.0000,0.0000
1720598400000.0000,S14,1.0000,3.0000,1.0000,-6.2053,-0.0177,63.8122,61.4323,-1.3193,-10.9861,1.8934,0.6117,1.1692,96.0793,107.2888,-1.0000,8.0000,3.0000,145.0000,1.0000
1720944000000.0000,S14,1.0000,3.0000,1.0000,-4.8936,0.4073,65.5334,67.0198,0.1371,-7.9840,1.4637,0.7184,1.2467,111.8962,109.8542,0.0000,8.0000,0.0000,169.0000,1.0000
1721001600000.0000,S14,1.0000,3.0000,1.0000,-4.3424,0.6489,63.5757,70.4592,2.6821,-5.2566,1.4131,1.1332,1.7271,99.4671,111.8213,0.0000,0.0000,1.0000,173.0000,1.0000
1721016000000.0000,S13,1.0000,2.0000,1.0000,-4.0997,0.7969,77.7219,78.3695,2.6821,-5.2566,1.5185,1.3439,2.3450,118.9667,127.5678,0.0000,4.0000,1.0000,174.0000,1.0000
1721016000000.0000,S14,1.0000,3.0000,1.0000,-4.0997,0.7969,77.7219,78.3695,2.6821,-5.2566,1.5185,1.3439,2.3450,118.9667,127.5678,0.0000,4.0000,1.0000,174.0000,1.0000
1721030400000.0000,S14,1.0000,3.0000,1.0000,-3.8579,0.9491,77.8421,78.9988,2.6821,-5.2566,1.4809,1.2092,1.3209,108.2518,101.6733,0.0000,8.0000,1.0000,175.0000,1.0000
1721073600000.0000,S14,1.0000,3.0000,1.0000,-3.1773,1.3560,67.6005,77.6836,2.6821,-5.2566,1.4707,1.5548,2.0850,95.5552,100.9450,0.0000,20.0000,1.0000,178.0000,1.0000
1721088000000.0000,S14,1.0000,3.0000,1.0000,-2.8845,1.4380,76.0469,81.8572,9.1090,0.9808,1.5160,0.9282,1.4823,104.6140,115.3935,1.0000,0.0000,2.0000,179.0000,1.0000
1721116800000.0000,S13,-1.0000,2.0000,-1.0000,-2.4252,1.4721,45.0407,63.4998,9.1090,0.9808,1.6566,1.6102,2.2128,74.8812,75.7363,1.0000,8.0000,2.0000,181.0000,0.0000
1721289600000.0000,S12,1.0000,1.0000,1.0000,0.0099,1.0392,50.0496,61.6379,7.6290,0.2606,1.5910,0.4802,0.5009,62.4042,76.9289,1.0000,8.0000,4.0000,1.0000,1.0000
1721419200000.0000,S14,1.0000,3.0000,1.0000,1.0338,0.8878,79.9826,70.0475,7.2655,0.2189,1.6118,2.3570,2.0915,115.8837,121.7123,1.0000,20.0000,5.0000,10.0000,0.0000
1721606400000.0000,S14,1.0000,3.0000,1.0000,2.9235,1.0031,64.3086,71.0709,13.6018,6.8183,1.3256,0.6878,1.2751,86.1936,110.3743,1.0000,0.0000,1.0000,23.0000,0.0000
1721764800000.0000,S14,-1.0000,3.0000,-1.0000,3.6465,0.4053,35.4718,42.2629,12.3275,5.8336,1.5112,1.5856,1.6615,-10.0159,-2.0267,1.0000,20.0000,2.0000,34.0000,0.0000
1721865600000.0000,S14,-1.0000,3.0000,-1.0000,3.5523,0.1430,40.0169,41.3031,8.3521,2.7135,1.3999,0.5892,0.7821,11.4027,0.4259,1.0000,0.0000,4.0000,41.0000,0.0000
1721880000000.0000,S14,-1.0000,3.0000,-1.0000,3.4519,0.0184,29.4793,33.0112,8.3521,2.7135,1.5284,1.1983,2.0799,-16.5152,-36.3009,1.0000,4.0000,4.0000,42.0000,0.0000
1722009600000.0000,S14,1.0000,3.0000,1.0000,3.3313,0.4622,66.1974,62.3674,8.8574,3.5523,1.4687,1.0837,1.2428,92.8395,102.0148,1.0000,16.0000,5.0000,51.0000,0.0000
1722096000000.0000,S14,1.0000,3.0000,1.0000,3.7482,0.6882,65.9946,69.4718,12.1505,6.9672,1.2888,1.7399,1.3909,91.9719,113.5582,1.0000,16.0000,6.0000,57.0000,0.0000
1722456000000.0000,S14,-1.0000,3.0000,-1.0000,3.3973,-0.2388,33.7489,35.1383,8.5281,4.5456,1.5557,4.2665,1.5672,14.2299,1.4514,1.0000,20.0000,3.0000,82.0000,1.0000
1722470400000.0000,S14,-1.0000,3.0000,-1.0000,3.2689,-0.3135,31.6993,31.4091,5.7813,2.1682,1.5587,0.6560,1.1577,7.0351,-5.5268,1.0000,0.0000,4.0000,83.0000,1.0000
1722484800000.0000,S14,-1.0000,3.0000,-1.0000,3.1145,-0.4356,26.1321,27.9001,5.7813,2.1682,1.5860,1.0933,1.2934,1.8255,-10.7386,1.0000,4.0000,4.0000,84.0000,1.0000
1722528000000.0000,S13,-1.0000,2.0000,-1.0000,2.6892,-0.7172,26.5058,27.6605,5.7813,2.1682,1.6808,3.8245,1.7285,-3.8818,-10.4680,1.0000,16.0000,4.0000,87.0000,1.0000
1722528000000.0000,S14,-1.0000,3.0000,-1.0000,2.6892,-0.7172,26.5058,27.6605,5.7813,2.1682,1.6808,3.8245,1.7285,-3.8818,-10.4680,1.0000,16.0000,4.0000,87.0000,1.0000
1722556800000.0000,S13,1.0000,2.0000,1.0000,2.4748,-0.6486,59.4961,47.5231,6.7633,3.4111,1.7683,0.7017,1.3862,47.4758,40.7303,1.0000,0.0000,5.0000,89.0000,0.0000
1722643200000.0000,S14,-1.0000,3.0000,-1.0000,1.6855,-0.7741,28.1566,31.3289,0.3090,-2.5271,2.1733,0.7465,1.5683,-7.1636,-15.5407,0.0000,0.0000,6.0000,95.0000,1.0000
1722715200000.0000,S14,-1.0000,3.0000,-1.0000,0.7319,-1.1721,25.5115,29.0777,0.3090,-2.5271,2.0808,1.7438,1.6188,3.5062,-1.3906,0.0000,20.0000,6.0000,100.0000,1.0000
1722787200000.0000,S12,-1.0000,1.0000,-1.0000,-0.2176,-1.2382,25.9226,28.9294,-1.1380,-3.6324,2.0712,3.2505,1.3879,2.9036,-14.6649,-1.0000,16.0000,0.0000,1.0000,1.0000
1722787200000.0000,S14,-1.0000,3.0000,-1.0000,-0.2176,-1.2382,25.9226,28.9294,-1.1380,-3.6324,2.0712,3.2505,1.3879,2.9036,-14.6649,-1.0000,16.0000,0.0000,1.0000,1.0000
1722830400000.0000,S13,-1.0000,2.0000,-1.0000,-1.1195,-1.7337,19.2732,17.8252,-5.3887,-7.4231,3.0806,1.2106,5.1232,-22.9759,-38.5090,-1.0000,4.0000,1.0000,4.0000,0.0000
1722830400000.0000,S14,-1.0000,3.0000,-1.0000,-1.1195,-1.7337,19.2732,17.8252,-5.3887,-7.4231,3.0806,1.2106,5.1232,-22.9759,-38.5090,-1.0000,4.0000,1.0000,4.0000,0.0000
1723161600000.0000,S14,1.0000,3.0000,1.0000,-4.9651,-0.0463,74.6255,65.7860,-0.1467,-0.6589,2.9042,1.8077,1.3108,117.1601,116.9085,-1.0000,0.0000,5.0000,27.0000,0.0000
1723752000000.0000,S13,-1.0000,2.0000,-1.0000,-3.1582,-0.4267,29.5396,37.8523,-5.8879,-4.8972,2.3052,2.6199,1.9193,-7.1450,-17.1593,-1.0000,20.0000,4.0000,68.0000,0.0000
1723752000000.0000,S14,-1.0000,3.0000,-1.0000,-3.1582,-0.4267,29.5396,37.8523,-5.8879,-4.8972,2.3052,2.6199,1.9193,-7.1450,-17.1593,-1.0000,20.0000,4.0000,68.0000,0.0000
1724126400000.0000,S14,1.0000,3.0000,1.0000,-2.7261,-0.0108,74.4864,61.9347,-5.2833,-3.2664,1.4944,0.5856,2.4070,113.7689,115.7357,-1.0000,4.0000,2.0000,94.0000,1.0000
1724140800000.0000,S14,1.0000,3.0000,1.0000,-2.6192,0.1569,73.3482,63.7779,-5.2833,-3.2664,1.4791,0.7891,1.8899,108.7080,99.7852,-1.0000,8.0000,2.0000,95.0000,1.0000
1724169600000.0000,S13,-1.0000,2.0000,-1.0000,-2.5383,0.2615,35.2629,46.1852,-5.2833,-3.2664,1.6591,2.6928,3.1361,33.1049,31.0458,-1.0000,16.0000,2.0000,97.0000,0.0000
1724270400000.0000,S13,1.0000,2.0000,1.0000,-2.2494,0.1781,73.3675,63.2189,-6.0784,-3.8359,1.6961,3.0321,1.7105,117.7910,111.0446,-1.0000,20.0000,3.0000,104.0000,1.0000
1724270400000.0000,S14,1.0000,3.0000,1.0000,-2.2494,0.1781,73.3675,63.2189,-6.0784,-3.8359,1.6961,3.0321,1.7105,117.7910,111.0446,-1.0000,20.0000,3.0000,104.0000,1.0000
1724443200000.0000,S13,1.0000,2.0000,1.0000,-1.2516,0.5479,79.4663,69.5389,-4.1847,-1.5904,1.6567,2.1740,2.3868,123.0247,136.0658,-1.0000,20.0000,5.0000,116.0000,0.0000
1724443200000.0000,S14,1.0000,3.0000,1.0000,-1.2516,0.5479,79.4663,69.5389,-4.1847,-1.5904,1.6567,2.1740,2.3868,123.0247,136.0658,-1.0000,20.0000,5.0000,116.0000,0.0000
1724457600000.0000,S14,1.0000,3.0000,1.0000,-1.0487,0.7520,76.2286,71.0180,1.4542,4.1403,1.6922,0.9666,1.6156,115.7810,105.3281,0.0000,0.0000,6.0000,117.0000,0.0000
1724558400000.0000,S12,1.0000,1.0000,1.0000,0.1342,1.0592,56.3154,67.5450,1.4747,4.0802,1.3646,0.8452,0.6293,77.8458,84.0950,0.0000,4.0000,0.0000,1.0000,0.0000
1724760000000.0000,S14,-1.0000,3.0000,-1.0000,1.2213,0.2545,33.6721,43.4635,-0.9111,1.5069,1.1686,0.9704,1.5121,-15.3032,-14.2979,-1.0000,12.0000,2.0000,15.0000,1.0000
1724774400000.0000,S14,-1.0000,3.0000,-1.0000,1.1873,0.1411,24.3046,36.9964,-0.9111,1.5069,1.2160,2.3155,2.7153,-22.9625,-22.0188,-1.0000,16.0000,2.0000,16.0000,1.0000
1724932800000.0000,S12,-1.0000,1.0000,-1.0000,-0.0076,-0.6660,58.6424,42.9038,-7.0749,-4.7439,1.7606,1.8360,0.8380,37.0063,34.5869,-1.0000,12.0000,4.0000,1.0000,1.0000
1725379200000.0000,S13,-1.0000,2.0000,-1.0000,-1.9251,-0.2184,34.2023,39.2270,-7.2307,-4.6158,1.4827,1.2005,2.4774,16.5030,23.6090,-1.0000,16.0000,2.0000,32.0000,1.0000
1725422400000.0000,S14,-1.0000,3.0000,-1.0000,-2.1504,-0.5249,26.0887,33.2583,-9.8485,-7.0513,1.6735,0.6651,2.5815,-9.0796,-16.4268,-1.0000,4.0000,3.0000,35.0000,1.0000
1725465600000.0000,S13,1.0000,2.0000,1.0000,-2.3658,-0.6758,62.3116,48.8954,-9.8485,-7.0513,1.6726,2.4740,2.2195,56.4440,62.6860,-1.0000,16.0000,3.0000,38.0000,0.0000
1725638400000.0000,S13,-1.0000,2.0000,-1.0000,-3.2922,-0.8591,28.6732,27.5580,-11.9708,-8.7235,2.0596,2.9354,3.6918,-14.4083,-29.0558,-1.0000,16.0000,5.0000,50.0000,0.0000
1725638400000.0000,S14,-1.0000,3.0000,-1.0000,-3.2922,-0.8591,28.6732,27.5580,-11.9708,-8.7235,2.0596,2.9354,3.6918,-14.4083,-29.0558,-1.0000,16.0000,5.0000,50.0000,0.0000
1725652800000.0000,S14,-1.0000,3.0000,-1.0000,-3.4789,-1.0044,27.7689,25.6200,-11.9708,-8.7235,2.0855,1.3611,1.8340,-12.7824,-3.5727,-1.0000,20.0000,5.0000,51.0000,0.0000
1725912000000.0000,S13,1.0000,2.0000,1.0000,-4.6958,-0.2500,73.2643,63.9491,-14.0714,-9.8325,1.5696,1.3840,1.7878,128.3165,98.8396,-1.0000,20.0000,1.0000,69.0000,1.0000
1725912000000.0000,S14,1.0000,3.0000,1.0000,-4.6958,-0.2500,73.2643,63.9491,-14.0714,-9.8325,1.5696,1.3840,1.7878,128.3165,98.8396,-1.0000,20.0000,1.0000,69.0000,1.0000
1726113600000.0000,S14,1.0000,3.0000,1.0000,-3.6050,0.2777,63.2648,63.1941,-10.3356,-4.8506,1.6005,0.4853,0.9952,89.2884,102.6010,-1.0000,4.0000,4.0000,83.0000,1.0000
1726243200000.0000,S13,1.0000,2.0000,1.0000,-2.7162,0.4772,71.9176,67.0664,-9.1390,-3.3000,1.4989,4.6715,2.0786,119.4955,136.1505,-1.0000,16.0000,5.0000,92.0000,1.0000
1726243200000.0000,S14,1.0000,3.0000,1.0000,-2.7162,0.4772,71.9176,67.0664,-9.1390,-3.3000,1.4989,4.6715,2.0786,119.4955,136.1505,-1.0000,16.0000,5.0000,92.0000,1.0000
1726257600000.0000,S14,1.0000,3.0000,1.0000,-2.5582,0.5691,70.2826,67.4404,-9.1390,-3.3000,1.4743,1.0814,1.2706,105.5900,98.9004,-1.0000,20.0000,5.0000,93.0000,1.0000
1726272000000.0000,S14,1.0000,3.0000,1.0000,-2.3691,0.7291,74.7554,70.9384,-5.4859,0.8130,1.4663,0.9688,1.2080,114.8049,112.3267,-1.0000,0.0000,6.0000,94.0000,0.0000
1726588800000.0000,S13,1.0000,2.0000,1.0000,-0.6551,0.2308,74.4003,67.0725,-9.0310,-2.1216,1.4065,4.7029,4.1304,101.8324,126.8107,-1.0000,16.0000,2.0000,116.0000,1.0000
1726588800000.0000,S14,1.0000,3.0000,1.0000,-0.6551,0.2308,74.4003,67.0725,-9.0310,-2.1216,1.4065,4.7029,4.1304,101.8324,126.8107,-1.0000,16.0000,2.0000,116.0000,1.0000
1727366400000.0000,S14,1.0000,3.0000,1.0000,3.6704,0.4328,75.0104,67.4722,-1.1377,5.7347,1.2401,2.9567,2.9303,117.1722,116.6528,-1.0000,16.0000,4.0000,47.0000,0.0000
1727452800000.0000,S14,1.0000,3.0000,1.0000,4.0893,0.7445,64.7182,69.9315,2.0579,8.7544,1.2054,1.3767,1.8153,101.1467,102.9502,0.0000,16.0000,5.0000,53.0000,0.0000
1727668800000.0000,S13,-1.0000,2.0000,-1.0000,4.6228,0.3740,27.8109,42.2323,2.8842,8.9675,0.9399,3.0483,2.5143,-37.1283,-8.0199,0.0000,4.0000,1.0000,68.0000,1.0000
1727668800000.0000,S14,-1.0000,3.0000,-1.0000,4.6228,0.3740,27.8109,42.2323,2.8842,8.9675,0.9399,3.0483,2.5143,-37.1283,-8.0199,0.0000,4.0000,1.0000,68.0000,1.0000
1727697600000.0000,S14,-1.0000,3.0000,-1.0000,4.5065,0.1605,29.7441,35.2137,2.8842,8.9675,1.0128,1.0849,2.7218,-26.5645,-15.3934,0.0000,12.0000,1.0000,70.0000,1.0000
1727798400000.0000,S14,-1.0000,3.0000,-1.0000,3.9351,-0.2378,28.6083,30.6903,-0.6200,5.0285,1.1846,3.7380,3.7255,2.9846,-3.9623,-1.0000,16.0000,2.0000,77.0000,1.0000
1727812800000.0000,S14,-1.0000,3.0000,-1.0000,3.7815,-0.3245,20.4066,25.7898,-0.6200,5.0285,1.3153,0.8997,3.1315,-9.7242,-4.5360,-1.0000,20.0000,2.0000,78.0000,0.0000
1727827200000.0000,S14,-1.0000,3.0000,-1.0000,3.5893,-0.4899,21.3595,21.7233,-4.5123,0.7973,1.4249,0.4703,1.9159,-10.3474,-5.3769,-1.0000,0.0000,3.0000,79.0000,0.0000
1727899200000.0000,S13,-1.0000,2.0000,-1.0000,2.8489,-0.7459,33.1937,29.3818,-4.5123,0.7973,1.6921,2.9158,1.5110,5.0712,1.9621,-1.0000,20.0000,3.0000,84.0000,0.0000
1728230400000.0000,S14,1.0000,3.0000,1.0000,1.1908,-0.0996,72.3146,57.6672,-2.4103,2.5379,0.9787,2.6778,1.1323,99.6257,114.1207,-1.0000,16.0000,0.0000,107.0000,0.0000
1728273600000.0000,S14,1.0000,3.0000,1.0000,1.2326,0.1009,68.8775,64.9537,-1.1731,3.6828,1.0266,1.1100,2.0122,114.1151,120.5894,-1.0000,4.0000,1.0000,110.0000,0.0000
1728504000000.0000,S13,-1.0000,2.0000,-1.0000,0.9963,-0.1579,31.1722,35.6806,-2.1727,2.3742,1.2527,1.8819,1.4888,-16.6762,-22.4580,-1.0000,20.0000,3.0000,126.0000,0.0000
1728504000000.0000,S14,-1.0000,3.0000,-1.0000,0.9963,-0.1579,31.1722,35.6806,-2.1727,2.3742,1.2527,1.8819,1.4888,-16.6762,-22.4580,-1.0000,20.0000,3.0000,126.0000,0.0000
1728518400000.0000,S14,-1.0000,3.0000,-1.0000,0.8999,-0.2619,32.7387,32.8136,-4.5467,-0.1899,1.2677,0.5822,1.0847,-14.2902,-6.4504,-1.0000,0.0000,4.0000,127.0000,0.0000
1728590400000.0000,S14,-1.0000,3.0000,-1.0000,0.4895,-0.4959,32.6020,30.0498,-4.5467,-0.1899,1.3904,1.1606,2.2621,-5.8263,-13.0480,-1.0000,20.0000,4.0000,132.0000,0.0000
1728878400000.0000,S13,1.0000,2.0000,1.0000,0.7295,0.2180,74.2365,66.7497,-0.8144,3.5141,1.1678,5.5614,1.8929,99.3213,118.9742,-1.0000,4.0000,1.0000,152.0000,1.0000
1728878400000.0000,S14,1.0000,3.0000,1.0000,0.7295,0.2180,74.2365,66.7497,-0.8144,3.5141,1.1678,5.5614,1.8929,99.3213,118.9742,-1.0000,4.0000,1.0000,152.0000,1.0000
1728892800000.0000,S14,1.0000,3.0000,1.0000,0.8287,0.3391,72.7831,68.6019,-0.8144,3.5141,1.1808,2.0386,2.2473,100.6213,103.8490,-1.0000,8.0000,1.0000,153.0000,1.0000
1728907200000.0000,S14,1.0000,3.0000,1.0000,0.9368,0.4954,72.9744,70.2651,-0.8144,3.5141,1.1849,1.5222,1.7468,102.3461,103.9253,-1.0000,12.0000,1.0000,154.0000,1.0000
1728921600000.0000,S14,1.0000,3.0000,1.0000,1.0838,0.6733,78.6149,74.8250,-0.8144,3.5141,1.2593,1.7436,3.1785,119.0522,116.9923,-1.0000,16.0000,1.0000,155.0000,1.0000
1729267200000.0000,S14,1.0000,3.0000,1.0000,3.7993,0.8222,66.7796,69.1213,6.4782,10.1850,1.2697,2.6145,1.5772,99.8722,107.5127,0.0000,16.0000,5.0000,179.0000,0.0000
1729468800000.0000,S14,1.0000,3.0000,1.0000,4.6474,0.6184,67.2028,67.5575,8.9802,11.7796,0.8185,1.6415,1.6287,89.5661,99.3149,0.0000,0.0000,1.0000,193.0000,0.0000
1729526400000.0000,S14,-1.0000,3.0000,-1.0000,4.7034,0.4682,27.5384,43.0034,8.9802,11.7796,0.9786,2.0122,4.0139,-24.7290,-14.5784,0.0000,16.0000,1.0000,197.0000,1.0000
1729684800000.0000,S14,-1.0000,3.0000,-1.0000,4.2831,-0.0094,33.0788,33.5445,6.4575,8.5335,1.0565,1.3141,1.2241,-0.2640,-7.4926,0.0000,12.0000,3.0000,208.0000,0.0000
1730145600000.0000,S13,1.0000,2.0000,1.0000,3.5422,0.3725,76.6880,70.2424,7.5082,7.5222,1.0470,3.7477,2.2931,117.0045,108.1415,0.0000,20.0000,1.0000,240.0000,1.0000
1730145600000.0000,S14,1.0000,3.0000,1.0000,3.5422,0.3725,76.6880,70.2424,7.5082,7.5222,1.0470,3.7477,2.2931,117.0045,108.1415,0.0000,20.0000,1.0000,240.0000,1.0000
1730160000000.0000,S14,1.0000,3.0000,1.0000,3.6146,0.4881,79.9319,72.2696,10.5755,10.0644,1.0543,0.6801,1.6829,109.7414,99.2225,1.0000,0.0000,2.0000,241.0000,1.0000
1730174400000.0000,S14,1.0000,3.0000,1.0000,3.7252,0.6156,80.6821,77.1863,10.5755,10.0644,1.1485,0.9890,2.8223,117.1355,114.0807,1.0000,4.0000,2.0000,242.0000,1.0000
1730217600000.0000,S14,1.0000,3.0000,1.0000,4.1043,0.9920,78.4575,82.7513,10.5755,10.0644,1.1493,2.3853,3.0807,107.5957,117.1373,1.0000,16.0000,2.0000,245.0000,0.0000
1730232000000.0000,S14,1.0000,3.0000,1.0000,4.2539,1.1011,69.2479,83.1684,10.5755,10.0644,1.1934,2.0377,3.2819,97.7356,98.7619,1.0000,20.0000,2.0000,246.0000,0.0000
1730390400000.0000,S13,-1.0000,2.0000,-1.0000,5.1802,0.7351,29.7660,48.7863,14.2144,12.7341,1.2244,2.1473,1.7339,32.4708,48.5164,1.0000,16.0000,4.0000,257.0000,1.0000
1730606400000.0000,S14,-1.0000,3.0000,-1.0000,4.3337,-0.1112,28.8280,34.2331,9.3849,6.9991,1.3058,1.4405,1.2999,13.1795,-10.1655,1.0000,4.0000,0.0000,272.0000,0.0000
1730865600000.0000,S13,1.0000,2.0000,1.0000,3.3925,0.3114,79.2754,76.7190,9.2304,6.0573,1.8239,4.8844,4.9581,148.1723,195.4605,1.0000,4.0000,3.0000,290.0000,1.0000
1730865600000.0000,S14,1.0000,3.0000,1.0000,3.3925,0.3114,79.2754,76.7190,9.2304,6.0573,1.8239,4.8844,4.9581,148.1723,195.4605,1.0000,4.0000,3.0000,290.0000,1.0000
1730923200000.0000,S14,1.0000,3.0000,1.0000,4.0745,1.3921,74.9282,76.1569,9.2304,6.0573,1.9539,0.8420,1.3307,103.3776,101.8600,1.0000,20.0000,3.0000,294.0000,1.0000
1731009600000.0000,S14,1.0000,3.0000,1.0000,5.0410,1.3254,68.6493,73.8704,18.8932,14.9994,1.6942,1.6617,1.4150,84.3190,101.8369,1.0000,20.0000,4.0000,300.0000,1.0000
1731096000000.0000,S14,1.0000,3.0000,1.0000,5.8424,1.2302,61.9672,71.6362,19.2406,14.9413,1.5166,1.7879,0.9283,76.7623,101.8944,1.0000,20.0000,5.0000,306.0000,1.0000
1731211200000.0000,S14,1.0000,3.0000,1.0000,6.5551,0.9494,66.8891,69.5081,20.3401,15.2389,1.2225,1.1456,1.0969,90.0116,97.9675,1.0000,4.0000,0.0000,314.0000,1.0000
1731225600000.0000,S13,1.0000,2.0000,1.0000,6.7078,1.0365,76.3754,76.4168,20.3401,15.2389,1.3488,1.0011,2.5908,127.8087,147.3115,1.0000,8.0000,0.0000,315.0000,1.0000
1731225600000.0000,S14,1.0000,3.0000,1.0000,6.7078,1.0365,76.3754,76.4168,20.3401,15.2389,1.3488,1.0011,2.5908,127.8087,147.3115,1.0000,8.0000,0.0000,315.0000,1.0000
1731240000000.0000,S14,1.0000,3.0000,1.0000,6.8914,1.1832,82.5487,79.5244,20.3401,15.2389,1.3448,1.8105,1.2233,126.9509,103.0454,1.0000,12.0000,0.0000,316.0000,1.0000
1731297600000.0000,S14,1.0000,3.0000,1.0000,7.5899,1.6250,71.5662,83.2498,25.9764,20.1736,1.5617,0.7287,1.2083,108.8206,101.6983,1.0000,4.0000,1.0000,320.0000,1.0000
1731326400000.0000,S14,1.0000,3.0000,1.0000,7.9664,1.6839,70.2209,80.5762,25.9764,20.1736,1.5602,0.6527,1.2118,99.8389,104.8523,1.0000,12.0000,1.0000,322.0000,1.0000
1731340800000.0000,S14,1.0000,3.0000,1.0000,8.2333,1.8404,78.0019,84.5251,25.9764,20.1736,1.6468,3.0870,2.4157,112.7149,130.4278,1.0000,16.0000,1.0000,323.0000,1.0000
1731355200000.0000,S14,1.0000,3.0000,1.0000,8.5651,2.0640,84.6212,87.4418,25.9764,20.1736,1.7295,2.0345,2.3893,114.6160,123.4746,1.0000,20.0000,1.0000,324.0000,1.0000
1731369600000.0000,S13,1.0000,2.0000,1.0000,8.9780,2.3442,89.6431,89.9773,38.6892,31.5650,1.8527,2.2496,2.6833,112.2256,114.1489,1.0000,0.0000,2.0000,325.0000,1.0000
1731369600000.0000,S14,1.0000,3.0000,1.0000,8.9780,2.3442,89.6431,89.9773,38.6892,31.5650,1.8527,2.2496,2.6833,112.2256,114.1489,1.0000,0.0000,2.0000,325.0000,1.0000
1731600000000.0000,S13,-1.0000,2.0000,-1.0000,12.9309,2.0667,38.5321,55.3868,40.8286,32.1388,2.6248,2.4826,1.0451,46.3204,57.7352,1.0000,16.0000,4.0000,341.0000,0.0000
1731945600000.0000,S14,1.0000,3.0000,1.0000,13.8609,0.9265,60.3886,60.9036,38.7999,27.6889,1.8575,3.2605,2.3282,100.8385,97.9337,1.0000,16.0000,1.0000,365.0000,1.0000
1732046400000.0000,S14,1.0000,3.0000,1.0000,13.7414,0.9263,61.1565,62.9202,39.4011,27.6510,1.7552,1.2806,1.9350,115.1362,112.2425,1.0000,20.0000,2.0000,372.0000,1.0000
1732118400000.0000,S14,1.0000,3.0000,1.0000,13.7418,0.9627,71.9663,66.3493,41.9250,29.2000,1.6182,1.9510,1.9153,111.9977,116.9659,1.0000,16.0000,3.0000,377.0000,1.0000
1732161600000.0000,S14,1.0000,3.0000,1.0000,13.8302,1.1436,71.2861,67.9037,44.6247,30.7401,1.5778,2.1212,1.2751,115.5195,125.1405,1.0000,4.0000,4.0000,380.0000,0.0000
1732176000000.0000,S14,1.0000,3.0000,1.0000,13.9210,1.2488,71.0167,70.9965,44.6247,30.7401,1.6078,0.5795,1.7062,111.3561,114.4765,1.0000,8.0000,4.0000,381.0000,0.0000
1732190400000.0000,S14,1.0000,3.0000,1.0000,14.0377,1.3389,76.2930,73.6099,44.6247,30.7401,1.5968,1.6263,1.2424,111.9437,102.5237,1.0000,12.0000,4.0000,382.0000,0.0000
1732550400000.0000,S13,-1.0000,2.0000,-1.0000,14.0021,0.5691,36.6035,44.4172,48.5485,30.4251,1.4497,4.2143,2.4608,-0.6369,9.5047,1.0000,16.0000,1.0000,407.0000,1.0000
1732579200000.0000,S14,-1.0000,3.0000,-1.0000,13.6005,0.1935,27.3346,32.7215,40.8088,22.9217,1.6472,1.2393,1.9714,-22.3211,-25.2124,1.0000,0.0000,2.0000,409.0000,0.0000
1732622400000.0000,S14,-1.0000,3.0000,-1.0000,12.9990,-0.2897,32.1127,34.1231,40.8088,22.9217,1.7641,1.8704,2.1331,-7.6768,-6.4863,1.0000,12.0000,2.0000,412.0000,0.0000
1732881600000.0000,S14,1.0000,3.0000,1.0000,10.7282,0.2645,65.6601,59.0484,43.7047,23.1968,1.5154,1.6497,0.6316,91.5862,101.2795,1.0000,12.0000,5.0000,430.0000,1.0000
1732896000000.0000,S14,1.0000,3.0000,1.0000,10.7111,0.3742,69.4747,61.9882,43.7047,23.1968,1.5281,3.3675,1.3025,98.5777,113.5865,1.0000,16.0000,5.0000,431.0000,0.0000
1733140800000.0000,S14,-1.0000,3.0000,-1.0000,9.4543,0.1200,35.6656,41.2453,44.9280,21.8856,1.1577,0.9697,1.7258,-10.8769,-7.1174,1.0000,12.0000,1.0000,448.0000,0.0000
1733155200000.0000,S13,1.0000,2.0000,1.0000,9.3907,0.1099,56.5460,54.3713,44.9280,21.8856,1.2349,2.4266,2.1171,57.7427,56.7328,1.0000,16.0000,1.0000,449.0000,1.0000
1733356800000.0000,S14,1.0000,3.0000,1.0000,8.1752,0.2061,64.9609,63.5531,46.0270,20.7886,1.4120,1.1357,2.3055,118.8637,109.2266,1.0000,0.0000,4.0000,463.0000,1.0000
1733371200000.0000,S13,1.0000,2.0000,1.0000,8.3099,0.4588,78.4102,76.0040,46.0270,20.7886,1.6756,3.7486,3.9737,153.9138,183.7310,1.0000,4.0000,4.0000,464.0000,0.0000
1733371200000.0000,S14,1.0000,3.0000,1.0000,8.3099,0.4588,78.4102,76.0040,46.0270,20.7886,1.6756,3.7486,3.9737,153.9138,183.7310,1.0000,4.0000,4.0000,464.0000,0.0000
1733774400000.0000,S14,-1.0000,3.0000,-1.0000,7.5359,-0.0220,37.9116,39.9820,48.4372,20.1750,1.7121,1.1017,1.7237,-8.1909,-5.2975,1.0000,20.0000,1.0000,492.0000,0.0000
1734307200000.0000,S14,1.0000,3.0000,1.0000,6.4857,0.5942,73.3763,72.8197,50.8972,17.7303,1.2456,5.4863,2.0792,114.0281,126.0912,1.0000,0.0000,1.0000,529.0000,0.0000
1734364800000.0000,S13,1.0000,2.0000,1.0000,6.7325,0.8472,69.5690,72.6824,50.8972,17.7303,1.3960,2.1297,2.3947,108.4395,93.6276,1.0000,16.0000,1.0000,533.0000,0.0000
1734566400000.0000,S13,-1.0000,2.0000,-1.0000,6.9832,0.1149,25.8039,32.2165,43.6159,10.3993,1.6633,1.2668,2.7504,-17.3265,-31.8936,1.0000,0.0000,4.0000,547.0000,1.0000
1734566400000.0000,S14,-1.0000,3.0000,-1.0000,6.9832,0.1149,25.8039,32.2165,43.6159,10.3993,1.6633,1.2668,2.7504,-17.3265,-31.8936,1.0000,0.0000,4.0000,547.0000,1.0000
1734696000000.0000,S13,-1.0000,2.0000,-1.0000,5.3843,-1.0876,25.9480,23.6466,39.3891,6.7871,2.4367,2.0661,2.3009,-10.5578,-24.4055,1.0000,12.0000,5.0000,556.0000,0.0000
1734696000000.0000,S14,-1.0000,3.0000,-1.0000,5.3843,-1.0876,25.9480,23.6466,39.3891,6.7871,2.4367,2.0661,2.3009,-10.5578,-24.4055,1.0000,12.0000,5.0000,556.0000,0.0000
1735056000000.0000,S13,1.0000,2.0000,1.0000,1.7719,-0.5914,71.7284,56.3051,34.6977,1.5731,2.0102,2.3706,1.7138,88.5223,79.9673,1.0000,16.0000,2.0000,581.0000,0.0000
1735545600000.0000,S12,-1.0000,1.0000,-1.0000,-0.0545,-0.5040,44.3968,39.1452,31.5453,-2.4776,1.1609,0.9519,0.9070,19.8466,16.8759,0.0000,8.0000,1.0000,1.0000,0.0000
1735574400000.0000,S13,-1.0000,2.0000,-1.0000,-0.2345,-0.5495,30.1974,31.6935,31.5453,-2.4776,1.2761,3.1883,3.2477,-16.5073,-21.2535,0.0000,16.0000,1.0000,3.0000,0.0000
1735574400000.0000,S14,-1.0000,3.0000,-1.0000,-0.2345,-0.5495,30.1974,31.6935,31.5453,-2.4776,1.2761,3.1883,3.2477,-16.5073,-21.2535,0.0000,16.0000,1.0000,3.0000,0.0000
1735588800000.0000,S13,1.0000,2.0000,1.0000,-0.2748,-0.5008,57.2665,47.8232,31.5453,-2.4776,1.3723,0.7981,2.0992,54.3005,49.2942,0.0000,20.0000,1.0000,4.0000,1.0000
1735819200000.0000,S14,1.0000,3.0000,1.0000,-0.6811,0.0670,72.7201,62.7115,31.9846,-2.0783,1.2518,0.8553,1.0011,111.4545,111.3968,0.0000,12.0000,4.0000,20.0000,1.0000
1735934400000.0000,S14,1.0000,3.0000,1.0000,-0.2047,0.3736,72.9777,67.3821,35.0381,0.2617,1.2084,1.6135,1.6108,96.5493,111.3008,1.0000,20.0000,5.0000,28.0000,1.0000
1735977600000.0000,S12,1.0000,1.0000,1.0000,0.0229,0.5100,61.8594,64.5471,36.3934,1.2641,1.0815,0.6892,0.4862,82.2876,88.5098,1.0000,8.0000,6.0000,1.0000,1.0000
1736136000000.0000,S14,1.0000,3.0000,1.0000,0.6004,0.3464,65.6362,65.9372,36.0288,1.1473,0.9127,1.0719,1.7047,100.3216,106.6813,1.0000,4.0000,1.0000,12.0000,1.0000
1736179200000.0000,S13,1.0000,2.0000,1.0000,0.8893,0.5828,81.2909,79.1656,36.0288,1.1473,1.0836,3.9090,3.6249,139.8889,158.5133,1.0000,16.0000,1.0000,15.0000,0.0000
1736179200000.0000,S14,1.0000,3.0000,1.0000,0.8893,0.5828,81.2909,79.1656,36.0288,1.1473,1.0836,3.9090,3.6249,139.8889,158.5133,1.0000,16.0000,1.0000,15.0000,0.0000
1736265600000.0000,S13,-1.0000,2.0000,-1.0000,1.4434,0.6467,22.2868,44.2073,41.0191,4.8619,1.3051,7.5561,4.2553,28.3121,11.2072,1.0000,16.0000,2.0000,21.0000,1.0000
1736280000000.0000,S14,-1.0000,3.0000,-1.0000,1.3833,0.3876,16.7118,37.8645,41.0191,4.8619,1.3784,1.0756,2.3808,11.3542,-10.7638,1.0000,20.0000,2.0000,22.0000,1.0000
1736323200000.0000,S14,-1.0000,3.0000,-1.0000,1.2090,-0.2383,28.1195,35.7756,33.4328,-0.6870,1.3595,0.7923,1.3548,7.5141,-8.9621,0.0000,8.0000,3.0000,25.0000,1.0000
1736337600000.0000,S14,-1.0000,3.0000,-1.0000,1.1186,-0.3417,30.8465,33.8839,33.4328,-0.6870,1.3868,1.4735,1.0573,7.9605,-0.6792,0.0000,12.0000,3.0000,26.0000,1.0000
1736366400000.0000,S14,-1.0000,3.0000,-1.0000,0.9329,-0.4613,31.2379,31.8716,33.4328,-0.6870,1.5395,0.8764,2.2101,8.1191,-1.9236,0.0000,20.0000,3.0000,28.0000,1.0000
1736496000000.0000,S12,-1.0000,1.0000,-1.0000,-0.0019,-0.6542,59.1429,44.6232,26.8495,-5.2159,1.7064,0.9733,0.6743,38.1898,28.1900,0.0000,8.0000,5.0000,1.0000,1.0000
1736769600000.0000,S13,-1.0000,2.0000,-1.0000,-0.7931,-0.3810,21.0786,29.6988,28.6905,-2.9565,1.4672,4.2788,3.3336,-55.4796,-44.2158,0.0000,12.0000,1.0000,20.0000,0.0000
1736769600000.0000,S14,-1.0000,3.0000,-1.0000,-0.7931,-0.3810,21.0786,29.6988,28.6905,-2.9565,1.4672,4.2788,3.3336,-55.4796,-44.2158,0.0000,12.0000,1.0000,20.0000,0.0000
1736856000000.0000,S14,1.0000,3.0000,1.0000,-0.8804,-0.0653,68.2554,60.3551,28.3915,-2.8986,1.6112,0.7246,1.8786,99.2102,108.2503,0.0000,12.0000,2.0000,26.0000,1.0000
1736956800000.0000,S14,1.0000,3.0000,1.0000,-0.4102,0.4441,68.7047,68.4731,30.8204,-0.8912,1.5518,2.5518,2.3600,104.0932,118.7813,0.0000,16.0000,3.0000,33.0000,1.0000
1736971200000.0000,S14,1.0000,3.0000,1.0000,-0.2739,0.5618,71.3883,71.1319,30.8204,-0.8912,1.5341,1.3561,0.9915,99.7961,99.4809,0.0000,20.0000,3.0000,34.0000,1.0000
1736985600000.0000,S14,1.0000,3.0000,1.0000,-0.1243,0.6702,73.3098,73.0082,35.7901,2.9688,1.4998,0.7878,0.9352,99.9009,105.2360,1.0000,0.0000,4.0000,35.0000,1.0000
1737014400000.0000,S12,1.0000,1.0000,1.0000,0.1023,0.8287,60.9934,66.9208,35.7901,2.9688,1.4593,0.2859,0.3661,83.4047,90.4459,1.0000,8.0000,4.0000,1.0000,1.0000
1737086400000.0000,S14,1.0000,3.0000,1.0000,0.6292,0.7268,61.0629,68.1576,34.7621,2.3597,1.5006,0.5428,1.4046,89.7868,103.6424,1.0000,4.0000,5.0000,6.0000,1.0000
1737115200000.0000,S14,1.0000,3.0000,1.0000,0.9115,0.8781,66.1252,71.9723,34.7621,2.3597,1.4210,0.5649,1.0941,95.4441,102.2779,1.0000,12.0000,5.0000,8.0000,1.0000
1737129600000.0000,S14,1.0000,3.0000,1.0000,1.1067,0.9878,74.2278,76.5720,34.7621,2.3597,1.4394,2.8031,1.7661,107.9248,118.3542,1.0000,16.0000,5.0000,9.0000,1.0000
1737144000000.0000,S14,1.0000,3.0000,1.0000,1.3470,1.1849,75.3650,80.2130,34.7621,2.3597,1.4537,1.3568,1.7269,110.5264,114.1053,1.0000,20.0000,5.0000,10.0000,0.0000
1737316800000.0000,S14,1.0000,3.0000,1.0000,3.0336,1.0613,64.3365,69.6229,40.1306,6.6978,1.4558,0.9571,0.6760,88.3579,105.7719,1.0000,20.0000,0.0000,22.0000,0.0000
1737331200000.0000,S13,-1.0000,2.0000,-1.0000,3.0305,0.8735,30.5888,46.3718,35.4355,3.3033,1.9048,3.7681,3.0811,13.2990,39.8734,1.0000,0.0000,1.0000,23.0000,0.0000
1737360000000.0000,S13,1.0000,2.0000,1.0000,3.2089,0.7878,63.4727,63.2021,35.4355,3.3033,2.2477,2.7869,2.9861,104.5056,114.9183,1.0000,8.0000,1.0000,25.0000,0.0000
1737360000000.0000,S14,1.0000,3.0000,1.0000,3.2089,0.7878,63.4727,63.2021,35.4355,3.3033,2.2477,2.7869,2.9861,104.5056,114.9183,1.0000,8.0000,1.0000,25.0000,0.0000
1737936000000.0000,S13,-1.0000,2.0000,-1.0000,3.9078,0.1422,19.2420,39.2840,34.2157,3.6808,1.3407,6.6490,1.1695,-16.5805,26.3494,1.0000,0.0000,1.0000,65.0000,1.0000
1737950400000.0000,S14,-1.0000,3.0000,-1.0000,3.7980,0.0003,20.5290,34.4591,34.2157,3.6808,1.4440,1.6192,2.5592,-34.4413,-20.0167,1.0000,4.0000,1.0000,66.0000,0.0000
1737964800000.0000,S14,-1.0000,3.0000,-1.0000,3.6243,-0.2178,13.9296,27.4878,34.2157,3.6808,1.6355,3.1034,3.9850,-38.4218,-30.0734,1.0000,8.0000,1.0000,67.0000,0.0000
1738353600000.0000,S13,-1.0000,2.0000,-1.0000,2.8335,0.1358,31.2626,42.5960,35.4020,5.4693,1.5386,2.2380,1.7292,19.2989,29.6949,1.0000,20.0000,5.0000,94.0000,1.0000
1738454400000.0000,S14,-1.0000,3.0000,-1.0000,2.3405,-0.3104,29.2706,34.7710,29.5036,1.3195,1.2654,2.4706,1.2650,0.4090,-15.5180,1.0000,0.0000,0.0000,101.0000,1.0000
1738468800000.0000,S14,-1.0000,3.0000,-1.0000,2.2034,-0.4106,24.7883,29.4137,29.5036,1.3195,1.3590,4.1047,1.4254,-9.4068,-18.7011,1.0000,4.0000,0.0000,102.0000,1.0000
1738497600000.0000,S14,-1.0000,3.0000,-1.0000,1.9485,-0.5882,30.0489,30.0348,29.5036,1.3195,1.3776,1.6752,1.3266,4.6172,-0.2855,1.0000,12.0000,0.0000,104.0000,1.0000
1738555200000.0000,S13,-1.0000,2.0000,-1.0000,1.2847,-0.9340,28.8399,19.7560,25.4553,-1.5618,1.9891,1.2724,5.8925,-12.5231,-18.5192,0.0000,4.0000,1.0000,108.0000,0.0000
1738555200000.0000,S14,-1.0000,3.0000,-1.0000,1.2847,-0.9340,28.8399,19.7560,25.4553,-1.5618,1.9891,1.2724,5.8925,-12.5231,-18.5192,0.0000,4.0000,1.0000,108.0000,0.0000
1739304000000.0000,S13,-1.0000,2.0000,-1.0000,-1.5270,-0.1396,24.5056,36.2478,23.1441,-1.3265,1.2246,1.7914,1.7658,-7.3139,12.6958,0.0000,20.0000,2.0000,37.0000,0.0000
1739808000000.0000,S14,-1.0000,3.0000,-1.0000,-1.5390,-0.2323,37.0866,36.3878,20.1202,-2.7166,0.8782,2.5194,2.1405,6.0017,3.1659,0.0000,16.0000,1.0000,72.0000,0.0000
1739822400000.0000,S14,-1.0000,3.0000,-1.0000,-1.5689,-0.2469,38.7267,35.2986,20.1202,-2.7166,0.8741,0.6536,1.6136,-0.1677,-1.6554,0.0000,20.0000,1.0000,73.0000,0.0000
1739908800000.0000,S14,-1.0000,3.0000,-1.0000,-1.7274,-0.2944,33.0706,29.2282,19.4705,-3.0989,1.0599,1.5231,2.9006,-13.2990,-35.7884,0.0000,20.0000,2.0000,79.0000,0.0000
1740081600000.0000,S14,1.0000,3.0000,1.0000,-1.5230,0.1523,69.9828,65.2014,20.0238,-2.3419,1.0401,0.9340,1.1881,116.6247,108.4933,0.0000,20.0000,4.0000,91.0000,0.0000
1740168000000.0000,S13,-1.0000,2.0000,-1.0000,-1.2672,0.1697,25.0851,39.1420,21.7826,-0.7384,1.2499,1.9180,2.4915,24.1946,34.5185,0.0000,20.0000,5.0000,97.0000,1.0000
1740412800000.0000,S13,-1.0000,2.0000,-1.0000,-1.3918,-0.2115,28.2317,35.1238,18.3391,-2.7191,0.9907,3.8331,2.2737,-3.9590,-12.2013,0.0000,16.0000,1.0000,114.0000,1.0000
1740412800000.0000,S14,-1.0000,3.0000,-1.0000,-1.3918,-0.2115,28.2317,35.1238,18.3391,-2.7191,0.9907,3.8331,2.2737,-3.9590,-12.2013,0.0000,16.0000,1.0000,114.0000,1.0000
1740441600000.0000,S13,-1.0000,2.0000,-1.0000,-1.5830,-0.4432,15.7339,23.9251,12.3484,-7.3466,1.2405,2.4011,2.7093,-34.5406,-34.3640,0.0000,0.0000,2.0000,116.0000,1.0000
1740441600000.0000,S14,-1.0000,3.0000,-1.0000,-1.5830,-0.4432,15.7339,23.9251,12.3484,-7.3466,1.2405,2.4011,2.7093,-34.5406,-34.3640,0.0000,0.0000,2.0000,116.0000,1.0000
1740470400000.0000,S13,-1.0000,2.0000,-1.0000,-1.8728,-0.8186,17.1268,21.5812,12.3484,-7.3466,1.5406,4.5128,3.8193,-19.2250,-18.4247,0.0000,8.0000,2.0000,118.0000,1.0000
1740470400000.0000,S14,-1.0000,3.0000,-1.0000,-1.8728,-0.8186,17.1268,21.5812,12.3484,-7.3466,1.5406,4.5128,3.8193,-19.2250,-18.4247,0.0000,8.0000,2.0000,118.0000,1.0000
1740600000000.0000,S13,-1.0000,2.0000,-1.0000,-3.5122,-1.3771,21.7286,18.1216,8.6379,-10.0067,2.2344,2.5156,2.2133,0.0829,-12.6701,0.0000,20.0000,3.0000,127.0000,1.0000
1740600000000.0000,S14,-1.0000,3.0000,-1.0000,-3.5122,-1.3771,21.7286,18.1216,8.6379,-10.0067,2.2344,2.5156,2.2133,0.0829,-12.6701,0.0000,20.0000,3.0000,127.0000,1.0000
1740715200000.0000,S13,-1.0000,2.0000,-1.0000,-5.0831,-1.6140,24.2845,23.4175,3.4596,-13.6332,2.7410,1.5247,2.2824,-17.0667,-19.8819,0.0000,4.0000,5.0000,135.0000,0.0000
1740715200000.0000,S14,-1.0000,3.0000,-1.0000,-5.0831,-1.6140,24.2845,23.4175,3.4596,-13.6332,2.7410,1.5247,2.2824,-17.0667,-19.8819,0.0000,4.0000,5.0000,135.0000,0.0000
1740729600000.0000,S14,-1.0000,3.0000,-1.0000,-5.3999,-1.8733,20.5272,21.5986,3.4596,-13.6332,2.7485,1.3741,1.6375,-8.0905,-1.0379,0.0000,8.0000,5.0000,136.0000,0.0000
1740931200000.0000,S14,1.0000,3.0000,1.0000,-6.4062,-0.4608,66.1440,55.7165,4.7927,-11.9479,2.0515,8.0531,1.2732,88.8516,107.8860,0.0000,16.0000,0.0000,150.0000,1.0000
1740945600000.0000,S13,1.0000,2.0000,1.0000,-6.1779,-0.1129,77.3878,71.6484,4.7927,-11.9479,2.3701,1.0057,3.3243,128.8750,149.4010,0.0000,20.0000,0.0000,151.0000,0.0000
1740945600000.0000,S14,1.0000,3.0000,1.0000,-6.1779,-0.1129,77.3878,71.6484,4.7927,-11.9479,2.3701,1.0057,3.3243,128.8750,149.4010,0.0000,20.0000,0.0000,151.0000,0.0000
1741032000000.0000,S13,-1.0000,2.0000,-1.0000,-5.3919,0.3906,30.9151,42.9382,14.5356,-3.5464,2.9406,2.0456,2.0180,38.5364,45.8974,0.0000,20.0000,1.0000,157.0000,1.0000
1741118400000.0000,S13,1.0000,2.0000,1.0000,-5.8045,-0.8887,62.7094,52.8845,4.5736,-11.6317,3.1884,1.7775,1.4117,52.3038,47.5371,0.0000,20.0000,2.0000,163.0000,0.0000
1741536000000.0000,S14,-1.0000,3.0000,-1.0000,-4.8629,-0.5940,20.1793,33.0854,3.6605,-10.6256,2.1859,2.9914,1.2477,-5.4044,-20.9995,0.0000,16.0000,0.0000,192.0000,1.0000
1741550400000.0000,S14,-1.0000,3.0000,-1.0000,-4.9770,-0.7307,22.6983,31.8549,3.6605,-10.6256,2.1654,1.0885,1.1358,-1.2514,0.7205,0.0000,20.0000,0.0000,193.0000,1.0000
1742126400000.0000,S13,-1.0000,2.0000,-1.0000,-5.6540,0.0081,23.9793,43.6275,0.5542,-9.7457,1.4437,4.8982,0.8887,37.6540,49.9107,0.0000,12.0000,0.0000,233.0000,0.0000
1742313600000.0000,S14,-1.0000,3.0000,-1.0000,-5.2175,-0.1968,34.8402,38.7398,-0.1243,-9.3056,1.5116,1.3992,1.8836,-10.6662,-10.5455,-1.0000,16.0000,2.0000,246.0000,0.0000
1742428800000.0000,S14,1.0000,3.0000,1.0000,-4.7035,0.3009,77.7368,69.1188,2.9323,-5.5536,1.4530,0.9544,1.1882,132.5297,128.1322,0.0000,0.0000,4.0000,254.0000,0.0000
1742788800000.0000,S14,1.0000,3.0000,1.0000,-3.2552,0.3187,74.2711,69.1890,1.3885,-4.8674,0.9540,1.8927,2.2893,129.4282,120.6090,0.0000,4.0000,1.0000,279.0000,0.0000
1742803200000.0000,S14,1.0000,3.0000,1.0000,-3.1373,0.4084,72.6457,71.1309,1.3885,-4.8674,0.9458,1.2635,2.4874,119.2194,111.6995,0.0000,8.0000,1.0000,280.0000,0.0000
1742817600000.0000,S14,1.0000,3.0000,1.0000,-2.9964,0.5087,73.7807,75.1457,1.3885,-4.8674,0.9614,0.9707,2.0792,111.1315,104.2483,0.0000,12.0000,1.0000,281.0000,0.0000
1742832000000.0000,S14,1.0000,3.0000,1.0000,-2.8387,0.6442,74.6952,77.8358,1.3885,-4.8674,1.0150,1.6935,3.9638,113.3941,109.9264,0.0000,16.0000,1.0000,282.0000,0.0000
1743148800000.0000,S13,-1.0000,2.0000,-1.0000,-1.2226,0.1320,26.4642,38.7823,1.9627,-2.6422,1.1768,2.2946,1.7255,-15.4169,-15.2480,0.0000,8.0000,5.0000,304.0000,1.0000
1743148800000.0000,S14,-1.0000,3.0000,-1.0000,-1.2226,0.1320,26.4642,38.7823,1.9627,-2.6422,1.1768,2.2946,1.7255,-15.4169,-15.2480,0.0000,8.0000,5.0000,304.0000,1.0000
1743177600000.0000,S14,-1.0000,3.0000,-1.0000,-1.2955,-0.0906,21.7380,32.7038,1.9627,-2.6422,1.2210,2.3121,2.2912,-19.9243,-18.0443,0.0000,16.0000,5.0000,306.0000,0.0000
1743192000000.0000,S14,-1.0000,3.0000,-1.0000,-1.3573,-0.2437,23.4214,31.4918,1.9627,-2.6422,1.1916,0.6740,1.0378,-10.3868,-2.5847,0.0000,20.0000,5.0000,307.0000,0.0000
1743249600000.0000,S14,-1.0000,3.0000,-1.0000,-1.5935,-0.4945,22.1135,27.6117,-1.4768,-5.5199,1.2479,2.9412,1.0931,-7.6326,-30.3942,-1.0000,12.0000,6.0000,311.0000,0.0000
1743393600000.0000,S14,-1.0000,3.0000,-1.0000,-2.2554,-0.5620,33.5011,27.2626,-4.1309,-7.2170,1.1469,1.0817,1.1759,16.0967,1.7687,-1.0000,4.0000,1.0000,321.0000,0.0000
1743523200000.0000,S14,1.0000,3.0000,1.0000,-2.4065,-0.1292,71.6709,61.8343,-4.0810,-6.7445,1.3300,3.0253,2.5426,129.0396,124.4180,-1.0000,16.0000,2.0000,330.0000,0.0000
1743609600000.0000,S13,1.0000,2.0000,1.0000,-2.1014,0.1959,73.5317,67.3153,-1.1918,-3.5305,1.3679,5.5321,3.3811,108.7836,125.1698,-1.0000,16.0000,3.0000,336.0000,0.0000
1743609600000.0000,S14,1.0000,3.0000,1.0000,-2.1014,0.1959,73.5317,67.3153,-1.1918,-3.5305,1.3679,5.5321,3.3811,108.7836,125.1698,-1.0000,16.0000,3.0000,336.0000,0.0000
1743638400000.0000,S13,-1.0000,2.0000,-1.0000,-2.0420,0.1640,32.7938,41.8880,-4.3823,-6.2417,1.8702,1.5078,3.6733,26.9365,17.3237,-1.0000,0.0000,4.0000,338.0000,1.0000
1743969600000.0000,S13,-1.0000,2.0000,-1.0000,-2.3408,-0.3396,23.0309,30.6516,-3.6060,-4.1807,1.6117,2.3419,2.7399,-34.6621,-42.5025,-1.0000,20.0000,0.0000,361.0000,1.0000
1743969600000.0000,S14,-1.0000,3.0000,-1.0000,-2.3408,-0.3396,23.0309,30.6516,-3.6060,-4.1807,1.6117,2.3419,2.7399,-34.6621,-42.5025,-1.0000,20.0000,0.0000,361.0000,1.0000
1743984000000.0000,S14,-1.0000,3.0000,-1.0000,-2.4931,-0.5564,23.1920,27.0679,-9.5870,-9.6429,1.7847,2.9462,3.0432,-41.2413,-14.8297,-1.0000,0.0000,1.0000,362.0000,0.0000
1744012800000.0000,S13,-1.0000,2.0000,-1.0000,-2.9119,-1.1155,20.4761,19.7236,-9.5870,-9.6429,2.0812,1.6839,3.8867,-16.8166,-17.7631,-1.0000,8.0000,1.0000,364.0000,0.0000
1744012800000.0000,S14,-1.0000,3.0000,-1.0000,-2.9119,-1.1155,20.4761,19.7236,-9.5870,-9.6429,2.0812,1.6839,3.8867,-16.8166,-17.7631,-1.0000,8.0000,1.0000,364.0000,0.0000
1745164800000.0000,S12,1.0000,1.0000,1.0000,0.0028,0.1279,39.5276,46.2563,-3.2987,0.9963,0.8007,1.3966,1.0715,12.7220,29.4449,-1.0000,16.0000,0.0000,1.0000,1.0000
1745208000000.0000,S13,1.0000,2.0000,1.0000,0.1542,0.2082,75.9856,71.6581,-3.3173,1.1390,0.9025,1.3178,5.4533,147.4551,194.6531,-1.0000,4.0000,1.0000,4.0000,1.0000
1745208000000.0000,S14,1.0000,3.0000,1.0000,0.1542,0.2082,75.9856,71.6581,-3.3173,1.1390,0.9025,1.3178,5.4533,147.4551,194.6531,-1.0000,4.0000,1.0000,4.0000,1.0000
1745251200000.0000,S14,1.0000,3.0000,1.0000,0.4592,0.6023,71.1959,72.4708,-3.3173,1.1390,0.9894,1.4950,3.6573,110.8570,105.7131,-1.0000,16.0000,1.0000,7.0000,1.0000
1745337600000.0000,S13,1.0000,2.0000,1.0000,1.1449,0.8490,81.9679,80.0658,-0.8154,4.0807,1.1764,3.3650,4.2148,109.8280,138.3413,-1.0000,16.0000,2.0000,13.0000,1.0000
1745337600000.0000,S14,1.0000,3.0000,1.0000,1.1449,0.8490,81.9679,80.0658,-0.8154,4.0807,1.1764,3.3650,4.2148,109.8280,138.3413,-1.0000,16.0000,2.0000,13.0000,1.0000
1746100800000.0000,S14,1.0000,3.0000,1.0000,5.4815,0.3525,70.1891,62.1552,5.0051,9.9501,1.0596,1.2006,1.3681,115.6500,119.5110,0.0000,12.0000,4.0000,66.0000,1.0000
1746115200000.0000,S14,1.0000,3.0000,1.0000,5.5353,0.4523,70.0618,65.5264,5.0051,9.9501,1.0971,2.2380,2.2367,126.7874,118.1361,0.0000,16.0000,4.0000,67.0000,0.0000
1746403200000.0000,S13,-1.0000,2.0000,-1.0000,5.4752,0.0844,25.1646,37.1768,4.4250,8.7932,0.8538,2.7508,1.3482,-19.1688,-34.4799,0.0000,0.0000,1.0000,87.0000,0.0000
1746403200000.0000,S14,-1.0000,3.0000,-1.0000,5.4752,0.0844,25.1646,37.1768,4.4250,8.7932,0.8538,2.7508,1.3482,-19.1688,-34.4799,0.0000,0.0000,1.0000,87.0000,0.0000
1746417600000.0000,S14,-1.0000,3.0000,-1.0000,5.3888,0.0047,32.2414,35.5548,4.4250,8.7932,0.8923,1.1941,1.9909,-8.0484,-0.3039,0.0000,4.0000,1.0000,88.0000,0.0000
1746576000000.0000,S13,1.0000,2.0000,1.0000,4.7403,0.0336,72.7238,62.4819,6.9267,11.1026,1.0350,2.1478,1.8495,102.6389,108.1869,0.0000,0.0000,3.0000,99.0000,1.0000
1746576000000.0000,S14,1.0000,3.0000,1.0000,4.7403,0.0336,72.7238,62.4819,6.9267,11.1026,1.0350,2.1478,1.8495,102.6389,108.1869,0.0000,0.0000,3.0000,99.0000,1.0000
1746676800000.0000,S13,1.0000,2.0000,1.0000,4.8553,0.4456,75.5320,69.8116,6.9744,10.9635,1.0946,1.8663,2.1667,114.6515,134.5575,0.0000,4.0000,4.0000,106.0000,1.0000
1746676800000.0000,S14,1.0000,3.0000,1.0000,4.8553,0.4456,75.5320,69.8116,6.9744,10.9635,1.0946,1.8663,2.1667,114.6515,134.5575,0.0000,4.0000,4.0000,106.0000,1.0000
1746691200000.0000,S14,1.0000,3.0000,1.0000,4.9268,0.5187,72.2412,70.1777,6.9744,10.9635,1.0650,0.7917,1.3638,105.4486,102.5062,0.0000,8.0000,4.0000,107.0000,1.0000
1746720000000.0000,S14,1.0000,3.0000,1.0000,5.1050,0.7653,77.1688,75.3776,6.9744,10.9635,1.1246,4.3647,2.4224,102.9114,111.0582,0.0000,16.0000,4.0000,109.0000,1.0000
1746921600000.0000,S14,1.0000,3.0000,1.0000,6.7310,1.0484,69.3450,74.5783,14.8718,18.3468,1.0861,4.3129,0.9441,82.9882,105.8827,0.0000,0.0000,0.0000,123.0000,0.0000
1747080000000.0000,S14,-1.0000,3.0000,-1.0000,7.2013,0.5729,33.2914,46.2169,13.8801,17.0301,1.3491,0.8860,1.6829,-9.3284,-13.1481,0.0000,20.0000,1.0000,134.0000,0.0000
1747584000000.0000,S13,1.0000,2.0000,1.0000,6.2831,0.2466,78.9763,67.2192,11.5269,13.3369,0.8657,2.6145,2.0063,126.1276,128.7207,0.0000,16.0000,0.0000,169.0000,0.0000
1747584000000.0000,S14,1.0000,3.0000,1.0000,6.2831,0.2466,78.9763,67.2192,11.5269,13.3369,0.8657,2.6145,2.0063,126.1276,128.7207,0.0000,16.0000,0.0000,169.0000,0.0000
1747598400000.0000,S13,-1.0000,2.0000,-1.0000,6.2478,0.2659,47.7868,52.4916,11.5269,13.3369,0.9656,1.5055,2.0573,45.7354,50.3359,0.0000,20.0000,0.0000,170.0000,0.0000
1747612800000.0000,S13,1.0000,2.0000,1.0000,6.2877,0.3761,70.0308,65.3513,14.9136,16.3850,1.0968,3.2596,2.6396,135.8557,114.0901,0.0000,0.0000,1.0000,171.0000,0.0000
1747612800000.0000,S14,1.0000,3.0000,1.0000,6.2877,0.3761,70.0308,65.3513,14.9136,16.3850,1.0968,3.2596,2.6396,135.8557,114.0901,0.0000,0.0000,1.0000,171.0000,0.0000
1747627200000.0000,S13,-1.0000,2.0000,-1.0000,6.2387,0.3492,43.4685,49.3946,14.9136,16.3850,1.2962,1.0307,2.0513,39.2624,22.4844,0.0000,4.0000,1.0000,172.0000,0.0000
1748548800000.0000,S14,-1.0000,3.0000,-1.0000,5.5284,-0.1148,26.8809,35.5772,14.1035,11.3402,1.2268,1.2877,1.5099,-3.1844,-8.2326,1.0000,20.0000,4.0000,236.0000,1.0000
1748563200000.0000,S14,-1.0000,3.0000,-1.0000,5.4025,-0.1994,31.4286,35.0082,11.6339,8.5605,1.2209,1.0143,0.7065,-1.4151,1.9259,1.0000,0.0000,5.0000,237.0000,1.0000
1748966400000.0000,S14,1.0000,3.0000,1.0000,2.8270,-0.0429,69.1085,58.1778,11.5297,6.9017,0.9928,1.9028,1.9977,105.4028,97.4644,1.0000,16.0000,2.0000,265.0000,0.0000
1749153600000.0000,S13,-1.0000,2.0000,-1.0000,2.1528,-0.2760,25.0652,30.2859,10.1413,4.8432,1.0925,3.2564,2.5031,-30.6609,-49.9829,1.0000,20.0000,4.0000,278.0000,0.0000
1749153600000.0000,S14,-1.0000,3.0000,-1.0000,2.1528,-0.2760,25.0652,30.2859,10.1413,4.8432,1.0925,3.2564,2.5031,-30.6609,-49.9829,1.0000,20.0000,4.0000,278.0000,0.0000
1749168000000.0000,S14,-1.0000,3.0000,-1.0000,2.0204,-0.3965,31.5575,28.7627,6.7219,1.2959,1.1476,0.7197,2.7350,-22.3815,-2.8965,1.0000,0.0000,5.0000,279.0000,0.0000
1749398400000.0000,S14,1.0000,3.0000,1.0000,1.6425,0.1031,63.1784,59.2538,10.8154,4.4881,0.8015,1.0787,0.8917,80.0853,102.3531,1.0000,16.0000,0.0000,295.0000,1.0000
1749412800000.0000,S14,1.0000,3.0000,1.0000,1.6581,0.1266,66.2571,61.4275,10.8154,4.4881,0.7706,0.4645,0.4453,81.9007,102.0335,1.0000,20.0000,0.0000,296.0000,1.0000
1749470400000.0000,S13,1.0000,2.0000,1.0000,1.6993,0.1861,76.3319,68.2122,10.9396,4.2418,0.8312,2.5577,2.3809,115.7990,123.6243,1.0000,12.0000,1.0000,300.0000,1.0000
1749470400000.0000,S14,1.0000,3.0000,1.0000,1.6993,0.1861,76.3319,68.2122,10.9396,4.2418,0.8312,2.5577,2.3809,115.7990,123.6243,1.0000,12.0000,1.0000,300.0000,1.0000
1749499200000.0000,S14,1.0000,3.0000,1.0000,1.8169,0.3254,74.6077,71.2587,10.9396,4.2418,0.8565,0.8770,1.3825,116.0607,111.6651,1.0000,20.0000,1.0000,302.0000,0.0000
1749513600000.0000,S13,1.0000,2.0000,1.0000,1.9305,0.4842,83.4646,77.1276,15.6191,8.1718,0.9184,1.0576,3.0032,122.1476,126.7481,1.0000,0.0000,2.0000,303.0000,0.0000
1749513600000.0000,S14,1.0000,3.0000,1.0000,1.9305,0.4842,83.4646,77.1276,15.6191,8.1718,0.9184,1.0576,3.0032,122.1476,126.7481,1.0000,0.0000,2.0000,303.0000,0.0000
1749772800000.0000,S14,-1.0000,3.0000,-1.0000,2.4459,-0.0642,30.4746,35.9942,10.6301,2.6617,1.0402,0.6919,1.4310,-27.6071,-45.8957,1.0000,0.0000,5.0000,321.0000,0.0000
1749787200000.0000,S14,-1.0000,3.0000,-1.0000,2.3431,-0.1845,29.4545,29.9408,10.6301,2.6617,1.1810,1.1131,3.5194,-20.3220,-33.7910,1.0000,4.0000,5.0000,322.0000,0.0000
1750060800000.0000,S14,1.0000,3.0000,1.0000,1.4168,-0.0498,71.8107,59.0708,10.3394,1.9163,0.9294,2.5663,1.1923,127.4411,102.8363,1.0000,8.0000,1.0000,341.0000,0.0000
1750089600000.0000,S14,1.0000,3.0000,1.0000,1.4429,0.0796,68.3169,61.0166,10.3394,1.9163,0.9261,1.0017,1.3947,113.0495,104.7204,1.0000,16.0000,1.0000,343.0000,0.0000
1750104000000.0000,S14,1.0000,3.0000,1.0000,1.4956,0.1894,78.4348,67.7170,10.3394,1.9163,0.9545,1.6749,1.5267,122.4003,122.2499,1.0000,20.0000,1.0000,344.0000,0.0000
1750118400000.0000,S13,-1.0000,2.0000,-1.0000,1.4935,0.2143,46.5842,52.8957,11.5289,2.8161,1.0540,1.4728,1.7245,68.9564,51.7648,1.0000,0.0000,2.0000,345.0000,1.0000
1750176000000.0000,S14,-1.0000,3.0000,-1.0000,1.3970,-0.0306,22.8817,39.3489,11.5289,2.8161,1.1669,2.4547,2.2494,11.5160,-1.0706,1.0000,16.0000,2.0000,349.0000,1.0000
1750435200000.0000,S13,-1.0000,2.0000,-1.0000,0.6673,-0.0975,40.2584,43.8428,9.1669,0.1684,1.0679,2.1785,1.6591,21.6849,18.3558,1.0000,16.0000,5.0000,367.0000,1.0000
1750449600000.0000,S14,-1.0000,3.0000,-1.0000,0.5990,-0.1439,33.6843,39.2732,9.1669,0.1684,1.1311,0.5967,2.2223,0.2179,3.0993,1.0000,20.0000,5.0000,368.0000,1.0000
1750536000000.0000,S14,-1.0000,3.0000,-1.0000,0.2486,-0.3515,24.6307,34.9101,7.7058,-1.2625,0.9943,3.7203,1.1976,-6.5527,-2.1033,0.0000,20.0000,6.0000,374.0000,1.0000
1750550400000.0000,S14,-1.0000,3.0000,-1.0000,0.1662,-0.3892,36.8562,34.3137,6.4428,-2.4860,1.0635,3.2387,2.3457,10.1329,7.7428,0.0000,0.0000,0.0000,375.0000,1.0000
1750593600000.0000,S12,-1.0000,1.0000,-1.0000,-0.0261,-0.4658,49.0985,40.2341,6.4428,-2.4860,1.0385,0.6647,0.8703,25.2363,33.2070,0.0000,12.0000,0.0000,1.0000,1.0000
1750608000000.0000,S13,-1.0000,2.0000,-1.0000,-0.1853,-0.5727,23.1849,24.5232,6.4428,-2.4860,1.2842,1.8091,4.7157,-24.2957,-31.3161,0.0000,16.0000,0.0000,2.0000,0.0000
1750608000000.0000,S14,-1.0000,3.0000,-1.0000,-0.1853,-0.5727,23.1849,24.5232,6.4428,-2.4860,1.2842,1.8091,4.7157,-24.2957,-31.3161,0.0000,16.0000,0.0000,2.0000,0.0000
1750622400000.0000,S14,-1.0000,3.0000,-1.0000,-0.3374,-0.6719,27.8501,24.4605,6.4428,-2.4860,1.3189,0.5450,1.5740,-12.1790,-1.1440,0.0000,20.0000,0.0000,3.0000,0.0000
1751198400000.0000,S14,1.0000,3.0000,1.0000,1.0646,0.2775,76.1884,66.9383,11.5427,1.3722,0.6892,2.4825,1.4703,125.8532,107.1802,1.0000,12.0000,0.0000,23.0000,0.0000
1751371200000.0000,S14,-1.0000,3.0000,-1.0000,1.2672,0.0926,39.0848,43.2963,11.3033,1.1046,0.7135,0.9713,1.2603,4.5166,3.8197,1.0000,12.0000,2.0000,35.0000,0.0000
1751385600000.0000,S14,-1.0000,3.0000,-1.0000,1.2336,0.0231,34.3437,37.9523,11.3033,1.1046,0.7729,2.0088,3.0288,-20.3243,-18.4018,1.0000,16.0000,2.0000,36.0000,0.0000
1751400000000.0000,S14,-1.0000,3.0000,-1.0000,1.1857,-0.0421,31.0133,34.0769,11.3033,1.1046,0.7819,1.4018,1.2288,-17.9910,-7.7698,1.0000,20.0000,2.0000,37.0000,0.0000
1752091200000.0000,S13,1.0000,2.0000,1.0000,1.6769,0.2195,79.0974,72.7451,12.8455,2.1275,0.8263,7.4924,3.4122,139.1261,177.5534,1.0000,20.0000,3.0000,85.0000,1.0000
1752091200000.0000,S14,1.0000,3.0000,1.0000,1.6769,0.2195,79.0974,72.7451,12.8455,2.1275,0.8263,7.4924,3.4122,139.1261,177.5534,1.0000,20.0000,3.0000,85.0000,1.0000
1752177600000.0000,S13,1.0000,2.0000,1.0000,2.0416,0.5269,73.4542,75.0090,15.1566,4.2086,0.8790,1.3105,3.2318,110.9820,129.7883,1.0000,20.0000,4.0000,91.0000,1.0000
1752177600000.0000,S14,1.0000,3.0000,1.0000,2.0416,0.5269,73.4542,75.0090,15.1566,4.2086,0.8790,1.3105,3.2318,110.9820,129.7883,1.0000,20.0000,4.0000,91.0000,1.0000
1752192000000.0000,S13,1.0000,2.0000,1.0000,2.2096,0.6840,79.5359,81.9660,19.9717,8.5535,1.0190,1.1132,3.8594,123.6181,135.0983,1.0000,0.0000,5.0000,92.0000,1.0000
1752192000000.0000,S14,1.0000,3.0000,1.0000,2.2096,0.6840,79.5359,81.9660,19.9717,8.5535,1.0190,1.1132,3.8594,123.6181,135.0983,1.0000,0.0000,5.0000,92.0000,1.0000
1752206400000.0000,S14,1.0000,3.0000,1.0000,2.3919,0.8605,79.1639,83.5530,19.9717,8.5535,1.0461,0.9823,1.5713,113.3712,98.6125,1.0000,4.0000,5.0000,93.0000,1.0000
1752220800000.0000,S14,1.0000,3.0000,1.0000,2.5814,1.0606,77.8676,84.6311,19.9717,8.5535,1.0796,1.9248,2.4899,108.6127,107.1651,1.0000,8.0000,5.0000,94.0000,1.0000
1752465600000.0000,S13,1.0000,2.0000,1.0000,4.7118,1.0090,79.4050,81.4621,22.7658,10.8669,0.9150,4.8034,1.8144,124.5709,115.1425,1.0000,4.0000,1.0000,111.0000,0.0000
1752465600000.0000,S14,1.0000,3.0000,1.0000,4.7118,1.0090,79.4050,81.4621,22.7658,10.8669,0.9150,4.8034,1.8144,124.5709,115.1425,1.0000,4.0000,1.0000,111.0000,0.0000
1752480000000.0000,S13,1.0000,2.0000,1.0000,4.8932,1.1294,82.7994,85.5202,22.7658,10.8669,0.9922,1.8137,2.4815,130.1361,112.5146,1.0000,8.0000,1.0000,112.0000,0.0000
1752480000000.0000,S14,1.0000,3.0000,1.0000,4.8932,1.1294,82.7994,85.5202,22.7658,10.8669,0.9922,1.8137,2.4815,130.1361,112.5146,1.0000,8.0000,1.0000,112.0000,0.0000
1752566400000.0000,S14,-1.0000,3.0000,-1.0000,5.2468,0.6345,27.1939,46.1768,23.3907,11.3447,1.2247,1.1930,1.9100,17.0375,-2.6822,1.0000,8.0000,2.0000,118.0000,0.0000
1753416000000.0000,S13,-1.0000,2.0000,-1.0000,4.0113,-0.0018,24.9500,32.2922,20.4387,7.5305,1.1998,4.2141,3.4693,-35.0760,-19.5735,1.0000,4.0000,5.0000,177.0000,0.0000
1753416000000.0000,S14,-1.0000,3.0000,-1.0000,4.0113,-0.0018,24.9500,32.2922,20.4387,7.5305,1.1998,4.2141,3.4693,-35.0760,-19.5735,1.0000,4.0000,5.0000,177.0000,0.0000
1753430400000.0000,S14,-1.0000,3.0000,-1.0000,3.9008,-0.1107,29.5999,31.8991,20.4387,7.5305,1.2005,2.0113,2.4788,-13.6318,2.9760,1.0000,8.0000,5.0000,178.0000,0.0000
1753905600000.0000,S14,-1.0000,3.0000,-1.0000,2.8309,-0.0529,39.7816,39.9707,19.3768,5.9510,0.9463,3.6228,2.2894,2.1469,4.5359,1.0000,20.0000,3.0000,211.0000,1.0000
1754006400000.0000,S14,-1.0000,3.0000,-1.0000,2.5811,-0.0782,27.2255,34.8273,16.9007,3.7131,0.9593,1.7222,1.4784,-22.1951,-0.5838,1.0000,0.0000,5.0000,218.0000,1.0000
1754078400000.0000,S13,-1.0000,2.0000,-1.0000,2.1053,-0.4653,31.9149,25.5935,16.9007,3.7131,1.1633,1.2216,1.3310,-13.6410,-11.5363,1.0000,20.0000,5.0000,223.0000,0.0000
1754078400000.0000,S14,-1.0000,3.0000,-1.0000,2.1053,-0.4653,31.9149,25.5935,16.9007,3.7131,1.1633,1.2216,1.3310,-13.6410,-11.5363,1.0000,20.0000,5.0000,223.0000,0.0000
1754164800000.0000,S14,-1.0000,3.0000,-1.0000,1.4326,-0.6052,31.2730,24.9351,14.3020,1.3652,1.0610,2.1059,1.1021,7.2603,-8.9128,1.0000,20.0000,6.0000,229.0000,0.0000
1754409600000.0000,S13,-1.0000,2.0000,-1.0000,0.5315,-0.2282,33.3267,37.4345,15.8132,2.4837,0.9389,1.6694,2.6094,20.2170,29.3684,1.0000,16.0000,2.0000,246.0000,0.0000
1754568000000.0000,S13,1.0000,2.0000,1.0000,0.3434,0.0181,74.7107,62.0136,15.6308,2.1044,0.8925,2.9253,2.0472,113.0254,123.4528,1.0000,12.0000,4.0000,257.0000,1.0000
1754568000000.0000,S14,1.0000,3.0000,1.0000,0.3434,0.0181,74.7107,62.0136,15.6308,2.1044,0.8925,2.9253,2.0472,113.0254,123.4528,1.0000,12.0000,4.0000,257.0000,1.0000
1754596800000.0000,S14,1.0000,3.0000,1.0000,0.4330,0.1476,73.2106,66.5067,15.6308,2.1044,0.9214,1.7843,1.3957,108.7516,111.7992,1.0000,20.0000,4.0000,259.0000,1.0000
1754798400000.0000,S13,1.0000,2.0000,1.0000,0.7861,0.2197,73.1891,67.1756,16.8687,2.7207,0.7948,5.2780,2.0670,109.4542,119.6109,1.0000,4.0000,0.0000,273.0000,1.0000
1754798400000.0000,S14,1.0000,3.0000,1.0000,0.7861,0.2197,73.1891,67.1756,16.8687,2.7207,0.7948,5.2780,2.0670,109.4542,119.6109,1.0000,4.0000,0.0000,273.0000,1.0000
1754841600000.0000,S14,1.0000,3.0000,1.0000,0.9337,0.3404,67.7380,66.0354,16.8687,2.7207,0.8041,1.7112,1.3638,111.5894,103.0932,1.0000,16.0000,0.0000,276.0000,1.0000
1754870400000.0000,S14,1.0000,3.0000,1.0000,1.0508,0.4122,68.1432,67.7642,19.6168,4.9006,0.7939,1.4439,1.3922,102.0221,102.7056,1.0000,0.0000,1.0000,278.0000,1.0000
1754884800000.0000,S13,1.0000,2.0000,1.0000,1.1737,0.5283,79.8215,76.5427,19.6168,4.9006,0.9084,2.2207,3.5215,131.0565,168.3310,1.0000,4.0000,1.0000,279.0000,0.0000
1754884800000.0000,S14,1.0000,3.0000,1.0000,1.1737,0.5283,79.8215,76.5427,19.6168,4.9006,0.9084,2.2207,3.5215,131.0565,168.3310,1.0000,4.0000,1.0000,279.0000,0.0000
1755115200000.0000,S14,1.0000,3.0000,1.0000,1.9501,0.4637,71.0536,70.3013,20.2780,5.0385,1.0126,1.6969,1.2083,106.5393,102.7327,1.0000,20.0000,3.0000,295.0000,0.0000
1755129600000.0000,S14,1.0000,3.0000,1.0000,2.0568,0.5725,71.6950,72.1309,23.3396,7.4885,1.0109,0.5934,1.1171,115.3041,115.5614,1.0000,0.0000,4.0000,296.0000,0.0000
1755187200000.0000,S13,-1.0000,2.0000,-1.0000,2.2073,0.4839,28.2631,42.3584,23.3396,7.4885,1.2461,1.1072,3.0241,14.2892,1.6850,1.0000,16.0000,4.0000,300.0000,1.0000
1755489600000.0000,S13,-1.0000,2.0000,-1.0000,1.3881,-0.1574,20.9592,30.8296,17.0814,1.6038,0.8737,2.5540,3.4285,-31.2788,-70.3750,1.0000,4.0000,1.0000,321.0000,1.0000
1755489600000.0000,S14,-1.0000,3.0000,-1.0000,1.3881,-0.1574,20.9592,30.8296,17.0814,1.6038,0.8737,2.5540,3.4285,-31.2788,-70.3750,1.0000,4.0000,1.0000,321.0000,1.0000
1755619200000.0000,S13,-1.0000,2.0000,-1.0000,0.7349,-0.4249,30.1445,31.8212,15.8403,0.4476,1.0053,2.7405,2.6911,-0.1833,-12.1407,1.0000,16.0000,2.0000,330.0000,0.0000
1755619200000.0000,S14,-1.0000,3.0000,-1.0000,0.7349,-0.4249,30.1445,31.8212,15.8403,0.4476,1.0053,2.7405,2.6911,-0.1833,-12.1407,1.0000,16.0000,2.0000,330.0000,0.0000
1755633600000.0000,S14,-1.0000,3.0000,-1.0000,0.6233,-0.5115,27.7967,29.4161,15.8403,0.4476,1.0096,1.1019,1.8052,-0.6664,-6.5063,1.0000,20.0000,2.0000,331.0000,0.0000
1755748800000.0000,S12,-1.0000,1.0000,-1.0000,-0.0011,-0.4314,48.9389,40.0094,13.7545,-1.4865,0.9462,0.4949,0.6049,36.0631,27.0889,0.0000,4.0000,4.0000,1.0000,0.0000
1755806400000.0000,S14,-1.0000,3.0000,-1.0000,-0.3023,-0.4866,33.3903,30.3809,13.7545,-1.4865,0.9347,1.1687,1.0044,8.9785,-3.8500,0.0000,20.0000,4.0000,5.0000,0.0000
1755878400000.0000,S13,1.0000,2.0000,1.0000,-0.5391,-0.3469,76.6440,60.9583,11.9088,-3.0745,1.1609,2.8426,4.0831,126.6694,118.6108,0.0000,16.0000,5.0000,10.0000,0.0000
1755878400000.0000,S14,1.0000,3.0000,1.0000,-0.5391,-0.3469,76.6440,60.9583,11.9088,-3.0745,1.1609,2.8426,4.0831,126.6694,118.6108,0.0000,16.0000,5.0000,10.0000,0.0000
1756065600000.0000,S13,-1.0000,2.0000,-1.0000,-0.5501,-0.1760,20.3644,36.7653,14.6417,-0.7963,1.0549,6.2872,2.8963,14.8034,12.0332,0.0000,20.0000,0.0000,23.0000,1.0000
1756483200000.0000,S14,-1.0000,3.0000,-1.0000,-1.9032,-0.4015,28.6433,33.1499,11.3666,-3.4855,1.2956,1.9567,2.8709,-15.3192,-28.6884,0.0000,16.0000,5.0000,52.0000,0.0000
1756713600000.0000,S13,1.0000,2.0000,1.0000,-2.7414,-0.4128,62.3564,49.0704,6.9104,-6.7820,0.9654,2.3945,1.1881,72.7156,44.3465,0.0000,8.0000,1.0000,68.0000,1.0000
1757404800000.0000,S14,1.0000,3.0000,1.0000,-1.4101,0.2270,65.7429,63.1378,10.0692,-2.4761,0.7895,1.8082,2.1323,106.8033,102.9528,0.0000,8.0000,2.0000,116.0000,1.0000
1757433600000.0000,S13,-1.0000,2.0000,-1.0000,-1.3585,0.1596,34.8479,46.2152,10.0692,-2.4761,0.8796,2.6114,2.8881,39.5912,31.3468,0.0000,16.0000,2.0000,118.0000,0.0000
1757520000000.0000,S13,1.0000,2.0000,1.0000,-1.1351,0.1952,72.2838,64.1315,9.4770,-2.8290,0.8774,0.9037,3.0019,116.4633,119.0782,0.0000,16.0000,3.0000,124.0000,1.0000
1757520000000.0000,S14,1.0000,3.0000,1.0000,-1.1351,0.1952,72.2838,64.1315,9.4770,-2.8290,0.8774,0.9037,3.0019,116.4633,119.0782,0.0000,16.0000,3.0000,124.0000,1.0000
1757563200000.0000,S14,1.0000,3.0000,1.0000,-0.9107,0.3858,73.6652,65.8846,11.7504,-0.6226,0.8258,0.7385,0.6802,100.1403,99.5576,0.0000,4.0000,4.0000,127.0000,1.0000
1758052800000.0000,S14,1.0000,3.0000,1.0000,0.9017,0.2531,69.7044,64.1430,12.3825,0.8354,0.7130,1.0851,1.7733,124.9672,102.6146,1.0000,20.0000,2.0000,23.0000,0.0000
1758096000000.0000,S14,1.0000,3.0000,1.0000,1.0385,0.3529,66.1336,64.6476,13.6052,2.1163,0.6980,1.0182,1.4204,107.2761,101.4451,1.0000,8.0000,3.0000,26.0000,0.0000
1758168000000.0000,S14,1.0000,3.0000,1.0000,1.1728,0.2511,68.3048,63.2882,13.1060,1.8446,0.8633,2.3956,1.3653,110.6716,113.5369,1.0000,4.0000,4.0000,31.0000,0.0000
1758513600000.0000,S14,-1.0000,3.0000,-1.0000,1.1817,-0.0590,37.6732,35.0619,11.3564,0.7081,0.5455,1.1141,2.7205,-1.5665,-17.8925,1.0000,4.0000,1.0000,55.0000,1.0000
1758528000000.0000,S13,-1.0000,2.0000,-1.0000,1.0915,-0.1612,19.2175,22.4529,11.3564,0.7081,0.6968,1.8271,5.1078,-37.5201,-46.5472,1.0000,8.0000,1.0000,56.0000,1.0000
1758528000000.0000,S14,-1.0000,3.0000,-1.0000,1.0915,-0.1612,19.2175,22.4529,11.3564,0.7081,0.6968,1.8271,5.1078,-37.5201,-46.5472,1.0000,8.0000,1.0000,56.0000,1.0000
1758801600000.0000,S12,-1.0000,1.0000,-1.0000,-0.0254,-0.2852,32.0170,33.8723,9.1005,-0.8803,0.8485,1.0086,0.9035,5.1868,10.0697,0.0000,12.0000,4.0000,1.0000,1.0000
1758830400000.0000,S13,-1.0000,2.0000,-1.0000,-0.1984,-0.4597,30.6095,26.1719,9.1005,-0.8803,1.0104,1.2724,2.3961,-28.0951,-36.0630,0.0000,20.0000,4.0000,3.0000,0.0000
1758830400000.0000,S14,-1.0000,3.0000,-1.0000,-0.1984,-0.4597,30.6095,26.1719,9.1005,-0.8803,1.0104,1.2724,2.3961,-28.0951,-36.0630,0.0000,20.0000,4.0000,3.0000,0.0000
1759104000000.0000,S13,1.0000,2.0000,1.0000,-1.4035,-0.2392,89.6098,64.5868,7.4078,-1.4463,0.7003,2.4029,1.5335,145.5706,112.8881,0.0000,0.0000,1.0000,22.0000,1.0000
1759104000000.0000,S14,1.0000,3.0000,1.0000,-1.4035,-0.2392,89.6098,64.5868,7.4078,-1.4463,0.7003,2.4029,1.5335,145.5706,112.8881,0.0000,0.0000,1.0000,22.0000,1.0000
1759161600000.0000,S13,1.0000,2.0000,1.0000,-1.2617,0.1418,81.0714,72.5616,7.4078,-1.4463,0.7461,1.2226,3.0485,119.0897,138.1531,0.0000,16.0000,1.0000,26.0000,1.0000
1759161600000.0000,S14,1.0000,3.0000,1.0000,-1.2617,0.1418,81.0714,72.5616,7.4078,-1.4463,0.7461,1.2226,3.0485,119.0897,138.1531,0.0000,16.0000,1.0000,26.0000,1.0000
1759176000000.0000,S14,1.0000,3.0000,1.0000,-1.1820,0.2101,80.1263,74.4309,7.4078,-1.4463,0.7497,1.0657,1.6330,109.6685,99.5474,0.0000,20.0000,1.0000,27.0000,1.0000
1759320000000.0000,S13,1.0000,2.0000,1.0000,-0.5396,0.4373,74.6679,76.4397,8.8831,0.3796,0.8271,0.9331,2.2413,100.3166,134.4476,1.0000,12.0000,3.0000,37.0000,1.0000
1759320000000.0000,S14,1.0000,3.0000,1.0000,-0.5396,0.4373,74.6679,76.4397,8.8831,0.3796,0.8271,0.9331,2.2413,100.3166,134.4476,1.0000,12.0000,3.0000,37.0000,1.0000
1759334400000.0000,S14,1.0000,3.0000,1.0000,-0.4097,0.5269,74.7597,78.3062,8.8831,0.3796,0.8417,1.2798,1.7890,102.2729,108.3185,1.0000,16.0000,3.0000,38.0000,1.0000
1759363200000.0000,S14,1.0000,3.0000,1.0000,-0.1378,0.7536,75.8233,81.4511,13.0384,4.4091,0.8871,1.2907,0.8969,110.2041,109.5607,1.0000,0.0000,4.0000,40.0000,1.0000
1759377600000.0000,S12,1.0000,1.0000,1.0000,0.0063,0.8698,74.6808,81.7888,13.0384,4.4091,0.8908,0.5904,1.4557,101.1941,102.0598,1.0000,4.0000,4.0000,1.0000,1.0000
1759377600000.0000,S14,1.0000,3.0000,1.0000,0.0063,0.8698,74.6808,81.7888,13.0384,4.4091,0.8908,0.5904,1.4557,101.1941,102.0598,1.0000,4.0000,4.0000,1.0000,1.0000
1759420800000.0000,S14,1.0000,3.0000,1.0000,0.4224,0.9528,68.8692,82.8628,13.0384,4.4091,0.8553,1.8786,1.7282,95.7683,104.9454,1.0000,16.0000,4.0000,4.0000,1.0000
1759435200000.0000,S14,1.0000,3.0000,1.0000,0.5924,0.9913,73.3830,84.8217,13.0384,4.4091,0.8859,1.5330,1.5769,99.3665,111.7202,1.0000,20.0000,4.0000,5.0000,1.0000
1759507200000.0000,S13,1.0000,2.0000,1.0000,1.2955,0.9993,76.4585,80.0237,14.6747,6.1640,0.9216,3.3566,1.5676,95.6357,120.5396,1.0000,16.0000,5.0000,10.0000,1.0000
1759507200000.0000,S14,1.0000,3.0000,1.0000,1.2955,0.9993,76.4585,80.0237,14.6747,6.1640,0.9216,3.3566,1.5676,95.6357,120.5396,1.0000,16.0000,5.0000,10.0000,1.0000
1759521600000.0000,S14,1.0000,3.0000,1.0000,1.4661,1.0311,73.5985,80.9296,14.6747,6.1640,1.0003,0.5902,2.7200,87.9041,99.8211,1.0000,20.0000,5.0000,11.0000,1.0000
1759651200000.0000,S14,1.0000,3.0000,1.0000,2.6386,0.9765,70.8015,81.3624,16.0160,7.6334,0.9071,1.1780,2.3174,100.5390,103.5291,1.0000,8.0000,0.0000,20.0000,0.0000
1759852800000.0000,S13,-1.0000,2.0000,-1.0000,3.8105,0.6180,30.0739,46.6472,17.7354,9.3706,1.1125,3.4479,2.4317,9.8094,4.6582,1.0000,16.0000,2.0000,34.0000,1.0000
1760112000000.0000,S13,-1.0000,2.0000,-1.0000,3.5019,-0.0402,30.5419,36.6063,14.2995,6.3141,1.3098,5.7406,2.2206,-17.5641,-15.0259,1.0000,16.0000,5.0000,52.0000,1.0000
1760112000000.0000,S14,-1.0000,3.0000,-1.0000,3.5019,-0.0402,30.5419,36.6063,14.2995,6.3141,1.3098,5.7406,2.2206,-17.5641,-15.0259,1.0000,16.0000,5.0000,52.0000,1.0000
1760126400000.0000,S14,-1.0000,3.0000,-1.0000,3.3580,-0.2006,21.1599,29.7552,14.2995,6.3141,1.4504,2.4365,2.2258,-28.5615,-24.1559,1.0000,20.0000,5.0000,53.0000,1.0000
1760140800000.0000,S14,-1.0000,3.0000,-1.0000,3.1236,-0.4599,14.7197,22.3334,5.8239,-1.4573,2.3596,1.6036,7.5645,-36.4204,-34.6052,0.0000,0.0000,6.0000,54.0000,1.0000
1760472000000.0000,S12,-1.0000,1.0000,-1.0000,-0.0257,-0.6894,48.3532,42.0738,7.6677,0.7222,1.7756,1.1372,1.5605,42.6631,47.6297,1.0000,20.0000,2.0000,1.0000,1.0000
1760630400000.0000,S13,-1.0000,2.0000,-1.0000,-1.0914,-0.7348,28.5023,33.6245,3.2778,-3.1608,1.7342,3.5514,1.8504,-8.9689,-20.9597,0.0000,16.0000,4.0000,12.0000,0.0000
1760630400000.0000,S14,-1.0000,3.0000,-1.0000,-1.0914,-0.7348,28.5023,33.6245,3.2778,-3.1608,1.7342,3.5514,1.8504,-8.9689,-20.9597,0.0000,16.0000,4.0000,12.0000,0.0000
1760644800000.0000,S14,-1.0000,3.0000,-1.0000,-1.2362,-0.7946,32.5119,32.6982,3.2778,-3.1608,1.7237,1.3233,1.7773,-2.1423,-2.8460,0.0000,20.0000,4.0000,13.0000,0.0000
1760688000000.0000,S13,-1.0000,2.0000,-1.0000,-1.6693,-1.0504,26.5532,28.9814,0.7612,-5.3561,1.8157,2.6652,1.6857,-23.6253,-27.0474,0.0000,8.0000,5.0000,16.0000,0.0000
1760688000000.0000,S14,-1.0000,3.0000,-1.0000,-1.6693,-1.0504,26.5532,28.9814,0.7612,-5.3561,1.8157,2.6652,1.6857,-23.6253,-27.0474,0.0000,8.0000,5.0000,16.0000,0.0000
1760932800000.0000,S14,1.0000,3.0000,1.0000,-3.1106,-0.3322,68.6262,57.8688,0.8407,-4.8389,1.3450,1.5137,1.0455,112.2115,113.8986,0.0000,4.0000,1.0000,33.0000,1.0000
1760947200000.0000,S14,1.0000,3.0000,1.0000,-3.0631,-0.1996,72.9388,62.2680,0.8407,-4.8389,1.3358,1.1593,1.0995,112.9056,109.6792,0.0000,8.0000,1.0000,34.0000,1.0000
1761062400000.0000,S13,1.0000,2.0000,1.0000,-2.8701,-0.0974,72.9876,65.6039,2.4644,-3.2228,1.5040,3.8495,3.3075,111.7237,131.3973,0.0000,16.0000,2.0000,42.0000,0.0000
1761062400000.0000,S14,1.0000,3.0000,1.0000,-2.8701,-0.0974,72.9876,65.6039,2.4644,-3.2228,1.5040,3.8495,3.3075,111.7237,131.3973,0.0000,16.0000,2.0000,42.0000,0.0000
1761091200000.0000,S13,-1.0000,2.0000,-1.0000,-2.8388,-0.0744,39.5245,45.7187,0.2796,-5.1635,1.7677,0.8793,1.6758,38.0410,29.7708,0.0000,0.0000,3.0000,44.0000,0.0000
1761480000000.0000,S14,1.0000,3.0000,1.0000,-2.0602,0.2824,78.2388,67.8799,2.7956,-2.1619,0.9594,3.4758,1.4470,118.2872,128.8173,0.0000,12.0000,0.0000,71.0000,0.0000
1761494400000.0000,S14,1.0000,3.0000,1.0000,-1.9575,0.3448,78.3480,69.6154,2.7956,-2.1619,0.9351,0.9999,1.6904,109.1375,101.9629,0.0000,16.0000,0.0000,72.0000,0.0000
1761523200000.0000,S14,1.0000,3.0000,1.0000,-1.7449,0.5015,75.6940,72.5803,5.3229,0.3141,0.9868,1.0798,1.9413,114.6324,114.1792,1.0000,0.0000,1.0000,74.0000,0.0000
1761552000000.0000,S14,1.0000,3.0000,1.0000,-1.4899,0.6530,70.1123,76.1055,5.3229,0.3141,0.9979,2.8008,2.5117,105.0739,100.6674,1.0000,8.0000,1.0000,76.0000,0.0000
1761768000000.0000,S14,-1.0000,3.0000,-1.0000,-0.6973,-0.0015,30.7365,36.3755,3.4916,-1.2062,1.2107,1.2696,2.4125,-15.4617,-14.9331,0.0000,20.0000,3.0000,91.0000,1.0000
1761840000000.0000,S14,-1.0000,3.0000,-1.0000,-0.9439,-0.3827,34.1588,29.6430,0.7399,-3.6982,1.5099,0.9674,1.9324,-9.6689,-1.2398,0.0000,16.0000,4.0000,96.0000,1.0000
1761854400000.0000,S14,-1.0000,3.0000,-1.0000,-1.0717,-0.4899,30.8904,26.5991,0.7399,-3.6982,1.5487,1.2634,1.2770,-11.9801,-10.2785,0.0000,20.0000,4.0000,97.0000,1.0000
1762142400000.0000,S13,-1.0000,2.0000,-1.0000,-1.4072,-0.1535,26.1364,35.8815,0.7425,-2.8555,1.1372,2.8257,1.6475,-28.8079,26.1981,0.0000,4.0000,1.0000,117.0000,1.0000
1762185600000.0000,S13,-1.0000,2.0000,-1.0000,-1.6464,-0.4941,24.7053,29.0672,0.7425,-2.8555,1.2582,4.0604,2.4318,-30.7529,-29.0769,0.0000,16.0000,1.0000,120.0000,1.0000
1762185600000.0000,S14,-1.0000,3.0000,-1.0000,-1.6464,-0.4941,24.7053,29.0672,0.7425,-2.8555,1.2582,4.0604,2.4318,-30.7529,-29.0769,0.0000,16.0000,1.0000,120.0000,1.0000
1762243200000.0000,S13,-1.0000,2.0000,-1.0000,-1.9741,-0.7030,33.6653,31.0320,-2.9600,-6.1903,1.4692,1.1076,2.6639,-11.2478,-17.2721,-1.0000,8.0000,2.0000,124.0000,1.0000
1762243200000.0000,S14,-1.0000,3.0000,-1.0000,-1.9741,-0.7030,33.6653,31.0320,-2.9600,-6.1903,1.4692,1.1076,2.6639,-11.2478,-17.2721,-1.0000,8.0000,2.0000,124.0000,1.0000
1762286400000.0000,S13,-1.0000,2.0000,-1.0000,-2.4438,-1.0128,25.1157,22.5754,-2.9600,-6.1903,1.6657,0.9473,3.2514,-15.2528,-31.0264,-1.0000,20.0000,2.0000,127.0000,0.0000
1762286400000.0000,S14,-1.0000,3.0000,-1.0000,-2.4438,-1.0128,25.1157,22.5754,-2.9600,-6.1903,1.6657,0.9473,3.2514,-15.2528,-31.0264,-1.0000,20.0000,2.0000,127.0000,0.0000
1762545600000.0000,S13,1.0000,2.0000,1.0000,-4.1726,-0.7898,64.4611,48.8618,-7.9460,-10.1375,1.6730,0.8140,1.1227,74.3042,75.5249,-1.0000,20.0000,5.0000,145.0000,0.0000
1762718400000.0000,S14,1.0000,3.0000,1.0000,-4.4415,-0.3076,75.8657,60.0848,-7.1719,-8.8428,1.2502,1.3484,0.7691,120.6416,116.7509,-1.0000,20.0000,0.0000,157.0000,0.0000
1762747200000.0000,S14,1.0000,3.0000,1.0000,-4.3049,-0.0210,73.3369,65.1145,-5.0328,-6.5130,1.3191,0.8659,1.8325,113.7460,108.7946,-1.0000,4.0000,1.0000,159.0000,0.0000
1762963200000.0000,S13,-1.0000,2.0000,-1.0000,-3.7600,-0.2373,33.2509,42.0170,-6.6283,-7.6883,1.4321,3.1559,1.4122,1.8926,6.7013,-1.0000,16.0000,3.0000,174.0000,1.0000
1762977600000.0000,S14,-1.0000,3.0000,-1.0000,-3.8103,-0.2942,30.3408,38.9918,-6.6283,-7.6883,1.4403,1.0572,1.2717,-3.2455,-2.0335,-1.0000,20.0000,3.0000,175.0000,1.0000
1763064000000.0000,S13,-1.0000,2.0000,-1.0000,-3.9893,-0.4486,25.8745,33.5015,-7.9302,-8.7774,1.7076,1.5275,3.0038,-18.2116,-37.6905,-1.0000,20.0000,4.0000,181.0000,1.0000
1763064000000.0000,S14,-1.0000,3.0000,-1.0000,-3.9893,-0.4486,25.8745,33.5015,-7.9302,-8.7774,1.7076,1.5275,3.0038,-18.2116,-37.6905,-1.0000,20.0000,4.0000,181.0000,1.0000
1763107200000.0000,S14,-1.0000,3.0000,-1.0000,-4.2799,-0.8583,29.3148,31.7358,-9.7318,-10.3193,1.8615,1.0738,2.2731,-7.9044,-9.7810,-1.0000,8.0000,5.0000,184.0000,1.0000
1763409600000.0000,S14,-1.0000,3.0000,-1.0000,-6.4508,-0.9412,28.1354,28.2142,-14.6530,-14.5306,1.7522,2.3684,2.4570,-31.0535,-31.1252,-1.0000,20.0000,1.0000,205.0000,1.0000
1763438400000.0000,S14,-1.0000,3.0000,-1.0000,-6.7259,-1.1861,26.4488,27.9692,-16.4896,-16.0825,1.8227,2.1985,2.2648,-17.2496,-9.5850,-1.0000,4.0000,2.0000,207.0000,1.0000
1763582400000.0000,S14,-1.0000,3.0000,-1.0000,-7.6708,-1.1760,29.6505,28.1590,-15.7993,-15.0739,1.8095,1.1553,1.4262,-2.9343,-7.5862,-1.0000,20.0000,3.0000,217.0000,1.0000
1763596800000.0000,S13,1.0000,2.0000,1.0000,-7.7256,-1.1451,54.2885,42.7083,-17.0566,-16.0131,1.8622,0.7965,0.9839,35.9526,38.4881,-1.0000,0.0000,4.0000,218.0000,0.0000
1763668800000.0000,S13,-1.0000,2.0000,-1.0000,-8.0573,-0.9713,25.5627,30.1943,-17.0566,-16.0131,2.1433,1.5812,2.6137,-26.0476,-26.4694,-1.0000,20.0000,4.0000,223.0000,1.0000
1763668800000.0000,S14,-1.0000,3.0000,-1.0000,-8.0573,-0.9713,25.5627,30.1943,-17.0566,-16.0131,2.1433,1.5812,2.6137,-26.0476,-26.4694,-1.0000,20.0000,4.0000,223.0000,1.0000
1763697600000.0000,S14,-1.0000,3.0000,-1.0000,-8.3994,-1.3950,32.9991,27.8760,-21.4846,-20.0555,2.1922,0.9042,1.0177,-8.5447,-3.2309,-1.0000,4.0000,5.0000,225.0000,0.0000
1763712000000.0000,S14,-1.0000,3.0000,-1.0000,-8.6185,-1.6667,27.7418,24.5450,-21.4846,-20.0555,2.4659,4.2823,2.1444,-14.8984,-18.7298,-1.0000,8.0000,5.0000,226.0000,0.0000
1764187200000.0000,S13,1.0000,2.0000,1.0000,-9.5782,-0.1970,68.6959,63.2213,-20.5958,-16.5946,1.7754,1.8512,2.0596,126.9563,114.0584,-1.0000,20.0000,3.0000,259.0000,0.0000
1764187200000.0000,S14,1.0000,3.0000,1.0000,-9.5782,-0.1970,68.6959,63.2213,-20.5958,-16.5946,1.7754,1.8512,2.0596,126.9563,114.0584,-1.0000,20.0000,3.0000,259.0000,0.0000
1764201600000.0000,S14,1.0000,3.0000,1.0000,-9.4353,-0.0408,71.1051,65.1646,-17.7121,-13.1100,1.7276,0.5853,1.0124,119.9068,100.0816,-1.0000,0.0000,4.0000,260.0000,0.0000
1764216000000.0000,S14,1.0000,3.0000,1.0000,-9.2770,0.1003,71.4808,67.3108,-17.7121,-13.1100,1.7382,0.6980,1.5277,115.4783,108.1201,-1.0000,4.0000,4.0000,261.0000,0.0000
1764345600000.0000,S14,1.0000,3.0000,1.0000,-7.9490,0.4651,63.4013,68.8097,-16.8908,-11.7520,1.3917,1.7040,1.5633,82.6838,102.8532,-1.0000,16.0000,5.0000,270.0000,0.0000
1764561600000.0000,S13,-1.0000,2.0000,-1.0000,-6.6195,0.0080,16.1830,28.0018,-17.6333,-11.4433,1.3933,2.1913,4.3349,-53.8996,-134.5639,-1.0000,4.0000,1.0000,285.0000,0.0000
1764561600000.0000,S14,-1.0000,3.0000,-1.0000,-6.6195,0.0080,16.1830,28.0018,-17.6333,-11.4433,1.3933,2.1913,4.3349,-53.8996,-134.5639,-1.0000,4.0000,1.0000,285.0000,0.0000
1764604800000.0000,S14,-1.0000,3.0000,-1.0000,-6.8144,-0.6895,24.3221,23.9072,-17.6333,-11.4433,1.5133,2.3266,2.7794,-15.2567,-14.6230,-1.0000,16.0000,1.0000,288.0000,0.0000
1764734400000.0000,S14,1.0000,3.0000,1.0000,-6.3538,0.3724,71.2741,64.7409,-16.6840,-9.6125,1.6667,0.5167,1.1376,86.0646,104.8393,-1.0000,4.0000,3.0000,297.0000,0.0000
1765296000000.0000,S13,1.0000,2.0000,1.0000,-3.7208,0.1057,70.4601,62.2507,-16.8988,-8.2670,1.4504,4.9860,2.1556,121.1934,116.7813,-1.0000,16.0000,2.0000,336.0000,0.0000
1765296000000.0000,S14,1.0000,3.0000,1.0000,-3.7208,0.1057,70.4601,62.2507,-16.8988,-8.2670,1.4504,4.9860,2.1556,121.1934,116.7813,-1.0000,16.0000,2.0000,336.0000,0.0000
1765310400000.0000,S14,1.0000,3.0000,1.0000,-3.5820,0.2389,72.2775,66.6068,-16.8988,-8.2670,1.4834,0.8174,2.8407,114.0072,114.3624,-1.0000,20.0000,2.0000,337.0000,0.0000
1765555200000.0000,S13,-1.0000,2.0000,-1.0000,-2.7158,0.1877,31.5160,42.9122,-14.9933,-5.4234,1.6587,4.4378,1.6639,7.8881,8.6248,-1.0000,16.0000,5.0000,354.0000,1.0000
1765742400000.0000,S14,-1.0000,3.0000,-1.0000,-2.7691,-0.2789,23.1717,34.0522,-16.9377,-6.9758,1.0824,0.8902,0.8108,8.0984,0.0678,-1.0000,20.0000,0.0000,367.0000,1.0000
1765756800000.0000,S14,-1.0000,3.0000,-1.0000,-2.8198,-0.3581,17.9573,31.3752,-18.7678,-8.6654,1.1107,2.4246,1.2638,5.3420,-3.9905,-1.0000,0.0000,1.0000,368.0000,1.0000
1765814400000.0000,S13,-1.0000,2.0000,-1.0000,-2.9053,-0.3712,21.1692,31.8206,-18.7678,-8.6654,1.3122,4.7058,2.9616,-16.2030,-10.6231,-1.0000,16.0000,1.0000,372.0000,0.0000
1765814400000.0000,S14,-1.0000,3.0000,-1.0000,-2.9053,-0.3712,21.1692,31.8206,-18.7678,-8.6654,1.3122,4.7058,2.9616,-16.2030,-10.6231,-1.0000,16.0000,1.0000,372.0000,0.0000
1765828800000.0000,S14,-1.0000,3.0000,-1.0000,-3.0085,-0.4446,22.8973,28.6105,-18.7678,-8.6654,1.4023,1.3202,2.6358,-22.1161,-7.2516,-1.0000,20.0000,1.0000,373.0000,0.0000
1766088000000.0000,S13,-1.0000,2.0000,-1.0000,-3.7853,-0.4257,32.1055,35.1268,-20.3481,-9.1383,1.7855,3.7619,2.5108,-0.9043,-1.8461,-1.0000,20.0000,4.0000,391.0000,0.0000
1766088000000.0000,S14,-1.0000,3.0000,-1.0000,-3.7853,-0.4257,32.1055,35.1268,-20.3481,-9.1383,1.7855,3.7619,2.5108,-0.9043,-1.8461,-1.0000,20.0000,4.0000,391.0000,0.0000
1766404800000.0000,S14,1.0000,3.0000,1.0000,-3.0820,0.1655,74.1796,65.0447,-17.8481,-4.8413,1.1092,1.9215,1.4280,136.9927,108.7248,-1.0000,12.0000,1.0000,413.0000,0.0000
1766980800000.0000,S13,1.0000,2.0000,1.0000,-2.3460,0.0835,88.5341,69.5417,-18.0007,-3.2033,0.8279,4.5169,2.8229,130.3131,115.3553,-1.0000,4.0000,1.0000,453.0000,0.0000
1766980800000.0000,S14,1.0000,3.0000,1.0000,-2.3460,0.0835,88.5341,69.5417,-18.0007,-3.2033,0.8279,4.5169,2.8229,130.3131,115.3553,-1.0000,4.0000,1.0000,453.0000,0.0000
1767009600000.0000,S13,-1.0000,2.0000,-1.0000,-2.2624,0.1395,37.4177,46.8202,-18.0007,-3.2033,0.9858,0.6156,2.6211,38.3954,24.8491,-1.0000,12.0000,1.0000,455.0000,0.0000
1767355200000.0000,S14,1.0000,3.0000,1.0000,-1.6560,0.1898,68.1065,62.6674,-16.9011,-0.8478,0.8053,1.4108,1.8753,99.8309,101.7985,-1.0000,12.0000,5.0000,479.0000,1.0000
1767499200000.0000,S14,1.0000,3.0000,1.0000,-0.9808,0.3884,71.9966,70.8830,-15.1058,1.4583,0.8598,0.9414,1.5524,99.5231,108.0678,-1.0000,4.0000,0.0000,489.0000,1.0000
1767585600000.0000,S13,1.0000,2.0000,1.0000,-0.4333,0.5581,75.9853,76.7400,-14.2074,2.5612,0.8410,1.0427,2.6548,111.3406,128.1539,-1.0000,4.0000,1.0000,495.0000,0.0000
1767585600000.0000,S14,1.0000,3.0000,1.0000,-0.4333,0.5581,75.9853,76.7400,-14.2074,2.5612,0.8410,1.0427,2.6548,111.3406,128.1539,-1.0000,4.0000,1.0000,495.0000,0.0000
1767628800000.0000,S14,1.0000,3.0000,1.0000,-0.0664,0.7431,74.8171,78.1684,-14.2074,2.5612,0.8972,2.5843,1.8292,108.6703,112.4208,-1.0000,16.0000,1.0000,498.0000,0.0000
1767643200000.0000,S12,1.0000,1.0000,1.0000,0.0791,0.8351,72.0493,79.4197,-14.2074,2.5612,0.9236,0.8331,1.7816,106.7546,108.3380,-1.0000,20.0000,1.0000,1.0000,0.0000
1767643200000.0000,S14,1.0000,3.0000,1.0000,0.0791,0.8351,72.0493,79.4197,-14.2074,2.5612,0.9236,0.8331,1.7816,106.7546,108.3380,-1.0000,20.0000,1.0000,1.0000,0.0000
1767729600000.0000,S13,-1.0000,2.0000,-1.0000,0.6507,0.6278,36.1572,51.9788,-11.9790,5.1814,1.0690,0.9897,2.5182,51.6141,55.3105,-1.0000,20.0000,2.0000,7.0000,1.0000
1767744000000.0000,S13,1.0000,2.0000,1.0000,0.7415,0.6013,56.8938,61.8071,-12.0444,5.0201,1.1130,0.4168,1.4446,72.0442,76.9611,-1.0000,0.0000,3.0000,8.0000,0.0000
1767859200000.0000,S14,-1.0000,3.0000,-1.0000,0.8316,-0.0039,38.6917,40.8526,-14.2376,2.3863,1.1969,1.7019,1.0643,2.1997,-1.5918,-1.0000,8.0000,4.0000,16.0000,0.0000
1768320000000.0000,S13,1.0000,2.0000,1.0000,0.7258,0.2152,72.2309,67.9172,-14.0104,1.8612,0.9972,2.3512,2.5133,133.0181,136.2052,-1.0000,16.0000,2.0000,48.0000,1.0000
1768320000000.0000,S14,1.0000,3.0000,1.0000,0.7258,0.2152,72.2309,67.9172,-14.0104,1.8612,0.9972,2.3512,2.5133,133.0181,136.2052,-1.0000,16.0000,2.0000,48.0000,1.0000
1768334400000.0000,S14,1.0000,3.0000,1.0000,0.8169,0.3331,75.6990,71.7768,-14.0104,1.8612,1.0069,1.3992,2.4614,124.6787,124.2654,-1.0000,20.0000,2.0000,49.0000,1.0000
1768348800000.0000,S14,1.0000,3.0000,1.0000,0.9414,0.4925,74.6143,76.4410,-10.0827,6.2868,1.1052,1.1749,3.2842,124.7967,129.9463,-1.0000,0.0000,3.0000,50.0000,0.0000
1768406400000.0000,S13,1.0000,2.0000,1.0000,1.4031,0.8538,73.5602,75.1274,-10.0827,6.2868,1.1401,2.7298,2.1268,106.1641,107.3093,-1.0000,16.0000,3.0000,54.0000,0.0000
1768406400000.0000,S14,1.0000,3.0000,1.0000,1.4031,0.8538,73.5602,75.1274,-10.0827,6.2868,1.1401,2.7298,2.1268,106.1641,107.3093,-1.0000,16.0000,3.0000,54.0000,0.0000
1768420800000.0000,S14,1.0000,3.0000,1.0000,1.5554,0.8984,71.8732,76.6362,-10.0827,6.2868,1.1672,1.0783,2.1308,101.2548,103.1921,-1.0000,20.0000,3.0000,55.0000,0.0000
1768780800000.0000,S13,-1.0000,2.0000,-1.0000,2.5420,0.1509,24.5041,38.7798,-11.4713,3.7455,0.8169,6.2545,1.5264,-79.5491,-45.8202,-1.0000,0.0000,1.0000,80.0000,1.0000
1768780800000.0000,S14,-1.0000,3.0000,-1.0000,2.5420,0.1509,24.5041,38.7798,-11.4713,3.7455,0.8169,6.2545,1.5264,-79.5491,-45.8202,-1.0000,0.0000,1.0000,80.0000,1.0000
1768795200000.0000,S14,-1.0000,3.0000,-1.0000,2.4680,0.0475,20.7110,32.9066,-11.4713,3.7455,0.8969,0.9585,4.1146,-36.7109,-26.6372,-1.0000,4.0000,1.0000,81.0000,1.0000
1768896000000.0000,S14,-1.0000,3.0000,-1.0000,1.9984,-0.3118,24.3026,26.5724,-12.3860,2.5398,0.9218,1.7375,2.9625,-7.3686,-21.7339,-1.0000,8.0000,2.0000,88.0000,1.0000
1768924800000.0000,S14,-1.0000,3.0000,-1.0000,1.7836,-0.4632,27.0837,24.6393,-12.3860,2.5398,0.9721,2.6757,2.6805,2.2531,0.3671,-1.0000,16.0000,2.0000,90.0000,1.0000
1768939200000.0000,S14,-1.0000,3.0000,-1.0000,1.6443,-0.5666,23.8820,20.9653,-12.3860,2.5398,1.0482,0.9025,2.0027,-5.1736,-4.8220,-1.0000,20.0000,2.0000,91.0000,1.0000
1769184000000.0000,S12,-1.0000,1.0000,-1.0000,-0.0149,-0.4620,54.6032,43.4741,-15.0582,-0.7821,1.1829,2.4485,1.0270,59.5228,51.3947,-1.0000,16.0000,5.0000,1.0000,1.0000
1769371200000.0000,S13,-1.0000,2.0000,-1.0000,-0.8287,-0.5553,16.9639,22.8917,-15.2211,-1.0959,0.9917,3.4913,3.4157,-39.1517,-52.7674,-1.0000,20.0000,0.0000,14.0000,0.0000
1769371200000.0000,S14,-1.0000,3.0000,-1.0000,-0.8287,-0.5553,16.9639,22.8917,-15.2211,-1.0959,0.9917,3.4913,3.4157,-39.1517,-52.7674,-1.0000,20.0000,0.0000,14.0000,0.0000
1769601600000.0000,S14,1.0000,3.0000,1.0000,-1.4186,-0.0699,64.9365,61.7893,-14.8720,-0.9368,1.0576,1.9337,1.1238,100.3786,111.8103,-1.0000,12.0000,3.0000,30.0000,0.0000
1769702400000.0000,S13,-1.0000,2.0000,-1.0000,-1.6069,-0.3804,19.1935,27.4367,-14.7100,-0.8069,1.4408,9.0728,3.7115,-39.9744,-65.8787,-1.0000,16.0000,4.0000,37.0000,1.0000
1769702400000.0000,S14,-1.0000,3.0000,-1.0000,-1.6069,-0.3804,19.1935,27.4367,-14.7100,-0.8069,1.4408,9.0728,3.7115,-39.9744,-65.8787,-1.0000,16.0000,4.0000,37.0000,1.0000
1769716800000.0000,S14,-1.0000,3.0000,-1.0000,-1.7585,-0.5972,24.3591,24.5724,-14.7100,-0.8069,1.5418,1.2703,3.4013,-25.9579,-6.8882,-1.0000,20.0000,4.0000,38.0000,1.0000
1769745600000.0000,S14,-1.0000,3.0000,-1.0000,-2.0624,-0.9443,26.9909,24.1982,-19.0178,-5.8178,1.7327,0.7684,3.4135,-12.7182,-8.0102,-1.0000,4.0000,5.0000,40.0000,1.0000
1769889600000.0000,S13,-1.0000,2.0000,-1.0000,-3.4559,-1.2056,10.8044,18.7995,-19.2532,-6.0788,2.2621,1.4353,4.0401,-8.4822,-31.1290,-1.0000,20.0000,6.0000,50.0000,1.0000
1769889600000.0000,S14,-1.0000,3.0000,-1.0000,-3.4559,-1.2056,10.8044,18.7995,-19.2532,-6.0788,2.2621,1.4353,4.0401,-8.4822,-31.1290,-1.0000,20.0000,6.0000,50.0000,1.0000
1770148800000.0000,S13,-1.0000,2.0000,-1.0000,-6.4336,-1.1775,37.4766,26.5707,-24.1044,-11.5589,2.4783,2.0529,2.7756,-16.4033,1.1002,-1.0000,20.0000,2.0000,68.0000,1.0000
1770264000000.0000,S14,-1.0000,3.0000,-1.0000,-7.7346,-1.7430,28.9831,22.5281,-29.1796,-17.3475,2.6082,1.2643,1.2239,-15.2296,-10.7414,-1.0000,4.0000,4.0000,76.0000,1.0000
1770278400000.0000,S14,-1.0000,3.0000,-1.0000,-7.9848,-1.9330,28.5225,21.6175,-29.1796,-17.3475,2.5797,1.0318,1.8717,-5.2521,-3.7516,-1.0000,8.0000,4.0000,77.0000,1.0000
1770307200000.0000,S14,-1.0000,3.0000,-1.0000,-8.5727,-2.2877,20.5671,16.3113,-29.1796,-17.3475,2.9863,4.4392,3.2549,-12.2419,-28.1404,-1.0000,16.0000,4.0000,79.0000,1.0000
1770321600000.0000,S14,-1.0000,3.0000,-1.0000,-8.9694,-2.5914,20.9632,13.8045,-29.1796,-17.3475,3.2410,0.9307,2.4970,-11.3230,-11.8169,-1.0000,20.0000,4.0000,80.0000,0.0000
1770336000000.0000,S14,-1.0000,3.0000,-1.0000,-9.4289,-2.9084,20.4677,11.7449,-38.9462,-28.5566,3.5359,0.8259,3.0039,-14.1289,-20.5311,-1.0000,0.0000,5.0000,81.0000,0.0000
1771070400000.0000,S14,1.0000,3.0000,1.0000,-11.7886,-0.0858,77.6245,62.2202,-31.8680,-19.0428,1.8018,2.0836,0.9016,108.6170,121.4409,-1.0000,12.0000,6.0000,132.0000,0.0000
1771142400000.0000,S14,1.0000,3.0000,1.0000,-11.1949,0.1227,71.4811,62.7366,-30.7443,-17.5633,1.6663,1.6188,1.3731,91.2340,105.4024,-1.0000,8.0000,0.0000,137.0000,0.0000
1771444800000.0000,S14,-1.0000,3.0000,-1.0000,-10.1728,-0.4346,31.8335,37.1000,-32.5711,-19.1982,1.7845,1.9677,1.4633,-15.4786,-8.1743,-1.0000,20.0000,3.0000,158.0000,1.0000
1771689600000.0000,S14,1.0000,3.0000,1.0000,-9.2814,-0.0169,66.5214,58.4840,-31.5756,-17.3234,1.3199,1.0838,0.5330,92.9946,97.4051,-1.0000,16.0000,6.0000,175.0000,0.0000
1771819200000.0000,S13,-1.0000,2.0000,-1.0000,-8.7326,-0.2634,23.7407,29.6966,-31.6330,-16.8717,1.4192,1.2706,3.4205,-43.4633,-35.0919,-1.0000,4.0000,1.0000,184.0000,0.0000
1771819200000.0000,S14,-1.0000,3.0000,-1.0000,-8.7326,-0.2634,23.7407,29.6966,-31.6330,-16.8717,1.4192,1.2706,3.4205,-43.4633,-35.0919,-1.0000,4.0000,1.0000,184.0000,0.0000
1771905600000.0000,S14,-1.0000,3.0000,-1.0000,-8.9050,-0.8089,28.0523,30.5058,-34.4774,-20.0146,1.6799,1.1573,1.6846,-6.8071,-8.0070,-1.0000,4.0000,2.0000,190.0000,0.0000
1771920000000.0000,S14,-1.0000,3.0000,-1.0000,-8.9925,-0.9523,26.8895,29.0138,-34.4774,-20.0146,1.6741,0.7293,1.6752,-2.6249,-3.9910,-1.0000,8.0000,2.0000,191.0000,0.0000
1772035200000.0000,S13,1.0000,2.0000,1.0000,-8.9586,-0.3431,75.9480,59.2582,-34.9098,-20.1656,1.7369,2.6062,1.9696,83.0382,86.1432,-1.0000,16.0000,3.0000,199.0000,0.0000
1772049600000.0000,S14,1.0000,3.0000,1.0000,-8.7748,-0.0373,79.3349,65.6653,-34.9098,-20.1656,1.8007,1.2869,1.8955,103.5363,111.8939,-1.0000,20.0000,3.0000,200.0000,0.0000
1772265600000.0000,S13,-1.0000,2.0000,-1.0000,-7.6629,-0.4289,30.1366,34.6559,-32.5419,-16.3438,1.9461,2.3514,1.4847,-5.7557,-0.0733,-1.0000,8.0000,6.0000,215.0000,0.0000
1772467200000.0000,S13,1.0000,2.0000,1.0000,-6.7736,0.0887,69.7650,62.7916,-32.2559,-15.4256,2.2156,4.1651,2.5932,117.0226,120.2244,-1.0000,16.0000,1.0000,229.0000,1.0000
1772467200000.0000,S14,1.0000,3.0000,1.0000,-6.7736,0.0887,69.7650,62.7916,-32.2559,-15.4256,2.2156,4.1651,2.5932,117.0226,120.2244,-1.0000,16.0000,1.0000,229.0000,1.0000
1772625600000.0000,S14,1.0000,3.0000,1.0000,-5.3741,0.5805,70.4600,66.6282,-29.2590,-11.1000,2.2538,0.8301,2.5162,110.3147,117.8923,-1.0000,12.0000,3.0000,240.0000,0.0000
1772640000000.0000,S14,1.0000,3.0000,1.0000,-5.0691,0.8477,80.4875,72.7344,-29.2590,-11.1000,2.3100,2.4124,2.1724,121.6196,120.0597,-1.0000,16.0000,3.0000,241.0000,0.0000
1772654400000.0000,S14,1.0000,3.0000,1.0000,-4.7682,1.1222,78.6954,73.2288,-29.2590,-11.1000,2.2819,1.2932,1.5730,110.3619,101.3037,-1.0000,20.0000,3.0000,242.0000,0.0000
1772913600000.0000,S14,-1.0000,3.0000,-1.0000,-3.1764,-0.3069,24.3889,36.1529,-28.9787,-9.5968,1.7265,2.5264,0.7330,12.8763,-3.9524,-1.0000,20.0000,6.0000,260.0000,0.0000
1773014400000.0000,S14,-1.0000,3.0000,-1.0000,-3.3865,-0.4094,31.6803,32.5417,-30.8745,-11.0845,1.6570,0.7268,1.7216,13.2806,-6.3343,-1.0000,0.0000,1.0000,267.0000,0.0000
1773144000000.0000,S14,1.0000,3.0000,1.0000,-2.9089,0.3607,62.9833,63.3376,-28.1299,-7.1358,1.7207,0.7740,1.6085,105.2005,98.0288,-1.0000,12.0000,2.0000,276.0000,1.0000
1773158400000.0000,S14,1.0000,3.0000,1.0000,-2.7615,0.4816,64.6983,66.8028,-28.1299,-7.1358,1.8331,1.5906,1.6951,106.8005,98.5497,-1.0000,16.0000,2.0000,277.0000,1.0000
1773403200000.0000,S14,1.0000,3.0000,1.0000,-1.4281,0.5641,65.9804,67.1128,-25.3851,-2.6935,1.5546,0.6901,1.1149,116.3246,110.8713,-1.0000,12.0000,5.0000,294.0000,1.0000
1773676800000.0000,S12,1.0000,1.0000,1.0000,0.0834,0.7994,54.1131,66.8976,-22.4955,1.9459,1.4120,0.8557,1.5631,86.9966,71.0648,-1.0000,16.0000,1.0000,1.0000,0.0000
1773705600000.0000,S14,1.0000,3.0000,1.0000,0.3743,0.8698,69.6388,75.2940,-20.1326,5.1904,1.4053,1.0042,1.2135,102.4669,104.9073,-1.0000,0.0000,2.0000,3.0000,0.0000
1774137600000.0000,S13,-1.0000,2.0000,-1.0000,0.1442,-0.2608,22.0758,32.8019,-25.7382,-0.9282,1.4105,4.1131,1.5011,-35.5922,-8.1968,-1.0000,0.0000,0.0000,33.0000,0.0000
1774166400000.0000,S12,-1.0000,1.0000,-1.0000,-0.0154,-0.4097,28.7568,34.8341,-25.7382,-0.9282,1.4061,0.6487,0.5887,-4.3916,18.0342,-1.0000,8.0000,0.0000,1.0000,0.0000
1774180800000.0000,S14,-1.0000,3.0000,-1.0000,-0.1269,-0.5267,21.0786,31.0314,-25.7382,-0.9282,1.4097,1.0981,0.8615,-14.0051,-0.2511,-1.0000,12.0000,0.0000,2.0000,0.0000
1774224000000.0000,S14,-1.0000,3.0000,-1.0000,-0.4218,-0.6671,31.5885,32.2701,-26.7063,-2.1446,1.3980,0.9523,1.2468,1.5170,-4.6468,-1.0000,0.0000,1.0000,5.0000,0.0000
1774267200000.0000,S13,1.0000,2.0000,1.0000,-0.6048,-0.5604,65.0755,52.2098,-26.7063,-2.1446,1.6884,6.7082,3.0343,57.9484,63.8328,-1.0000,12.0000,1.0000,8.0000,0.0000
1775030400000.0000,S14,1.0000,3.0000,1.0000,-2.3693,-0.0245,60.6974,59.2870,-24.6337,-0.6024,1.5377,1.6563,1.4857,102.7539,102.7441,-1.0000,8.0000,3.0000,61.0000,1.0000
1775433600000.0000,S13,1.0000,2.0000,1.0000,-2.2986,0.0080,81.7374,68.7235,-22.7773,0.5638,1.0260,3.5613,2.1603,164.8209,169.6372,-1.0000,0.0000,1.0000,89.0000,1.0000
1775433600000.0000,S14,1.0000,3.0000,1.0000,-2.2986,0.0080,81.7374,68.7235,-22.7773,0.5638,1.0260,3.5613,2.1603,164.8209,169.6372,-1.0000,0.0000,1.0000,89.0000,1.0000
1775476800000.0000,S14,1.0000,3.0000,1.0000,-2.0160,0.3831,72.9101,72.6004,-22.7773,0.5638,1.0661,0.5624,2.0175,108.9109,99.7895,-1.0000,12.0000,1.0000,92.0000,1.0000
1775606400000.0000,S13,1.0000,2.0000,1.0000,-1.3487,0.3519,77.0947,74.7563,-19.1286,4.6807,1.4790,3.4611,3.2456,117.9545,141.4677,-1.0000,0.0000,3.0000,101.0000,1.0000
1775606400000.0000,S14,1.0000,3.0000,1.0000,-1.3487,0.3519,77.0947,74.7563,-19.1286,4.6807,1.4790,3.4611,3.2456,117.9545,141.4677,-1.0000,0.0000,3.0000,101.0000,1.0000
1775779200000.0000,S12,1.0000,1.0000,1.0000,0.0784,0.7089,53.0254,65.5054,-18.8802,4.2126,1.4606,1.0260,1.0141,73.3619,79.5988,-1.0000,0.0000,5.0000,1.0000,1.0000
1775937600000.0000,S14,1.0000,3.0000,1.0000,1.2583,0.7641,70.0344,71.8268,-17.3675,5.7350,1.1594,1.5898,0.8815,94.1471,103.3376,-1.0000,20.0000,6.0000,12.0000,0.0000
1775966400000.0000,S13,-1.0000,2.0000,-1.0000,1.3708,0.6484,31.8926,48.7157,-17.0935,5.6977,1.2808,1.5658,1.6310,32.2997,35.1986,-1.0000,4.0000,0.0000,14.0000,0.0000
1776110400000.0000,S13,1.0000,2.0000,1.0000,1.4679,0.2084,73.0130,64.0970,-19.5121,2.2845,1.2302,2.9590,2.6460,80.2626,84.4808,-1.0000,20.0000,1.0000,24.0000,1.0000
1776124800000.0000,S14,1.0000,3.0000,1.0000,1.5969,0.3908,75.4977,69.5312,-15.1616,7.3907,1.3060,1.4914,2.4517,101.3302,119.9764,-1.0000,0.0000,2.0000,25.0000,1.0000
1776441600000.0000,S13,1.0000,2.0000,1.0000,3.3815,0.7177,74.8205,73.7048,-13.7947,7.6025,1.3854,1.8043,3.3181,141.5672,149.5765,-1.0000,16.0000,5.0000,47.0000,0.0000
1776441600000.0000,S14,1.0000,3.0000,1.0000,3.3815,0.7177,74.8205,73.7048,-13.7947,7.6025,1.3854,1.8043,3.3181,141.5672,149.5765,-1.0000,16.0000,5.0000,47.0000,0.0000
1776873600000.0000,S14,1.0000,3.0000,1.0000,4.2953,0.7533,80.6770,69.7149,-11.3666,7.9406,1.3049,1.6124,1.9436,114.6307,120.6008,-1.0000,16.0000,3.0000,77.0000,0.0000
1777262400000.0000,S14,1.0000,3.0000,1.0000,4.7010,0.3917,70.0692,65.0077,-7.4624,9.8905,0.9047,0.8902,1.9974,118.2420,108.1939,-1.0000,4.0000,1.0000,104.0000,0.0000
1777276800000.0000,S13,-1.0000,2.0000,-1.0000,4.6723,0.3508,38.1693,48.7054,-7.4624,9.8905,1.0113,1.2579,2.1886,41.4719,23.9905,-1.0000,8.0000,1.0000,105.0000,1.0000
1777305600000.0000,S14,-1.0000,3.0000,-1.0000,4.5904,0.2406,29.5443,42.4993,-7.4624,9.8905,1.0777,2.5795,2.2165,-2.1534,-15.8517,-1.0000,16.0000,1.0000,107.0000,0.0000
1777377600000.0000,S14,-1.0000,3.0000,-1.0000,4.3022,-0.0717,30.7607,39.4989,-8.7379,7.7503,1.0494,1.8280,1.5825,-1.1697,-7.1636,-1.0000,12.0000,2.0000,112.0000,0.0000
1777392000000.0000,S14,-1.0000,3.0000,-1.0000,4.2184,-0.1102,32.5863,38.3936,-8.7379,7.7503,1.0472,0.9309,1.9463,1.7426,-1.9722,-1.0000,16.0000,2.0000,113.0000,0.0000
1777478400000.0000,S13,-1.0000,2.0000,-1.0000,3.8974,-0.0529,33.8657,40.4693,-9.7572,6.0841,1.1000,1.6530,2.1944,15.4419,9.9380,-1.0000,16.0000,3.0000,119.0000,0.0000
1777492800000.0000,S14,-1.0000,3.0000,-1.0000,3.8026,-0.0905,34.0592,38.2387,-9.7572,6.0841,1.1533,0.5534,1.5475,9.4497,-0.9149,-1.0000,20.0000,3.0000,120.0000,0.0000
1777651200000.0000,S14,1.0000,3.0000,1.0000,3.3525,0.1403,71.7242,64.9838,-9.3590,5.7372,1.0254,1.4357,2.6478,123.6604,124.7711,-1.0000,16.0000,5.0000,131.0000,1.0000
1777867200000.0000,S13,1.0000,2.0000,1.0000,3.6089,0.3911,74.7675,73.7380,-6.1445,8.1316,0.8928,1.8963,2.7675,121.4343,130.9014,-1.0000,4.0000,1.0000,146.0000,0.0000
1777867200000.0000,S14,1.0000,3.0000,1.0000,3.6089,0.3911,74.7675,73.7380,-6.1445,8.1316,0.8928,1.8963,2.7675,121.4343,130.9014,-1.0000,4.0000,1.0000,146.0000,0.0000
1778068800000.0000,S14,1.0000,3.0000,1.0000,4.4013,0.7247,71.7613,70.5493,-3.0410,10.9488,1.1005,1.9113,1.7334,94.4499,115.5586,-1.0000,12.0000,3.0000,160.0000,0.0000
1778457600000.0000,S14,1.0000,3.0000,1.0000,4.2482,0.3316,70.4868,68.8434,-0.6580,11.2121,0.8565,2.6083,2.4302,113.6975,121.1498,-1.0000,0.0000,1.0000,187.0000,0.0000