timestamp,setup_id,side,entry_price,longScore,shortScore,rsi15,rsi1h,stoch15,macdH15,distMA50_15,bbPos15,mom5_15,mom10_15,mom20_15,atrRatio15,volRatio15,distMA200_5,regime_code,hour,dow,label,ttr_bars,exit_reason
1682906400000,agg(9),LONG,28600.01,9,3,15.377,26.041,12.654,-75.655,-3.1260,-30.697,-2.7280,-3.0191,-2.8146,2.3233,5.0714,-2.6633,0,2,1,0,1440,TIMEOUT
1683149400000,aggS(9),SHORT,28904.53,3,9,67.031,52.258,80.421,34.903,1.3592,114.854,1.4629,1.4107,1.4820,2.2064,2.4742,1.4634,0,21,3,0,1440,TIMEOUT
1683382500000,agg(9),LONG,28659.7,9,3,14.228,33.908,22.464,-43.242,-2.0407,-23.794,-1.3847,-1.9074,-2.0707,3.8032,5.3567,-2.3928,0,14,6,0,1440,TIMEOUT
1683739800000,agg(9),LONG,27262.86,9,3,22.803,68.329,24.973,-89.990,-2.3085,-51.487,-3.7881,-3.3186,-2.0204,6.0608,6.2572,-1.8452,0,17,3,0,1440,TIMEOUT
1683919800000,agg(9),LONG,26010,9,3,22.915,32.698,22.561,-25.328,-1.5152,-50.627,-1.5076,-1.3118,-1.9977,4.2919,4.9440,-1.4493,0,19,5,0,1440,TIMEOUT
1685298600000,aggS(9),SHORT,27578.17,3,9,82.920,74.394,74.099,26.825,1.3905,137.377,1.2716,1.1928,1.4737,4.7318,7.2646,1.3953,0,18,0,0,1440,TIMEOUT
1686072600000,aggS(9),SHORT,26622.4,3,9,82.914,64.692,95.566,72.557,3.3910,107.534,2.1032,2.5964,4.5011,2.3716,2.7706,3.2096,0,17,2,0,1440,TIMEOUT
1686081600000,aggS(9),SHORT,27071.98,3,9,85.377,77.640,87.256,33.629,4.0422,92.205,1.3100,1.4221,4.0554,2.2452,2.4221,4.3002,0,20,2,0,1440,TIMEOUT
1686376800000,agg(9),LONG,25587.52,9,3,12.699,13.744,6.346,-75.951,-3.1092,3.858,-1.2496,-3.0779,-3.5598,1.5509,2.1386,-3.0744,0,6,6,0,1440,TIMEOUT
1686773700000,agg(9),LONG,25539.86,9,3,22.491,43.032,26.434,-27.283,-1.4125,-44.854,-1.2697,-1.4715,-1.6037,4.6733,5.5429,-1.5719,0,20,3,0,1440,TIMEOUT
1686775500000,agg(9),LONG,24927.8,9,3,14.276,43.032,21.842,-63.533,-2.5940,-32.304,-2.4655,-2.3659,-2.7479,3.8633,5.0521,-3.8652,0,20,3,0,1440,TIMEOUT
1686776400000,agg(9),LONG,25049.99,9,3,10.216,16.533,8.897,-95.320,-3.7778,-30.812,-3.6821,-3.6495,-4.0503,2.8443,4.1396,-3.3358,0,21,3,0,1440,TIMEOUT
1687284000000,aggS(10),SHORT,27830,3,10,86.903,80.282,87.129,80.235,3.3126,110.940,1.7796,3.7435,3.5156,3.6073,4.3452,3.4102,0,18,2,0,267,SL
1687310100000,aggS(10),SHORT,28829.65,3,10,86.666,83.132,78.936,13.233,4.2954,138.817,2.0207,2.4003,3.5709,4.0575,4.4689,4.9858,0,1,3,0,751,SL
1687361400000,aggS(9),SHORT,29954.73,3,9,78.933,82.281,97.904,75.466,3.3186,119.163,2.5887,3.5507,2.9936,2.1460,2.6551,3.8466,0,15,3,0,1440,TIMEOUT
1687365000000,aggS(10),SHORT,30643.04,3,10,84.286,85.031,94.131,112.381,5.4165,120.121,3.5765,4.5306,6.0281,3.5988,3.1416,5.8473,0,16,3,0,1440,TIMEOUT
1687445100000,agg(9),LONG,29727.64,9,3,33.436,62.684,25.408,-14.241,-1.4334,-23.623,-1.7013,-1.1262,-1.2781,4.1085,3.3839,-1.4075,0,14,4,0,1440,TIMEOUT
1687534200000,aggS(9),SHORT,30770.43,3,9,78.358,61.085,71.124,46.245,1.9234,136.935,1.9530,1.8053,2.0781,3.9444,5.4831,2.4161,0,15,5,0,1440,TIMEOUT
1687536000000,aggS(11),SHORT,31187.03,3,11,87.358,78.656,89.120,105.229,3.7343,130.870,3.5949,3.7496,3.8636,3.1911,4.0521,3.6969,0,16,5,0,1440,TIMEOUT
1687536900000,aggS(9),SHORT,31219.97,3,9,88.614,78.656,96.541,130.066,4.1087,118.367,3.6236,4.1476,4.2375,1.8437,2.6539,3.7384,0,16,5,0,1440,TIMEOUT
1687742100000,agg(9),LONG,30097.6,9,3,29.780,39.636,27.578,-17.415,-1.1337,-42.048,-0.9936,-1.1731,-1.0797,3.9874,5.7485,-1.4818,0,1,1,0,1440,TIMEOUT
1688132700000,agg(9),LONG,29829.99,9,3,29.723,67.208,27.575,-30.549,-1.4855,-36.092,-2.3927,-1.6452,-1.7555,6.1382,8.6880,-2.7929,0,13,5,0,1440,TIMEOUT
1689360300000,agg(10),LONG,30252.86,10,3,13.753,35.231,8.824,-103.067,-3.1445,-19.856,-2.4559,-3.3650,-3.2907,2.2604,4.5929,-3.0914,0,18,5,0,1440,TIMEOUT
1690192800000,agg(9),LONG,29256.01,9,3,12.657,24.131,20.461,-37.968,-2.2462,-55.581,-1.9904,-2.1070,-2.0675,7.8101,10.6808,-2.2161,0,10,1,0,1440,TIMEOUT
1692308700000,agg(10),LONG,25999.96,10,3,6.386,13.335,0.000,-167.387,-10.4916,-56.948,-9.4528,-9.8432,-10.1840,9.0391,6.7012,-8.1066,0,21,4,0,1440,TIMEOUT
1692378900000,agg(9),LONG,25762,9,3,29.767,23.703,18.500,-27.953,-2.2018,-10.048,-0.9282,-2.0049,-2.3906,2.1913,2.9680,-2.3679,0,17,5,0,1440,TIMEOUT
1693319400000,aggS(10),SHORT,27256.87,3,10,91.397,51.522,79.891,71.994,3.4599,155.829,3.6059,3.7554,3.7487,8.7498,12.5778,4.6090,0,14,2,0,1440,TIMEOUT
1693320300000,aggS(10),SHORT,27364.22,3,10,94.539,51.522,94.872,139.299,5.6331,141.394,5.8917,6.0735,6.0272,4.5040,7.6752,4.9379,0,14,2,0,1440,TIMEOUT
1693321200000,aggS(9),SHORT,27374.18,4,9,91.179,89.428,88.441,170.137,5.3065,116.142,5.4756,5.7838,5.7702,2.5467,4.0940,4.8928,0,15,2,0,1440,TIMEOUT
1693325700000,aggS(9),SHORT,27707.39,2,9,87.055,85.980,87.099,126.367,5.3112,88.115,0.5318,6.0365,6.2156,2.6291,1.4352,5.7605,0,16,2,0,1440,TIMEOUT
1693326600000,aggS(10),SHORT,27840.37,3,10,89.244,85.980,89.012,129.354,6.1916,91.788,1.7981,7.1244,7.3092,2.3870,2.9024,6.1633,0,16,2,0,1440,TIMEOUT
1693501200000,agg(9),LONG,26329.02,9,3,11.564,18.550,1.579,-86.696,-3.4118,-25.060,-2.5319,-3.3281,-3.9179,2.5261,2.7874,-3.1218,0,17,4,0,1440,TIMEOUT
1693516500000,agg(10),LONG,25958.98,10,3,21.740,19.057,29.915,-5.973,-3.4911,-5.444,-1.1035,-1.4618,-3.6232,2.5403,2.4074,-3.5888,0,21,4,0,1440,TIMEOUT
1694023200000,aggS(9),SHORT,25872.37,3,9,66.809,59.673,73.035,22.611,0.6045,119.709,1.0639,0.9930,0.5693,4.0275,4.1684,0.5674,0,18,3,0,1440,TIMEOUT
1694121300000,aggS(9),SHORT,26344.2,3,9,81.627,67.458,74.313,22.853,1.6374,143.792,1.3210,1.3061,1.6210,4.5061,6.1984,2.1524,0,21,4,0,1440,TIMEOUT
1694441700000,agg(9),LONG,25423.16,9,3,24.285,39.212,28.357,-15.802,-1.3887,-44.109,-1.3325,-0.9338,-1.6678,4.9627,6.8948,-1.3010,0,14,1,0,1440,TIMEOUT
1695238200000,agg(9),LONG,26908.72,9,3,29.501,52.813,28.544,-21.827,-0.6548,-39.824,-0.8608,-0.8042,-0.8526,3.1779,4.9737,-0.7574,0,19,3,0,1440,TIMEOUT
1697463000000,aggS(9),SHORT,29215.88,3,9,91.887,77.480,98.838,95.117,6.1243,157.355,5.6807,5.6194,5.4225,8.6518,9.5249,6.2280,0,13,1,0,1440,TIMEOUT
1698100200000,aggS(9),SHORT,32064.45,3,9,76.420,74.728,99.494,53.807,3.8361,110.527,2.2649,2.6417,4.1728,1.7977,2.4047,3.7662,0,22,1,0,2,SL
1698101100000,aggS(11),SHORT,33544.88,3,11,88.957,74.728,78.821,177.222,9.3443,144.766,7.6529,7.9619,9.5586,7.0136,5.5666,8.4521,0,22,1,0,1440,TIMEOUT
1698102000000,aggS(9),SHORT,33233.09,5,9,73.594,86.947,60.879,201.529,7.0586,106.569,5.3857,5.4396,7.5410,2.8622,3.4818,7.3152,0,23,1,0,1440,TIMEOUT
1698114600000,aggS(11),SHORT,34884.34,3,11,78.781,85.915,82.352,103.013,8.9219,95.918,3.5094,5.1992,10.2622,1.9664,2.1786,10.4565,0,2,2,0,1440,TIMEOUT
1698162300000,agg(9),LONG,33766.11,9,3,29.196,71.794,18.341,-115.930,-2.2514,-23.336,-2.2204,-2.5973,-2.7210,2.1849,3.8381,-1.1367,0,15,2,0,1440,TIMEOUT
1698932700000,agg(9),LONG,34982.41,9,3,29.335,59.322,29.269,-39.366,-1.3151,-37.047,-1.1395,-1.1176,-1.0562,3.9830,3.6590,-1.1435,0,13,4,0,1440,TIMEOUT
1699221600000,agg(9),LONG,34700.37,9,3,27.591,37.530,29.996,-37.085,-1.0470,-29.885,-1.1684,-1.2529,-0.8831,3.6475,4.5802,-0.9637,0,22,0,0,1440,TIMEOUT
1699497000000,aggS(9),SHORT,36487.02,3,9,71.204,66.487,81.119,36.639,2.1893,126.384,1.6134,2.0589,2.5209,3.0189,3.6150,2.7199,0,2,4,0,1440,TIMEOUT
1699548300000,agg(10),LONG,36436.49,10,3,32.766,61.887,28.378,-137.255,-1.5538,1.092,-2.7997,-3.5218,-1.2920,2.8507,2.0195,-0.6155,0,16,4,0,1440,TIMEOUT
1699988400000,agg(10),LONG,35179.92,10,3,19.778,24.148,26.589,-91.706,-3.1922,-23.769,-2.7118,-2.9177,-3.4881,4.0406,5.2770,-3.4225,0,19,2,0,1440,TIMEOUT
1700073000000,aggS(9),SHORT,36897.99,3,9,84.931,65.054,79.892,69.185,3.0135,120.020,2.1286,2.0359,2.9894,3.2649,4.9705,2.7643,1,18,3,0,1440,TIMEOUT
1700075700000,aggS(10),SHORT,37318,2,10,87.997,77.945,76.737,103.870,3.4738,101.481,2.5471,2.8824,3.6152,2.0032,2.6928,3.6901,1,19,3,0,1440,TIMEOUT
1700163000000,agg(9),LONG,35571.38,9,3,21.271,33.066,8.677,-41.335,-3.1312,-16.894,-1.5866,-2.1868,-2.1330,2.1792,2.3239,-4.0247,1,19,4,0,1440,TIMEOUT
1700489700000,agg(9),LONG,36964.13,9,3,32.978,53.836,26.494,-26.446,-0.8052,-25.601,-0.7249,-0.9853,-0.7305,3.7567,3.4330,-0.5850,1,14,1,0,1440,TIMEOUT
1700611200000,agg(10),LONG,35887.09,10,3,19.258,24.209,0.463,-106.869,-3.0285,-12.878,-1.9433,-3.2702,-3.0952,1.7398,2.0349,-2.9689,1,0,3,0,1440,TIMEOUT
1701544500000,aggS(9),SHORT,39071,3,9,85.714,63.195,71.743,45.074,1.6510,155.190,1.6159,1.7552,1.6263,7.3045,8.6261,0.7672,1,19,6,0,611,SL
1701796500000,aggS(9),SHORT,42958.64,3,9,82.751,72.506,88.125,90.366,3.0582,120.048,2.1380,2.4267,3.2823,3.0061,3.6357,2.6491,1,17,2,0,1440,TIMEOUT
1701797400000,aggS(11),SHORT,43626,4,11,87.436,72.506,88.270,137.938,4.3041,126.185,3.3821,3.6517,4.6017,3.8384,3.5409,4.1897,1,17,2,0,1440,TIMEOUT
1701941400000,agg(9),LONG,43155.48,9,3,16.333,43.606,19.730,-81.763,-1.8062,-31.176,-1.5645,-1.8465,-2.1808,4.0082,4.9739,-1.6628,1,9,4,0,1440,TIMEOUT
1702260900000,agg(10),LONG,42023.99,10,3,6.904,28.597,38.131,-154.968,-4.6300,-48.897,-4.3924,-4.6101,-5.1740,9.4185,7.7107,-3.9578,1,2,1,0,1440,TIMEOUT
1702319400000,agg(9),LONG,40833.76,9,3,15.703,19.594,6.285,-90.307,-3.0965,-24.832,-2.3162,-2.5952,-3.3553,2.2816,2.7102,-2.9320,1,18,1,0,1440,TIMEOUT
1702505700000,aggS(9),SHORT,43303.05,3,9,79.258,74.728,91.879,35.836,3.5392,105.478,1.1350,1.4646,3.3935,2.2602,2.1117,3.9000,1,22,3,0,1440,TIMEOUT
1702560600000,agg(9),LONG,41951.85,9,3,31.440,66.028,29.460,-49.094,-1.0515,-19.281,-1.6531,-1.2827,-1.2917,4.5482,2.9184,-2.1597,1,13,4,0,1440,TIMEOUT
1702951200000,aggS(9),SHORT,43224.09,3,9,80.730,74.132,92.292,15.648,3.1829,135.436,1.3059,1.6783,3.2020,2.6108,2.7640,3.6182,1,2,2,0,1440,TIMEOUT
1703082600000,aggS(9),SHORT,44089.66,3,9,80.391,72.453,91.665,108.342,2.9053,116.957,2.1132,2.8326,2.6284,2.9697,2.7797,3.2390,1,14,3,0,1440,TIMEOUT
1703085300000,aggS(9),SHORT,44119.59,2,9,76.748,73.544,99.357,106.782,3.1154,101.733,1.1487,3.1107,3.3127,2.0869,1.6332,3.1309,1,15,3,0,1440,TIMEOUT
1703612700000,agg(9),LONG,41878.23,9,3,25.045,29.942,28.708,-41.303,-1.5059,-10.399,-0.7241,-1.2377,-1.7725,3.4876,3.5634,-2.2256,1,17,2,0,1440,TIMEOUT
1704154500000,aggS(9),SHORT,44555.89,3,9,81.991,78.954,98.455,68.717,3.4297,125.516,2.5274,2.6362,3.3590,2.8105,3.3606,3.6162,1,0,2,0,1440,TIMEOUT
1704157200000,aggS(10),SHORT,45127.99,3,10,85.429,85.115,92.167,114.086,4.1080,110.922,2.2029,3.6459,3.5342,2.3892,2.2988,4.7013,1,1,2,0,1440,TIMEOUT
1704283200000,agg(10),LONG,42964.97,10,3,21.654,31.625,10.144,-147.273,-3.1715,-30.667,-3.0339,-3.6413,-3.5830,4.0034,4.1605,-4.7410,1,12,3,0,1440,TIMEOUT
1704284100000,agg(11),LONG,42058,11,3,11.972,31.625,23.624,-289.054,-7.1058,-43.593,-7.2638,-7.8010,-7.6765,6.6434,7.6347,-6.6577,1,12,3,0,1440,TIMEOUT
1704716100000,aggS(10),SHORT,44845.33,3,10,82.474,64.784,99.409,104.698,3.0099,135.543,2.3866,2.9222,2.5382,2.6436,6.1270,2.2053,1,12,1,0,893,SL
1704737700000,aggS(9),SHORT,45888.79,3,9,77.068,72.631,85.133,56.363,3.0959,123.616,2.1157,2.0196,1.8223,1.7679,3.6765,3.7039,1,18,1,0,1440,TIMEOUT
1704739500000,aggS(10),SHORT,46879.4,3,10,86.037,72.631,97.327,139.012,5.1355,132.131,3.5786,4.2664,4.2691,3.1638,3.1127,5.7588,1,18,1,1,1195,TP
1704837600000,agg(9),LONG,45474,9,3,34.792,38.070,21.430,-124.026,-2.5920,-14.538,-2.8367,-2.8002,-3.1201,1.7604,2.0978,-2.5803,1,22,2,0,868,SL
1704891600000,agg(9),LONG,44700.13,9,3,21.105,32.425,22.426,-71.136,-2.4150,-28.959,-1.7924,-2.2612,-2.3765,2.6725,3.4502,-2.5682,1,13,3,0,1440,TIMEOUT
1704908700000,aggS(9),SHORT,46105.99,3,9,66.173,44.761,98.703,108.991,1.6674,127.625,1.6741,2.4710,2.8148,2.1169,2.3288,1.0479,1,17,3,0,1440,TIMEOUT
1704928500000,aggS(9),SHORT,47632.4,2,9,68.737,60.120,99.333,121.142,3.8778,118.379,3.3431,4.4026,2.6293,1.2741,2.0541,4.2305,1,23,3,1,561,TP
1704984300000,aggS(10),SHORT,48883.99,4,10,80.707,63.351,98.551,111.396,4.1357,117.578,2.9361,3.2065,4.8252,3.1809,5.1363,4.9306,1,14,4,1,307,TP
1704985200000,aggS(10),SHORT,48254,3,10,81.083,73.211,81.952,135.203,4.1465,108.915,3.2593,3.0208,5.0867,2.1018,3.4959,3.4916,1,15,4,1,307,TP
1705073400000,agg(9),LONG,44805.73,9,3,28.454,37.356,19.922,-88.714,-2.1014,-15.553,-1.9536,-2.0167,-2.1020,2.1655,3.9457,-2.5871,1,15,5,0,1440,TIMEOUT
1705074300000,agg(9),LONG,44542.13,9,3,23.202,37.356,4.866,-123.685,-2.9391,-20.767,-2.9575,-2.8757,-3.1189,1.7980,2.5592,-3.1041,1,15,5,0,1440,TIMEOUT
1705077000000,agg(11),LONG,43886.99,11,3,19.101,27.295,14.487,-162.070,-3.6014,-3.856,-2.3234,-3.6183,-4.5417,1.8322,2.6176,-4.3399,1,16,5,0,1440,TIMEOUT
1705077900000,agg(10),LONG,43924.01,10,3,15.028,27.295,7.597,-193.273,-4.7044,-10.792,-3.0486,-4.9426,-5.4141,2.3622,2.4968,-4.1754,1,16,5,0,1440,TIMEOUT
1705097700000,agg(10),LONG,42466.01,10,3,27.973,25.489,19.530,-1.323,-4.6658,-37.486,-2.4919,-2.1744,-2.3573,3.3124,3.1482,-5.6171,1,22,5,0,1440,TIMEOUT
1705098600000,agg(10),LONG,42347.88,10,3,22.778,25.489,16.284,-78.566,-5.9781,-36.068,-4.3419,-3.6081,-3.5641,2.8611,3.2178,-5.7548,1,22,5,0,1440,TIMEOUT
1706002200000,agg(9),LONG,38976.79,9,3,15.574,31.504,0.321,-102.257,-2.3464,-17.211,-1.8747,-2.7322,-3.0727,2.0435,3.8215,-2.5387,0,9,2,0,1440,TIMEOUT
1706269500000,aggS(9),SHORT,41172.25,3,9,83.391,68.851,92.716,108.445,2.7548,115.304,2.3931,2.6390,2.9070,2.3530,3.1187,2.7245,0,11,5,0,1440,TIMEOUT
1706546700000,aggS(9),SHORT,43201.1,3,9,77.829,63.130,99.667,122.460,2.3369,121.127,2.6897,2.6814,2.2596,1.7260,2.0411,2.3671,0,16,1,0,1440,TIMEOUT
1706736600000,agg(9),LONG,42398.7,9,3,30.485,39.926,1.713,-141.697,-1.5564,-8.505,-1.4135,-2.7839,-2.6667,1.7152,2.0319,-1.3559,1,21,3,0,1440,TIMEOUT
1707480900000,aggS(9),SHORT,47390,3,9,83.696,78.487,79.146,55.404,2.7162,117.177,1.3710,1.7521,2.5316,2.8649,3.4742,3.1152,1,12,5,0,1403,SL
1707750900000,aggS(9),SHORT,48741.09,3,9,81.517,66.587,96.609,127.063,2.0528,126.235,2.3876,2.5340,2.3456,2.6307,5.7106,1.2190,1,15,1,0,855,SL
1707752700000,aggS(10),SHORT,49753.75,3,10,84.884,66.587,96.694,176.504,3.1574,121.017,3.1264,3.5737,3.4910,3.4430,4.5741,3.2530,1,15,1,0,1440,TIMEOUT
1707902100000,aggS(9),SHORT,51195,2,9,85.861,70.884,77.804,122.201,2.7396,125.551,2.2574,2.8163,2.8190,3.3531,5.7826,3.5595,1,9,3,0,1440,TIMEOUT
1707903000000,aggS(10),SHORT,51211.11,3,10,87.994,70.884,93.201,160.348,3.2481,119.179,3.0012,3.2571,3.7729,1.6430,2.6048,3.5101,1,9,3,0,1440,TIMEOUT
1707903900000,aggS(9),SHORT,51635.39,2,9,89.033,70.884,92.321,185.186,3.5141,111.278,3.3100,3.5472,4.1834,1.7594,2.6788,4.2788,1,9,3,0,1440,TIMEOUT
1708961400000,aggS(9),SHORT,52585.54,3,9,81.095,57.960,95.003,115.366,1.9112,130.470,2.0534,2.1801,2.2287,3.0652,5.0589,2.2492,1,15,1,0,127,SL
1708963200000,aggS(9),SHORT,52877.63,3,9,85.961,75.328,99.682,172.683,2.7712,116.562,2.5546,2.7839,3.2670,1.7789,2.4802,2.7629,1,16,1,0,246,SL
1708964100000,aggS(10),SHORT,53293.8,3,10,89.878,75.328,94.432,223.144,3.9873,121.570,3.5259,4.3097,4.5964,3.7644,5.2277,3.5256,1,16,1,0,331,SL
1708999200000,aggS(9),SHORT,55660.98,3,9,81.522,86.935,98.001,27.149,3.7572,145.206,2.3941,2.2272,2.4249,2.9373,4.4609,4.8791,1,2,2,0,424,SL
1709000100000,aggS(10),SHORT,56352.48,3,10,85.560,86.935,72.718,98.516,4.6519,135.790,3.2998,3.4777,3.4236,4.2547,5.9314,6.0287,1,2,2,0,440,SL
1709107200000,aggS(9),SHORT,58567.51,3,9,85.552,73.808,89.718,101.896,2.1055,132.459,1.9449,1.9374,2.3118,3.0503,5.1151,2.7304,1,8,3,0,110,SL
1709109900000,aggS(9),SHORT,58950,2,9,90.034,73.808,93.864,176.511,3.0095,110.008,2.4571,3.1266,3.3751,1.8636,2.0422,3.2693,1,8,3,0,101,SL
1709110800000,aggS(10),SHORT,59223.99,3,10,92.681,80.521,98.379,216.330,3.9884,115.800,2.7757,4.0561,4.4487,2.4730,3.3884,3.6750,1,9,3,0,99,SL
1709127000000,aggS(10),SHORT,60463.99,3,10,79.199,74.067,76.696,18.891,3.8495,132.638,1.8378,1.6839,2.8371,3.2966,3.2463,4.7255,1,13,3,0,1382,SL
1709140500000,aggS(10),SHORT,63153.17,3,10,88.297,85.949,95.414,197.794,7.4114,121.069,4.4679,5.5237,7.6275,3.0353,2.5438,7.6427,1,17,3,0,1440,TIMEOUT
1709187300000,aggS(9),SHORT,63366.49,3,9,71.329,67.762,96.051,116.925,2.9849,119.376,1.2108,2.8832,3.4520,1.8374,2.6862,3.3788,1,6,4,0,1355,SL
1709225100000,agg(9),LONG,62031.1,9,3,37.562,63.579,17.474,-110.952,-1.3194,-15.407,-2.1014,-1.9864,-1.6747,2.0909,2.0820,-0.5630,1,16,4,1,1228,TP
1709228700000,agg(10),LONG,60743.42,10,3,30.595,55.543,12.647,-187.832,-2.6989,-19.248,-2.0295,-2.6366,-2.5820,2.2794,2.7242,-2.6454,1,17,4,1,1146,TP
1709541900000,aggS(10),SHORT,65177.99,3,10,80.317,71.276,98.109,173.921,3.1144,122.823,2.6772,3.0814,2.9756,2.1336,3.5100,3.0692,1,8,1,0,1440,TIMEOUT
1709615700000,agg(9),LONG,66528.56,9,3,33.355,62.200,40.487,-190.382,-1.4806,-33.286,-2.3025,-2.3971,-2.4777,3.8502,3.8022,-0.8490,1,5,2,0,176,SL
1709655300000,agg(10),LONG,65074.83,10,3,31.792,49.986,18.969,-205.504,-2.5294,-15.323,-4.8392,-3.5914,-1.9837,3.2365,3.4065,-3.3875,1,16,2,0,44,SL
1709658900000,agg(11),LONG,64321.84,11,3,29.913,42.501,14.734,-361.510,-3.9864,-9.704,-3.8534,-6.0868,-4.2216,2.4306,2.3895,-4.2542,1,17,2,0,32,SL
1709667900000,agg(10),LONG,62117.3,10,2,25.946,35.488,16.533,-266.321,-5.9952,3.445,-3.4990,-2.9128,-8.8222,1.9029,1.6125,-6.6970,1,19,2,1,802,TP
1709668800000,agg(10),LONG,62433.48,10,3,22.578,27.132,34.321,-335.174,-7.2287,-4.780,-4.7908,-4.6615,-10.6235,3.1851,2.3513,-6.0911,1,20,2,1,805,TP
1709702100000,aggS(9),SHORT,65336.27,4,9,68.243,49.252,97.075,235.468,2.7891,129.798,3.2948,3.0518,2.6500,2.0709,2.8206,1.3247,1,5,3,0,1440,TIMEOUT
1709703000000,aggS(9),SHORT,65588,2,9,70.856,49.252,96.656,303.533,3.4286,121.998,3.5618,4.7211,2.7156,1.2718,2.2892,1.7523,1,5,3,0,1440,TIMEOUT
1709910900000,aggS(9),SHORT,68806.79,3,9,79.634,67.136,99.461,116.221,2.1215,120.312,1.5065,1.9541,2.3872,1.7177,2.1944,2.3034,1,15,5,0,1440,TIMEOUT
1709911800000,aggS(10),SHORT,68411.86,3,10,85.266,67.136,98.938,173.414,3.1154,128.186,2.5948,3.0473,3.3755,2.9776,4.2581,1.6737,1,15,5,0,1440,TIMEOUT
1710141300000,aggS(9),SHORT,70353.17,3,9,79.847,56.859,97.451,168.015,2.4323,147.957,2.7669,2.7135,2.8150,3.6808,9.2169,2.0880,1,7,1,0,1440,TIMEOUT
1710143100000,aggS(9),SHORT,71213.84,2,9,81.721,56.859,79.874,259.847,2.7493,111.847,2.9881,2.8834,3.4551,1.9175,4.0407,3.2667,1,7,1,0,1440,TIMEOUT
1710261000000,agg(10),LONG,70664.8,10,3,31.556,49.751,16.706,-114.081,-1.7808,-36.289,-1.8585,-2.3333,-2.0205,2.6251,2.3387,-1.8010,1,16,2,0,1233,SL
1710263700000,agg(9),LONG,69527.16,9,3,25.176,36.845,8.225,-215.055,-2.7183,-15.320,-2.5972,-2.7626,-2.9037,1.9336,2.2557,-3.2707,1,17,2,0,1440,TIMEOUT
1710264600000,agg(11),LONG,69804.03,11,3,21.425,36.845,14.465,-266.259,-3.4670,-15.787,-3.0819,-3.3663,-3.3147,2.1672,2.5188,-2.8287,1,17,2,0,1440,TIMEOUT
1710338400000,agg(10),LONG,72501.22,10,3,32.930,49.506,29.734,-141.481,-0.6790,-16.160,-0.7592,-1.4347,-1.7020,2.7728,2.7017,0.2646,1,14,3,0,449,SL
1710424800000,agg(9),LONG,72033.38,9,2,26.794,36.090,27.591,-101.131,-1.6247,-12.159,-1.0914,-1.3763,-1.9589,2.4191,3.6135,-1.3820,1,14,4,0,229,SL
1710445500000,agg(11),LONG,69404.52,11,3,22.774,26.865,14.985,-109.612,-4.1914,-13.844,-2.2776,-3.1638,-3.9062,1.7060,2.4780,-4.0392,1,19,4,0,1290,SL
1710470700000,agg(9),LONG,69360,9,3,29.411,48.172,10.453,-184.960,-1.9044,-35.403,-3.0891,-2.3816,-1.8346,2.7982,3.6134,-2.9506,1,2,5,0,1206,SL
1710471600000,agg(10),LONG,69344.24,10,3,25.214,32.606,23.426,-285.674,-2.7252,-28.295,-3.9842,-4.2359,-2.9114,2.9701,4.9871,-2.8865,1,3,5,0,1203,SL
1710473400000,agg(11),LONG,68067.29,11,3,18.858,32.606,12.940,-445.829,-4.7887,-24.337,-5.6794,-6.2172,-5.7386,3.6205,3.9756,-4.4941,1,3,5,0,1245,SL
1710474300000,agg(9),LONG,68704.87,9,4,30.038,32.606,27.655,-441.199,-3.5008,1.610,-3.4077,-5.1757,-4.3629,1.5660,2.1561,-3.5044,1,3,5,0,1214,SL
1710477900000,agg(9),LONG,67508,9,2,25.338,29.409,5.530,-350.059,-5.0121,4.086,-0.6574,-6.2994,-6.4761,1.6602,1.3484,-4.8027,1,4,5,0,1372,SL
1710494100000,agg(10),LONG,66917.11,10,3,28.665,30.636,16.803,-73.200,-4.9857,-15.835,-3.3607,-3.5859,-3.4196,2.5038,3.1717,-4.2078,1,9,5,0,1322,SL
1710529200000,aggS(10),SHORT,70337.85,3,10,72.684,55.931,91.105,172.628,3.2882,136.980,3.0494,3.2836,2.5699,2.4263,3.3876,3.3385,1,19,5,1,1030,TP
1710588600000,agg(9),LONG,68099.01,9,3,23.010,44.096,4.151,-117.088,-1.7572,-15.543,-1.1662,-1.5970,-1.6026,2.1774,2.4299,-1.3512,1,11,6,0,860,SL
1710631800000,agg(9),LONG,65568,9,4,26.457,33.191,20.663,-105.305,-3.1514,-4.942,-1.2446,-2.6504,-2.4481,2.2172,3.1030,-3.4138,1,23,6,0,1440,TIMEOUT
1710658800000,agg(9),LONG,65330.59,9,3,28.323,31.376,1.282,-102.918,-2.0331,-38.658,-1.7917,-2.1508,-1.8340,2.0016,2.8148,-2.1127,1,7,0,0,1440,TIMEOUT
1710811800000,agg(9),LONG,66008.33,9,3,30.031,44.129,12.325,-125.559,-1.4969,-24.918,-2.2346,-1.9509,-1.2542,2.1510,2.4880,-2.3178,1,1,2,0,1440,TIMEOUT
1710832500000,agg(9),LONG,64158.99,9,3,27.775,28.061,2.207,-41.712,-3.7920,-15.403,-1.9294,-2.2058,-3.1790,1.9845,2.3909,-3.7777,1,7,2,0,1440,TIMEOUT
1710890100000,agg(9),LONG,62103.95,9,3,24.808,33.594,1.764,-230.538,-2.8737,-10.690,-3.1461,-2.9153,-3.7485,1.8035,2.4524,-2.6884,1,23,2,0,1440,TIMEOUT
1710961200000,aggS(9),SHORT,65337.15,2,9,68.209,60.789,98.403,135.812,3.0791,111.138,2.0036,4.4419,2.8394,1.6681,1.2412,3.5519,1,19,3,0,1417,SL
1711108800000,agg(9),LONG,64221.51,9,3,22.121,33.544,7.527,-138.258,-2.2838,2.046,-0.9714,-2.5837,-3.3322,2.0794,2.1968,-2.1965,1,12,5,1,925,TP
1711116000000,agg(10),LONG,63416.07,10,3,19.200,26.519,10.962,-124.890,-3.6967,-8.979,-2.3188,-2.7369,-4.2516,2.0342,2.9850,-3.2103,1,14,5,1,876,TP
1711143900000,agg(9),LONG,62870.37,9,3,30.316,38.620,22.748,-51.764,-1.9012,-23.616,-1.4085,-1.3297,-0.7213,2.0941,2.5507,-2.5305,1,21,5,1,775,TP
1711238400000,agg(9),LONG,64166.11,9,3,22.926,41.263,9.590,-100.638,-1.5024,-22.362,-1.3657,-1.3601,-2.1169,2.3016,2.6304,-1.0606,1,0,0,1,493,TP
1711376100000,aggS(9),SHORT,68813.53,3,9,78.476,69.039,89.341,144.112,2.2397,137.552,2.2400,2.7144,2.6925,3.2999,6.0782,2.6866,1,14,1,0,1440,TIMEOUT
1711377000000,aggS(10),SHORT,69180,3,10,82.608,69.039,89.503,217.988,3.0317,129.701,3.3013,3.5286,3.4595,2.3120,4.8926,3.1712,1,14,1,0,1440,TIMEOUT
1711463400000,agg(9),LONG,69496,9,3,26.809,55.811,1.296,-123.936,-1.4850,-35.070,-1.7863,-1.5657,-2.0324,2.2679,2.5893,-1.4512,1,14,2,0,1440,TIMEOUT
1711546200000,aggS(9),SHORT,71258,3,9,78.374,51.565,98.549,152.788,2.0211,128.565,2.0298,2.2050,2.6031,1.8804,3.2934,1.5206,1,13,3,0,1440,TIMEOUT
1711727100000,agg(9),LONG,69421.73,9,3,29.561,45.910,23.171,-63.634,-1.0790,-28.798,-1.4347,-0.9928,-0.6476,3.2755,4.1397,-1.2627,1,15,5,0,1440,TIMEOUT
1711951200000,agg(9),LONG,69326.01,9,3,12.343,28.085,8.802,-120.574,-2.2916,-41.116,-1.8790,-2.0376,-2.7903,5.0590,8.5505,-1.9849,1,6,1,0,1440,TIMEOUT
1711984500000,agg(9),LONG,68514,9,3,24.361,33.483,16.113,-107.356,-1.8444,-22.197,-2.0169,-1.8163,-1.4371,2.7646,4.3509,-2.2422,1,15,1,0,1440,TIMEOUT
1712025000000,agg(9),LONG,68208.02,9,3,29.020,46.386,0.753,-106.805,-1.0808,-35.736,-1.5233,-1.7258,-1.8496,2.9085,2.8770,-1.5940,1,2,2,0,1440,TIMEOUT
1712025900000,agg(11),LONG,66909.99,11,3,16.152,46.386,17.956,-245.750,-3.5292,-47.420,-3.8687,-4.1408,-4.3099,5.6801,9.7898,-3.4193,1,2,2,0,1440,TIMEOUT
1712057400000,agg(9),LONG,65512,9,3,23.354,23.475,3.248,-26.630,-3.1080,-14.983,-1.1639,-1.5459,-2.4492,1.7328,2.0241,-3.4956,1,11,2,0,1440,TIMEOUT
1712254500000,aggS(9),SHORT,68918.9,2,9,83.592,79.735,78.195,70.160,3.0531,116.462,1.6105,1.8173,2.8113,1.8566,2.3909,3.5750,1,18,4,0,1440,TIMEOUT
1712295000000,agg(9),LONG,66681.97,9,3,26.798,52.687,16.501,-103.949,-2.0678,-25.818,-1.9673,-1.3698,-2.2662,3.2726,4.0298,-1.8523,1,5,5,0,1440,TIMEOUT
1712564100000,aggS(9),SHORT,71232.45,3,9,85.503,71.313,100.000,162.057,2.6244,124.232,2.2105,2.3458,2.9868,2.7404,4.4205,2.4359,1,8,1,0,1440,TIMEOUT
1712566800000,aggS(10),SHORT,71923.64,3,10,86.265,79.727,94.432,205.614,3.3346,110.424,1.8644,3.1330,3.6123,3.1992,4.6293,3.3165,1,9,1,0,1440,TIMEOUT
1712568600000,aggS(10),SHORT,72270.03,3,10,88.303,79.727,90.653,228.890,3.7400,102.503,1.4509,3.6935,4.3420,2.3213,2.4320,3.7276,1,9,1,0,1440,TIMEOUT
1712673900000,agg(9),LONG,68850.6,9,3,27.376,34.321,14.088,-113.674,-2.2079,-32.476,-2.0588,-2.1609,-1.8681,2.9073,5.1512,-2.9695,1,14,2,0,1216,SL
1712675700000,agg(10),LONG,69165.97,10,3,27.033,28.808,14.455,-166.757,-2.4966,-14.145,-1.4872,-2.7104,-2.0865,1.8848,2.0850,-2.4166,1,15,2,0,1209,SL
1712753100000,agg(9),LONG,67928.62,9,3,22.254,41.993,24.327,-63.728,-1.6191,-49.145,-1.6074,-1.4161,-2.1052,4.5666,7.7255,-1.6742,1,12,3,0,952,SL
1712943000000,agg(11),LONG,67815.99,11,3,17.583,30.344,16.172,-128.134,-3.4233,-11.693,-1.8283,-2.0182,-4.2069,3.1998,2.8655,-3.6542,1,17,5,0,319,SL
1712946600000,agg(9),LONG,66560,9,2,21.420,25.283,7.934,-105.649,-3.4493,0.074,-1.3817,-2.4844,-3.5975,1.5194,1.0502,-5.2634,1,18,5,0,307,SL
1712947500000,agg(10),LONG,66391.99,10,3,15.312,25.283,31.527,-172.310,-4.8711,-17.508,-1.9522,-3.7448,-4.6714,4.5882,5.2114,-5.4239,1,18,5,0,304,SL
1713038400000,agg(11),LONG,64119.33,11,3,18.875,26.125,27.102,-156.541,-3.7222,-40.813,-3.5089,-2.9956,-4.1024,6.1921,7.8154,-4.7535,1,20,6,0,1440,TIMEOUT
1713039300000,agg(11),LONG,62129.71,11,3,11.617,26.125,27.363,-371.988,-6.9227,-41.930,-6.8695,-6.6132,-7.2979,5.5242,7.9070,-7.6267,1,20,6,0,1440,TIMEOUT
1713040200000,agg(11),LONG,62513,11,3,10.734,26.125,21.202,-513.688,-7.4384,-22.582,-7.3521,-6.9434,-8.5242,1.8636,3.7314,-6.9582,1,20,6,0,1440,TIMEOUT
1713042000000,agg(10),LONG,62475.08,10,2,15.067,17.113,17.552,-577.016,-7.5740,-3.301,-7.4489,-7.5652,-8.6589,1.4828,2.2505,-6.8043,1,21,6,0,1440,TIMEOUT
1713115800000,agg(9),LONG,63725.47,9,3,31.999,46.126,24.833,-76.467,-1.8861,-24.569,-1.9212,-1.2588,-1.7397,2.9161,3.4261,-0.5956,0,17,0,0,1440,TIMEOUT
1713190500000,agg(9),LONG,65497,9,3,31.769,54.386,1.730,-106.469,-0.9781,-23.774,-1.2460,-1.2039,-1.5885,2.1914,2.1890,-0.2970,0,14,1,0,591,SL
1713192300000,agg(9),LONG,64433.27,9,3,29.408,54.386,8.721,-157.312,-1.5144,-17.801,-1.9680,-1.9403,-2.7940,1.9154,2.2528,-1.9840,0,14,1,0,1440,TIMEOUT
1713193200000,agg(9),LONG,64344.95,9,3,23.716,39.947,2.314,-210.487,-2.4163,-23.523,-3.0104,-2.7064,-3.5194,1.7583,3.3773,-2.1045,0,15,1,0,1440,TIMEOUT
1713364200000,agg(9),LONG,60932.88,9,3,26.173,41.083,21.521,-57.954,-2.9240,-16.417,-1.1601,-1.7611,-3.1671,2.7550,4.8672,-4.0039,0,14,3,0,1440,TIMEOUT
1713366900000,agg(9),LONG,60868,9,2,24.991,29.833,2.723,-132.589,-3.7731,-14.923,-2.9263,-2.3414,-3.3318,1.5586,1.8094,-3.9311,0,15,3,0,1440,TIMEOUT
1713367800000,agg(9),LONG,60193.36,9,3,22.437,29.833,0.000,-172.620,-4.2705,-13.018,-2.7240,-3.0401,-4.0342,1.3211,2.2865,-4.9297,0,15,3,1,1322,TP
1713438900000,aggS(9),SHORT,62684.17,3,9,69.182,50.432,95.864,104.209,1.4656,125.367,1.2476,1.6198,1.9231,2.2081,3.5681,2.0242,0,11,4,0,1440,TIMEOUT
1713439800000,aggS(9),SHORT,62797.76,3,9,74.964,50.432,93.709,157.127,2.2824,127.183,2.2609,2.6043,2.9102,2.0913,4.2977,2.1803,0,11,4,0,1440,TIMEOUT
1713489300000,agg(9),LONG,62144,9,3,28.387,49.989,0.596,-143.843,-1.7782,-30.136,-2.1051,-2.2066,-2.0741,2.0388,3.7649,-1.2227,0,1,5,0,1440,TIMEOUT
1713491100000,agg(10),LONG,61202,10,3,19.054,49.989,4.226,-239.456,-3.4635,-29.359,-3.0667,-4.0772,-3.8932,3.1778,5.5110,-2.7336,0,1,5,0,1440,TIMEOUT
1713492000000,agg(10),LONG,61157.13,10,3,18.932,35.781,13.229,-272.284,-3.4521,-12.366,-3.1941,-3.8834,-3.8887,1.7880,3.6903,-2.7959,0,2,5,0,1440,TIMEOUT
1713493800000,agg(10),LONG,60188.15,10,3,12.663,35.781,0.000,-360.756,-5.4332,-15.442,-3.9511,-5.9730,-5.8378,2.3002,4.5139,-4.2907,0,2,5,1,902,TP
1713510000000,aggS(11),SHORT,64876.74,3,11,72.032,63.499,90.027,282.325,3.1460,115.337,3.9856,3.9785,5.9034,2.2431,3.3249,3.2591,0,7,5,0,1440,TIMEOUT
1713969900000,agg(9),LONG,65249.01,9,3,15.818,40.731,8.763,-130.891,-2.3903,-31.532,-1.7022,-2.5288,-2.1881,2.4940,4.8356,-1.9043,0,14,3,0,1440,TIMEOUT
1714181400000,agg(9),LONG,62730,9,3,24.736,35.836,13.444,-114.909,-1.8774,-20.785,-2.0162,-1.8902,-2.0345,3.0990,4.6425,-1.9136,0,1,6,0,1223,SL
1714466700000,agg(9),LONG,62118,9,3,21.078,48.249,2.908,-106.308,-2.0451,-31.443,-1.8445,-1.6809,-2.2421,2.6051,5.6608,-1.9553,0,8,2,0,274,SL
1714507200000,agg(9),LONG,59846.21,9,3,26.905,23.089,7.351,-28.396,-3.0090,-24.141,-1.5476,-1.8871,-3.1918,2.4886,3.0648,-3.0648,0,20,2,0,1440,TIMEOUT
1714547700000,agg(10),LONG,58398.95,10,3,21.350,33.845,20.159,-120.631,-2.6619,-42.058,-2.5545,-2.9296,-1.8023,4.5573,8.4754,-3.0910,0,7,3,1,908,TP
1714548600000,agg(11),LONG,57576.07,11,3,17.673,33.845,17.233,-192.566,-3.4530,-30.961,-3.2274,-3.7989,-2.9266,2.9381,5.7425,-4.3829,0,7,3,1,791,TP
1714549500000,agg(10),LONG,57701.72,10,2,16.077,33.845,18.998,-243.949,-3.8449,-18.719,-3.3770,-4.0713,-3.5164,2.4141,4.8444,-4.0849,0,7,3,1,788,TP
1714551300000,agg(9),LONG,56972,9,1,14.204,22.683,10.415,-287.274,-4.2873,-3.171,-3.6664,-4.4986,-4.5102,1.2997,3.5732,-5.1316,0,8,3,1,721,TP
1714552200000,agg(11),LONG,57025.9,11,3,12.719,22.683,12.352,-297.482,-4.7614,-1.183,-2.5566,-5.0458,-4.9796,1.6449,3.2657,-4.9523,0,8,3,1,718,TP
1714589100000,aggS(9),SHORT,58688.57,4,9,68.888,34.826,98.904,192.912,1.9058,129.399,2.6812,2.9779,2.0686,2.2381,3.0715,0.7941,0,18,3,0,656,SL
1714590000000,aggS(9),SHORT,58837.47,2,9,70.757,49.886,80.513,234.693,2.2750,117.498,2.9984,2.7232,2.8144,1.9067,3.2562,1.0684,0,19,3,0,653,SL
1714742100000,aggS(9),SHORT,61019.64,3,9,79.014,67.731,94.266,205.438,2.7910,124.095,3.1294,3.6089,3.1988,2.3127,4.1567,2.7540,0,13,5,0,1440,TIMEOUT
1714743900000,aggS(9),SHORT,61668.13,2,9,81.811,67.731,90.134,267.282,3.3028,107.996,4.0144,4.3311,3.6681,1.8765,2.7472,3.7154,0,13,5,0,1440,TIMEOUT
1714768200000,aggS(9),SHORT,62761.12,3,9,75.854,75.996,91.463,2.539,3.2310,140.053,1.8028,1.5509,2.2522,2.5284,3.8352,3.8148,0,20,5,0,1440,TIMEOUT
1715268600000,aggS(9),SHORT,62106.33,3,9,70.067,47.666,93.698,100.110,1.3081,120.169,1.4091,1.1053,1.9306,2.1336,2.2883,1.1742,0,15,4,0,1440,TIMEOUT
1715352300000,agg(9),LONG,61501.23,9,4,24.903,56.658,4.776,-128.898,-1.7855,-29.631,-1.5925,-2.3075,-2.1675,3.8857,4.5321,-2.2761,0,14,5,0,1440,TIMEOUT
1715353200000,agg(10),LONG,61138.6,10,3,18.277,30.809,13.453,-196.429,-2.9177,-32.709,-2.9438,-3.4563,-3.2682,3.1375,6.5356,-2.8195,0,15,5,0,1440,TIMEOUT
1715587200000,aggS(9),SHORT,62440,3,9,78.043,68.666,93.001,131.935,1.6887,123.866,1.3937,2.3265,2.1134,3.3041,3.5057,1.8022,0,8,1,0,1242,SL
1715777100000,aggS(9),SHORT,63783.99,3,9,79.054,61.289,76.016,60.950,2.5195,130.310,1.9342,1.8425,2.4564,5.1021,8.3731,2.9165,0,12,3,0,1440,TIMEOUT
1715779800000,aggS(10),SHORT,64313.97,3,10,83.747,76.915,98.934,159.812,3.3216,113.581,2.8382,2.6092,3.5255,2.0139,2.0324,3.6082,0,13,3,0,1440,TIMEOUT
1715780700000,aggS(9),SHORT,64381.54,2,9,84.063,76.915,87.322,176.544,3.3058,104.323,2.7050,2.7357,3.6222,1.5721,2.7340,3.6481,0,13,3,0,1440,TIMEOUT
1716223500000,aggS(9),SHORT,68143.22,3,9,78.526,61.287,98.936,115.591,1.8048,126.397,1.4870,2.1241,1.7382,2.3481,3.2320,1.8506,1,16,1,0,1440,TIMEOUT
1716234300000,aggS(10),SHORT,69767.3,3,10,87.990,75.361,90.831,120.068,3.4130,106.456,1.8317,1.9610,4.3560,2.3655,3.1037,3.6853,1,19,1,0,1440,TIMEOUT
1716247800000,aggS(9),SHORT,71204.98,3,9,81.306,72.516,97.379,78.511,4.6347,131.164,2.4958,2.7799,4.3007,3.2297,2.5359,4.8671,1,23,1,0,1440,TIMEOUT
1716471900000,agg(9),LONG,68166.89,9,3,24.384,45.505,13.763,-105.469,-1.1595,-30.357,-1.7065,-1.3581,-1.2424,3.0827,3.3976,-1.9315,1,13,4,0,1440,TIMEOUT
1716472800000,agg(9),LONG,67927.99,9,3,16.716,29.378,13.435,-173.931,-2.1782,-35.764,-2.5771,-2.7064,-2.3704,3.1662,4.7915,-2.2536,1,14,4,0,1440,TIMEOUT
1716495300000,agg(9),LONG,67364.02,9,3,28.841,26.269,25.208,-4.004,-2.7547,-1.242,-0.9277,-1.6894,-1.9970,2.4510,4.8794,-2.1914,1,20,4,0,1440,TIMEOUT
1716822900000,aggS(9),SHORT,69984,3,9,83.550,65.076,98.892,121.721,1.6847,121.914,1.3977,1.8290,1.9056,2.0078,3.3359,1.8236,1,15,1,0,1440,TIMEOUT
1716824700000,aggS(9),SHORT,70256,3,9,83.693,65.076,92.169,158.813,2.2632,115.277,1.8249,2.1244,2.6707,2.9003,3.4067,2.1550,1,15,1,0,1440,TIMEOUT
1716867900000,agg(9),LONG,67870,9,3,18.006,42.061,4.732,-118.277,-2.5006,-11.594,-1.3158,-2.3093,-2.5789,2.1876,2.6145,-2.1941,1,3,2,0,1440,TIMEOUT
1717166700000,agg(9),LONG,67466.27,9,3,28.066,45.196,0.218,-112.655,-1.4296,-15.518,-1.9673,-1.5053,-0.9237,1.8984,2.3484,-1.3010,1,14,5,0,1440,TIMEOUT
1717172100000,agg(9),LONG,66721.35,9,3,25.679,33.221,0.000,-128.367,-1.9912,0.213,-1.0026,-2.3312,-2.3192,1.8807,2.3303,-2.2584,1,16,5,0,1440,TIMEOUT
1717783200000,agg(9),LONG,69111,9,3,22.144,30.619,0.185,-141.231,-1.9604,-20.513,-1.7418,-1.8080,-2.0082,2.1296,2.3531,-2.8471,1,18,5,0,1440,TIMEOUT
1717784100000,agg(10),LONG,68889.53,10,3,14.330,30.619,7.362,-227.857,-3.5069,-33.224,-3.1373,-3.2349,-3.5707,4.1372,7.4257,-3.1239,1,18,5,0,1440,TIMEOUT
1718073000000,agg(9),LONG,68046.43,9,3,14.985,30.382,15.147,-125.324,-2.0641,-28.322,-1.9324,-1.9902,-2.0122,2.8971,6.5301,-2.1598,1,2,2,0,1440,TIMEOUT
1718196300000,aggS(9),SHORT,69160,3,9,85.028,54.634,97.002,105.865,2.8215,145.985,2.3562,2.2242,3.0115,6.1119,9.3860,2.5016,1,12,3,0,1440,TIMEOUT
1718222400000,agg(9),LONG,67514.84,9,3,25.732,42.315,10.830,-258.139,-1.6701,-22.105,-2.4026,-3.0495,-3.4700,2.1528,3.3720,-1.2404,1,20,3,0,1440,TIMEOUT
1718293500000,agg(9),LONG,66605.3,9,3,29.369,42.196,4.495,-111.259,-1.4050,-20.661,-1.0047,-1.7581,-1.4399,1.6198,2.1699,-1.6130,1,15,4,0,1440,TIMEOUT
1718381700000,agg(9),LONG,65834.22,9,3,25.630,36.721,14.202,-108.457,-1.6210,-33.223,-1.6893,-1.9748,-1.5851,3.4175,5.3882,-1.5849,1,16,5,0,1440,TIMEOUT
1718382600000,agg(9),LONG,65316.09,9,3,20.353,36.721,1.210,-164.092,-2.3678,-30.125,-2.2672,-2.6042,-2.5925,2.2804,2.6934,-2.3333,1,16,5,0,1440,TIMEOUT
1718646300000,aggS(9),SHORT,66326.94,3,9,65.650,46.942,93.417,109.452,0.8669,118.994,0.9731,1.4121,1.2327,2.0146,2.3403,0.4697,1,17,1,0,1440,TIMEOUT
1718675100000,agg(9),LONG,64857.99,9,3,18.722,42.952,0.000,-193.576,-2.3094,-31.016,-2.5642,-2.8937,-2.9695,2.7689,5.7840,-1.8715,1,1,2,0,1440,TIMEOUT
1719222300000,agg(9),LONG,61314.14,9,3,22.628,33.386,21.510,-57.501,-2.9183,-40.599,-2.6288,-1.9409,-2.8699,4.5668,7.8361,-3.0030,0,9,1,0,1440,TIMEOUT
1719976500000,agg(9),LONG,60896.02,9,3,18.771,29.238,1.000,-117.890,-1.8818,-19.583,-1.3033,-2.3221,-1.9843,2.7565,2.8805,-2.0629,0,3,3,0,572,SL
1720057500000,agg(9),LONG,59272.01,9,3,33.100,45.400,29.605,-35.605,-1.0308,-9.588,-1.2524,-1.2071,-0.1647,4.2271,3.9144,-1.6133,0,1,4,0,318,SL
1720058400000,agg(9),LONG,58379.43,9,3,20.528,27.794,5.701,-129.589,-2.7131,-45.228,-3.0947,-2.9700,-1.7584,3.8337,9.0844,-3.0547,0,2,4,0,315,SL
1720082700000,agg(9),LONG,57620.5,9,3,24.248,28.757,23.941,-65.572,-2.8324,-19.317,-1.3098,-2.0471,-2.2622,3.0298,5.0981,-3.3131,0,8,4,0,1440,TIMEOUT
1720136700000,agg(9),LONG,57251.1,9,3,27.954,40.524,13.147,-127.709,-1.3742,-39.814,-2.1314,-2.3196,-1.8463,3.4660,5.8424,-1.1592,0,23,4,0,1440,TIMEOUT
1720148400000,agg(11),LONG,55650.7,11,3,24.430,25.330,12.595,-104.261,-3.5156,-8.737,-2.1231,-2.2501,-4.6632,3.1740,4.7976,-3.6087,-1,3,5,0,1440,TIMEOUT
1720149300000,agg(11),LONG,55590.9,11,3,21.614,25.330,14.406,-158.115,-4.1429,-11.790,-3.1575,-2.7664,-5.3947,2.0020,3.8999,-3.6605,-1,3,5,0,1440,TIMEOUT
1720153800000,agg(11),LONG,54310.01,11,3,16.954,22.818,24.411,-195.363,-5.3014,-4.557,-1.6529,-4.7582,-5.8191,3.0841,3.5663,-5.5470,-1,4,5,0,1440,TIMEOUT
1720399500000,agg(9),LONG,55209.36,9,3,26.343,28.798,2.482,-113.151,-2.7980,-7.904,-2.1526,-2.5822,-3.3110,2.5926,2.2572,-3.1553,-1,0,1,0,1440,TIMEOUT
1720401300000,agg(11),LONG,54466.01,11,3,21.011,22.842,13.022,-168.498,-3.7404,-10.177,-2.2697,-3.5513,-4.4813,2.4519,3.8165,-4.3299,-1,1,1,0,1440,TIMEOUT
1720402200000,agg(9),LONG,54502,9,3,26.273,22.842,21.076,-165.804,-3.2938,3.762,-1.5134,-2.8398,-4.2249,1.5659,2.0396,-4.1931,-1,1,1,0,1440,TIMEOUT
1720427400000,aggS(9),SHORT,56687.86,3,9,70.263,42.081,92.467,141.045,1.6197,127.528,2.1148,2.1978,3.0977,1.7843,2.9996,1.0214,-1,8,1,0,1440,TIMEOUT
1720428300000,aggS(9),SHORT,57727.74,3,9,74.949,42.081,94.689,186.727,2.4334,125.955,2.5516,3.2153,3.5175,1.9538,3.1047,2.8712,-1,8,1,0,1440,TIMEOUT
1720429200000,aggS(10),SHORT,57808,3,10,79.785,64.152,96.282,245.946,3.5589,125.935,3.7982,3.7647,4.7716,1.9995,3.9380,2.9925,-1,9,1,0,1440,TIMEOUT
1720430100000,aggS(9),SHORT,57626,3,9,77.222,64.152,81.948,262.622,3.3599,108.150,3.2905,3.4144,4.4382,1.5595,2.4524,2.6468,-1,9,1,0,1440,TIMEOUT
1720449000000,agg(9),LONG,55337.07,9,3,32.973,56.471,0.589,-160.587,-1.2450,-44.005,-2.8897,-2.6737,-3.9402,3.4281,4.6714,-1.5321,-1,14,1,0,1440,TIMEOUT
1720585800000,aggS(9),SHORT,59038,3,9,80.317,61.384,91.726,135.475,2.4299,133.005,2.4126,2.5280,2.3454,2.7861,3.6090,2.2994,-1,4,3,0,1440,TIMEOUT
1720994400000,aggS(9),SHORT,61158,3,9,83.366,72.846,90.632,122.203,2.1159,129.863,1.8760,2.1664,1.9449,2.8961,3.6283,1.8701,0,22,0,0,615,SL
1721107800000,agg(9),LONG,64130.03,9,3,33.398,67.881,1.527,-112.883,-0.3103,-36.438,-1.2829,-1.3467,-0.9742,2.1982,2.9710,0.4311,1,5,2,0,1440,TIMEOUT
1721113200000,agg(9),LONG,63137.99,9,3,23.390,45.090,4.802,-179.315,-1.9731,-12.353,-1.2720,-2.5743,-3.0046,2.1290,3.5643,-1.2374,1,7,2,0,1440,TIMEOUT
1721315700000,agg(9),LONG,63660.95,9,3,22.806,39.126,2.961,-114.728,-1.6221,-20.091,-1.4772,-1.8386,-1.5778,1.6228,2.3324,-1.4851,1,15,4,0,1440,TIMEOUT
1721398500000,aggS(9),SHORT,65631.99,3,9,76.603,65.121,95.877,139.166,2.2673,126.154,1.7585,2.4968,2.4103,2.0726,3.2351,2.5126,1,14,5,0,1440,TIMEOUT
1721585700000,agg(9),LONG,66483.65,9,3,32.160,45.441,25.775,-80.140,-1.0095,-16.684,-1.8918,-1.3926,-1.0126,3.1698,5.5539,-0.7855,1,18,0,0,1440,TIMEOUT
1722112200000,agg(10),LONG,67064.03,10,3,31.414,53.012,29.230,-149.013,-1.6529,-21.692,-1.4449,-1.7596,-2.1138,3.2104,5.4948,-1.8814,1,20,6,0,1440,TIMEOUT
1722265200000,agg(9),LONG,68258.74,9,3,27.345,40.639,7.770,-153.976,-1.7991,-19.200,-1.6193,-2.1410,-1.8584,2.6190,2.3322,-1.4123,1,15,1,0,870,SL
1722271500000,agg(10),LONG,67037.24,10,3,19.046,39.211,3.013,-196.730,-3.3989,-4.320,-1.5454,-2.6430,-4.0340,1.5448,2.6492,-3.1366,1,16,1,0,1208,SL
1722299400000,agg(9),LONG,66429.68,9,3,28.441,32.102,25.540,-48.064,-2.1689,-17.420,-0.6473,-1.7866,-1.8107,2.9006,7.3670,-2.6379,1,0,2,0,1157,SL
1722456000000,agg(9),LONG,65372.01,9,3,29.754,33.749,15.948,-133.109,-1.5467,-25.703,-1.9373,-1.9255,-1.7808,2.2498,6.8750,-1.3034,1,20,3,0,852,SL
1722526200000,agg(9),LONG,62894,9,3,20.573,35.023,6.542,-173.047,-2.1026,-31.449,-2.5559,-2.9283,-2.3413,3.1454,5.9588,-2.2982,1,15,4,0,890,SL
1722610800000,agg(9),LONG,63059.96,9,3,32.212,37.580,2.310,-142.105,-2.0377,-30.363,-3.4814,-2.0929,-2.0989,2.0219,2.8518,-2.4142,1,15,5,0,607,SL
1722611700000,agg(9),LONG,62848.01,9,3,28.219,37.580,0.297,-227.018,-2.8409,-25.842,-4.0186,-2.7151,-2.8811,1.6365,3.0327,-2.6806,1,15,5,0,605,SL
1722647700000,agg(10),LONG,60792.01,10,3,28.362,26.053,18.052,-26.122,-3.2016,-4.678,-1.1030,-1.4399,-3.3898,1.8891,2.0404,-3.9593,0,1,6,0,572,SL
1722700800000,agg(9),LONG,60824.01,9,3,23.610,30.291,3.346,-108.466,-1.4496,-37.820,-2.0230,-1.6336,-1.5254,2.6326,3.4847,-1.3865,0,16,6,0,395,SL
1722703500000,agg(9),LONG,60652.01,9,3,24.122,30.291,8.338,-153.953,-1.8454,-9.843,-1.6154,-2.2258,-2.1974,2.6059,3.3853,-1.6083,0,16,6,0,386,SL
1722782700000,agg(9),LONG,59778.01,9,3,24.036,45.749,7.374,-102.075,-1.5306,-36.473,-1.8392,-1.7550,-1.4964,3.4820,7.1506,-1.5305,-1,14,0,0,124,SL
1722791700000,agg(9),LONG,58274.94,9,3,16.216,23.154,4.805,-153.932,-3.3741,5.787,-1.2761,-2.4188,-4.1314,1.7631,2.4405,-3.6392,-1,17,0,0,95,SL
1722793500000,agg(10),LONG,57835.99,10,3,11.035,23.154,7.099,-201.201,-4.7938,-4.173,-2.7048,-3.4014,-5.9078,3.1226,3.1200,-4.2390,-1,17,0,0,89,SL
1722818700000,agg(10),LONG,56917.84,10,3,25.748,33.227,3.482,-174.130,-4.0034,-19.038,-3.1920,-3.8740,-4.3043,1.8783,4.1305,-4.3562,-1,0,1,0,5,SL
1722819600000,agg(11),LONG,55855.98,11,4,22.426,23.705,13.781,-232.369,-4.7791,-17.577,-3.8243,-4.5406,-5.2038,2.5330,5.3765,-6.0520,-1,1,1,0,63,SL
1722820500000,agg(11),LONG,54398,11,3,14.290,23.705,23.823,-397.018,-8.3676,-34.259,-7.2781,-8.5654,-9.3586,4.9977,8.5834,-8.3749,-1,1,1,0,61,SL
1722821400000,agg(10),LONG,54514.02,10,5,18.861,23.705,28.562,-454.820,-7.6034,-11.378,-5.6029,-7.6026,-8.3862,2.0059,4.3315,-8.0314,-1,1,1,0,58,SL
1722838500000,agg(9),LONG,50894,9,4,25.938,16.556,5.709,-60.814,-8.7571,-22.486,-3.5904,-5.0982,-4.3055,1.8146,2.4854,-11.1795,-1,6,1,1,224,TP
1722839400000,agg(11),LONG,50954.01,11,3,20.632,16.556,17.711,-195.852,-11.3293,-30.037,-5.4736,-7.1976,-7.8151,2.7953,4.0791,-10.8222,-1,6,1,1,221,TP
1722862800000,agg(10),LONG,50083.16,10,3,34.473,17.636,7.918,-81.198,-5.6562,-2.334,-2.4828,-2.6772,-5.4489,1.5175,2.1804,-7.7350,-1,13,1,1,40,TP
1722869100000,aggS(9),SHORT,53881.24,2,9,63.545,34.284,92.762,436.420,3.4415,112.754,8.8945,6.7072,3.3868,1.6127,1.1854,0.6006,-1,14,1,0,837,SL
1723041000000,agg(9),LONG,55998.14,9,3,30.142,53.281,5.394,-100.188,-1.4081,-25.413,-1.5828,-1.3122,-2.1413,1.8662,2.2056,-1.4663,-1,14,3,1,387,TP
1723041900000,agg(10),LONG,56431.31,10,3,26.394,53.281,15.414,-138.105,-1.8796,-22.269,-2.2927,-1.8196,-2.7707,1.8341,2.9546,-0.6878,-1,14,3,1,386,TP
1723081500000,aggS(10),SHORT,56704.01,3,10,73.179,41.772,98.766,211.741,3.1880,145.976,4.4678,3.5884,4.2352,3.8453,2.8628,1.2850,-1,1,4,0,242,SL
1723121100000,aggS(9),SHORT,57864.95,3,9,69.336,60.425,70.613,5.544,1.7562,139.474,0.9024,1.2993,1.2609,4.1972,7.5614,2.3291,-1,12,4,0,122,SL
1723153500000,aggS(9),SHORT,60473.77,3,9,72.704,70.284,88.041,-6.031,3.1931,146.288,1.4921,1.4653,1.8122,3.1357,3.4215,3.8193,-1,21,4,0,1440,TIMEOUT
1723154400000,aggS(9),SHORT,60808.76,3,9,78.327,78.790,91.409,69.722,4.1826,139.823,2.6402,2.5928,2.6946,2.6063,3.6970,4.2916,-1,22,4,0,1440,TIMEOUT
1723158000000,aggS(10),SHORT,62249.99,3,10,79.462,82.530,93.986,183.360,5.5865,121.832,3.0110,4.5480,4.8127,2.8970,4.7522,6.2987,-1,23,4,0,1440,TIMEOUT
1723158900000,aggS(9),SHORT,62285.98,1,9,79.553,82.530,88.734,216.752,5.4403,108.199,1.9229,4.6139,4.8897,1.3384,2.4786,6.2181,-1,23,4,0,1440,TIMEOUT
1723408200000,agg(10),LONG,58604.99,10,3,20.044,26.040,4.434,-126.280,-3.0090,-28.557,-2.4313,-2.7290,-2.9303,2.0853,2.5729,-3.3008,-1,20,0,0,1440,TIMEOUT
1723567500000,aggS(9),SHORT,60995.96,3,9,79.941,53.196,97.790,107.998,2.4418,124.038,1.9196,1.7998,3.0053,2.4202,2.3823,2.9651,-1,16,2,0,1440,TIMEOUT
1723568400000,aggS(10),SHORT,60997.98,3,10,84.044,68.402,99.383,165.647,3.2586,124.703,2.8723,2.8827,3.9565,1.6880,3.0985,2.9280,-1,17,2,0,1440,TIMEOUT
1723644000000,agg(9),LONG,59522,9,3,27.393,38.440,5.955,-159.768,-2.1227,-28.612,-2.6466,-2.4104,-2.1086,2.2037,3.6533,-2.1797,-1,14,3,0,1440,TIMEOUT
1723644900000,agg(9),LONG,59203.99,9,3,23.176,38.440,9.475,-223.401,-2.9011,-24.857,-3.2081,-3.6516,-2.8924,1.9347,2.9571,-2.6650,-1,14,3,0,1440,TIMEOUT
1723745700000,agg(9),LONG,57606.37,9,3,27.315,46.917,1.477,-171.653,-1.5008,-42.910,-2.7391,-2.8533,-1.9060,2.8425,3.3950,-1.8684,-1,18,4,0,1440,TIMEOUT
1723746600000,agg(9),LONG,57713.41,9,2,26.828,46.917,14.365,-218.763,-1.5683,-20.483,-2.5065,-3.0567,-2.2116,1.5297,2.1571,-1.6604,-1,18,4,0,1440,TIMEOUT
1723749300000,agg(9),LONG,57269.65,9,3,22.767,35.766,5.668,-263.948,-2.6153,-9.267,-2.8212,-3.9360,-3.6538,2.2553,2.5816,-2.3698,-1,19,4,0,1440,TIMEOUT
1724025600000,agg(9),LONG,58374,9,3,15.083,29.472,1.262,-108.208,-2.1130,-23.882,-1.6772,-2.0920,-1.9711,2.1517,4.0049,-2.2463,-1,0,1,1,1408,TP
1724116500000,aggS(9),SHORT,60574.98,2,9,78.466,73.768,79.282,131.670,2.5690,104.203,1.7993,2.2216,2.5768,1.5414,2.6470,2.9821,-1,1,2,0,1440,TIMEOUT
1724166900000,agg(9),LONG,59171.97,9,3,19.866,41.602,8.040,-178.648,-2.9871,-26.165,-3.3321,-3.0194,-3.1614,2.4831,3.9602,-2.1929,-1,15,2,0,1440,TIMEOUT
1724270400000,aggS(9),SHORT,61799.01,2,9,80.643,73.367,97.311,154.739,3.0815,106.512,1.9174,2.7303,3.6350,1.3279,2.2426,3.6186,-1,20,3,0,1440,TIMEOUT
1724295600000,agg(9),LONG,60175.9,9,3,31.317,49.111,30.690,-114.840,-0.7478,-20.943,-1.0254,-1.4016,-1.7138,3.2104,5.2447,-0.2591,-1,3,4,0,1440,TIMEOUT
1724436000000,aggS(9),SHORT,63105.93,3,9,75.909,75.792,99.273,116.203,2.8510,124.183,2.2759,2.5839,3.0309,2.2358,2.6534,3.2693,-1,18,5,0,1440,TIMEOUT
1724448600000,aggS(9),SHORT,64399.74,3,9,82.381,79.443,75.778,28.323,3.7393,87.384,0.8552,1.7599,4.5126,3.0683,2.3846,4.3661,-1,21,5,1,1378,TP
1724795100000,agg(9),LONG,60225.76,9,3,26.426,34.660,27.908,-70.075,-1.5762,-19.459,-1.4440,-1.7528,-0.8052,2.8970,5.4841,-3.3079,-1,21,2,0,1440,TIMEOUT
1724796000000,agg(10),LONG,60306.96,10,3,18.845,21.129,19.119,-130.385,-2.5827,-33.492,-2.4851,-2.7930,-1.8521,3.4150,5.4911,-3.1114,-1,22,2,0,1440,TIMEOUT
1724796900000,agg(10),LONG,59034.51,10,3,9.767,21.129,4.871,-289.577,-5.7194,-45.436,-5.6003,-5.9091,-5.2373,4.8647,6.3168,-5.0702,-1,22,2,0,1440,TIMEOUT
1724797800000,agg(10),LONG,58865.7,10,4,20.751,21.129,21.664,-337.960,-4.7305,-11.982,-4.3039,-5.0984,-4.5883,2.2896,4.1859,-5.2463,-1,22,2,0,1440,TIMEOUT
1724839200000,aggS(9),SHORT,59904.01,3,9,69.981,45.535,98.199,127.145,1.4687,129.867,1.7421,2.0230,1.4746,3.0192,3.4518,-0.1437,-1,10,3,0,1440,TIMEOUT
1724862600000,agg(9),LONG,58319.14,9,2,31.645,35.376,25.968,-132.662,-1.6761,2.977,-0.6615,-1.5455,-2.6221,2.0559,3.8217,-1.7934,-1,16,3,0,1440,TIMEOUT
1725030000000,agg(9),LONG,58492,9,3,26.566,35.905,1.436,-110.883,-1.3974,-35.700,-1.6687,-1.8387,-1.8760,1.8037,2.9817,-1.3357,-1,15,5,0,1440,TIMEOUT
1725200100000,agg(9),LONG,57807.95,9,3,34.987,41.615,28.481,-22.043,-1.2293,-25.517,-0.8622,-0.8827,-1.1434,4.0443,4.5732,-1.0597,-1,14,0,0,1440,TIMEOUT
1725372900000,agg(9),LONG,57927.01,9,3,23.152,42.185,0.887,-107.668,-1.9724,-33.007,-2.0935,-1.9110,-1.5508,2.3643,4.3324,-1.9819,-1,14,2,0,928,SL
1725412500000,agg(11),LONG,56121.11,11,3,20.708,30.581,23.122,-124.778,-3.0139,-39.762,-2.2365,-2.9008,-3.4097,4.7690,10.9847,-3.6116,-1,1,3,0,1440,TIMEOUT
1725464700000,aggS(9),SHORT,57931.12,3,9,73.513,54.650,98.668,137.418,1.9695,110.983,2.3782,2.2352,2.2442,1.5419,2.4757,2.0414,-1,15,3,0,1440,TIMEOUT
1725633000000,agg(9),LONG,54843,9,3,28.571,43.112,3.085,-124.178,-2.4819,-13.811,-3.5183,-2.1062,-1.6811,1.5627,2.9646,-2.4403,-1,14,5,0,1440,TIMEOUT
1725636600000,agg(11),LONG,54333.92,11,3,22.674,32.972,12.425,-211.811,-3.2691,-0.243,-1.6304,-4.6918,-3.4336,1.8068,2.5349,-3.1960,-1,15,5,0,1440,TIMEOUT
1725656400000,agg(9),LONG,53093,9,3,27.931,24.246,14.601,3.582,-3.6955,-13.764,-1.0037,-1.6750,-2.1408,1.8273,2.8831,-3.9301,-1,21,5,0,1440,TIMEOUT
1725917400000,aggS(9),SHORT,57580.01,2,9,79.603,71.679,77.193,51.378,3.1824,114.124,1.4920,2.0202,2.8184,2.0553,3.2188,3.4814,-1,21,1,0,1440,TIMEOUT
1726242300000,aggS(9),SHORT,59616.36,3,9,77.423,58.968,92.824,136.876,2.2495,121.851,2.2175,2.6477,1.8965,1.7635,3.4420,2.6931,-1,15,5,0,1440,TIMEOUT
1726586100000,aggS(10),SHORT,61262,3,10,81.924,68.845,99.179,147.361,3.6921,125.108,3.5275,2.9270,3.4292,2.6327,3.5505,4.4549,-1,15,2,0,1440,TIMEOUT
1727795700000,agg(10),LONG,62239.55,10,3,17.899,27.759,17.392,-128.830,-2.3441,-5.682,-1.1147,-2.2880,-2.4907,2.8144,5.2067,-2.1342,-1,15,2,0,1440,TIMEOUT
1727803800000,agg(9),LONG,61726,9,3,27.899,26.632,23.193,-69.704,-2.9207,-1.678,-1.5930,-1.6678,-3.4932,2.2369,3.1380,-2.7203,-1,17,2,0,1440,TIMEOUT
1727815500000,agg(9),LONG,60745.49,9,2,26.083,20.407,19.684,-97.931,-3.5538,-12.534,-2.3175,-2.7001,-3.3240,1.7982,2.0602,-3.7460,-1,20,2,0,1440,TIMEOUT
1727897400000,agg(9),LONG,60300,9,3,30.502,38.013,1.371,-147.837,-1.8576,-14.580,-1.4022,-2.5113,-1.5972,1.7914,2.2455,-1.8852,-1,19,3,0,1440,TIMEOUT
1728584100000,agg(9),LONG,59126.74,9,3,18.673,28.605,10.747,-129.790,-2.7101,-23.853,-1.8709,-2.4241,-3.0381,2.2008,4.2813,-2.8081,-1,18,4,1,1071,TP
1728877500000,aggS(9),SHORT,64136.01,3,9,79.314,47.540,93.089,107.416,2.1566,143.878,2.3631,2.1400,1.8809,3.9897,9.6997,2.3712,-1,3,1,0,1440,TIMEOUT
1729000800000,aggS(9),SHORT,67684,3,9,83.820,75.186,95.592,169.567,2.9879,147.058,2.6948,3.2329,2.8956,4.4554,7.0489,2.9037,0,14,2,0,1440,TIMEOUT
1729879200000,agg(9),LONG,66624.01,9,3,29.665,33.580,3.264,-132.043,-1.4772,-11.355,-1.3922,-2.1362,-1.8011,2.3087,3.1310,-1.8385,0,18,5,1,1164,TP
1730169000000,aggS(9),SHORT,71356,3,9,81.583,83.090,88.360,110.447,2.7132,132.099,2.1285,2.0151,2.5607,2.6214,3.8829,2.9709,1,2,2,0,1440,TIMEOUT
1730384100000,agg(9),LONG,71260,9,2,18.661,36.335,20.650,-115.059,-1.5149,-19.412,-1.3229,-1.5291,-1.6040,2.7437,4.2488,-1.4130,1,14,4,0,1440,TIMEOUT
1730427300000,agg(9),LONG,69258.01,9,3,23.882,27.175,11.619,-107.723,-1.9822,-29.134,-1.6127,-2.0347,-1.7004,2.2280,4.7353,-2.3067,1,2,5,0,1440,TIMEOUT
1730476800000,agg(9),LONG,69708.91,9,3,34.888,40.309,13.278,-140.137,-0.7363,0.296,-2.5726,-1.1880,-0.8600,2.1047,2.6149,-0.2914,1,16,5,0,1440,TIMEOUT
1730853900000,aggS(9),SHORT,71372,3,9,72.701,53.199,99.035,145.703,2.2781,138.808,1.9969,2.8968,1.7694,2.2545,3.4040,2.8288,1,0,3,0,803,SL
1730860200000,aggS(10),SHORT,72765.24,3,10,77.854,66.446,96.777,201.496,3.4639,106.978,1.5125,4.3601,4.1514,2.5266,3.3096,4.4547,1,2,3,0,1180,SL
1730862900000,aggS(11),SHORT,74217.48,3,11,85.325,75.392,83.478,338.751,5.4827,108.970,4.1173,4.0081,7.0211,3.2907,6.0612,6.2270,1,3,3,0,1324,SL
1730863800000,aggS(9),SHORT,73981.43,4,9,83.329,75.392,81.639,347.663,5.2145,98.960,3.7211,4.0186,6.8254,1.8914,2.0014,5.7707,1,3,3,0,1244,SL
1730995200000,aggS(9),SHORT,75900.76,3,9,74.214,66.938,100.000,124.397,1.5170,127.418,1.8635,1.6678,1.3707,1.7822,2.6122,1.1611,1,16,4,0,1081,SL
1731214800000,aggS(10),SHORT,79001.99,3,10,82.490,82.866,92.423,140.006,3.1880,139.559,2.2941,2.3783,3.1881,4.3528,6.2654,3.1668,1,5,0,0,453,SL
1731216600000,aggS(10),SHORT,79447.62,3,10,83.798,82.866,95.653,238.995,3.7039,116.753,3.0269,3.3998,3.7202,1.9835,2.2066,3.6320,1,5,0,0,449,SL
1731339000000,aggS(9),SHORT,83846.02,3,9,77.286,69.896,100.000,123.117,2.6342,135.984,2.4428,1.9181,2.2088,1.9443,2.8855,3.0087,1,15,1,0,564,SL
1731341700000,aggS(10),SHORT,84660.62,3,10,83.345,78.002,97.100,258.949,3.6596,115.166,2.7679,3.7434,3.4594,1.7022,2.1785,3.7936,1,16,1,0,559,SL
1731356100000,aggS(9),SHORT,86965.72,2,9,79.898,84.621,99.151,140.740,4.8915,110.352,1.5310,2.7081,5.0666,1.7867,1.1276,5.3083,1,20,1,0,1440,TIMEOUT
1731360600000,aggS(9),SHORT,87969.15,2,9,81.174,86.534,96.753,130.212,5.4417,103.182,1.2583,2.8085,4.6152,1.8298,1.8830,5.9753,1,21,1,0,1440,TIMEOUT
1731366900000,aggS(9),SHORT,89279.06,3,9,74.986,88.525,94.829,28.437,5.6951,107.101,1.6473,2.7290,5.7686,2.0329,2.3985,6.6539,1,23,1,0,1440,TIMEOUT
1731408300000,agg(9),LONG,85479.98,9,3,29.070,59.591,1.070,-303.775,-2.4018,-19.979,-2.5648,-2.9179,-2.4711,2.1882,2.2478,-2.7624,1,10,2,0,1440,TIMEOUT
1731505500000,aggS(9),SHORT,89678.9,3,9,72.294,52.925,97.564,122.344,1.8936,136.485,1.5489,1.4033,2.1825,2.2808,3.6556,2.3447,1,13,3,0,1440,TIMEOUT
1731506400000,aggS(9),SHORT,88909.06,2,9,72.818,63.808,78.812,160.788,1.9357,117.923,1.3690,1.7368,2.2049,1.8809,4.1799,1.4565,1,14,3,0,1440,TIMEOUT
1731509100000,aggS(10),SHORT,90884.01,3,10,83.077,63.808,93.908,291.516,3.6686,119.459,2.8607,3.5685,3.8505,2.5670,5.1557,3.6356,1,14,3,0,1440,TIMEOUT
1731510000000,aggS(10),SHORT,90903.99,3,10,85.747,73.862,92.622,362.735,4.4002,116.699,2.7131,4.3040,4.7002,2.2121,2.9702,3.5976,1,15,3,0,1440,TIMEOUT
1731513600000,aggS(9),SHORT,92395.98,2,9,84.706,76.890,97.083,383.062,5.1788,98.163,1.9343,4.8503,5.7171,1.2302,2.0435,5.0556,1,16,3,0,1440,TIMEOUT
1731572100000,aggS(9),SHORT,91073.78,3,9,67.319,57.142,97.819,146.605,1.6496,134.337,2.3368,1.7789,1.7939,1.6781,2.0178,0.6629,1,8,4,0,1440,TIMEOUT
1731596400000,agg(9),LONG,89115.98,9,3,28.728,42.161,2.548,-246.384,-1.9259,-39.071,-2.4495,-2.7863,-2.4079,1.7188,2.9152,-1.3611,1,15,4,0,1440,TIMEOUT
1731672900000,aggS(9),SHORT,90360.65,3,9,77.085,57.101,98.258,141.459,2.6710,106.272,1.4616,1.7924,2.9170,2.6331,2.1352,2.4508,1,12,5,0,1440,TIMEOUT
1731913200000,aggS(9),SHORT,91916,3,9,78.793,65.790,98.982,108.581,2.0880,139.648,1.5507,1.6719,1.4483,2.8391,5.4725,1.8922,1,7,1,0,1108,SL
1731935700000,agg(9),LONG,89748.05,9,3,30.246,47.664,5.021,-189.417,-1.3295,-0.827,-0.5440,-2.3395,-2.4384,2.2764,2.5140,-0.9912,1,13,1,1,935,TP
1732162500000,aggS(9),SHORT,96629.67,3,9,77.844,71.286,98.667,195.294,2.7385,125.679,2.6870,2.2333,3.0637,2.6258,3.9644,2.5023,1,4,4,0,1440,TIMEOUT
1732165200000,aggS(10),SHORT,97315.99,3,10,76.046,79.175,97.015,256.495,3.2116,110.523,2.0458,3.5695,3.4657,2.2009,2.2273,3.0689,1,5,4,0,1440,TIMEOUT
1732452300000,agg(9),LONG,96587.97,9,3,22.092,35.348,11.708,-102.796,-1.4343,-14.107,-0.8229,-1.2712,-1.7259,2.8151,5.4386,-1.3794,1,12,0,0,1440,TIMEOUT
1732545900000,agg(9),LONG,96199.97,9,3,23.942,46.064,6.895,-143.168,-1.4165,-19.336,-1.0662,-1.4826,-2.0810,2.6851,3.5269,-1.7359,1,14,1,0,1440,TIMEOUT
1732546800000,agg(9),LONG,95556,9,3,15.797,29.240,1.449,-237.425,-2.6070,-33.174,-2.3708,-2.6908,-3.1550,3.1369,4.5041,-2.3707,1,15,1,0,1440,TIMEOUT
1732547700000,agg(9),LONG,95400,9,2,15.185,29.240,19.205,-290.949,-2.6964,-16.796,-2.2734,-2.6899,-3.3169,2.8014,5.1889,-2.4961,1,15,1,0,1440,TIMEOUT
1732609800000,agg(9),LONG,92400.08,9,3,24.540,37.656,2.373,-187.727,-1.8542,-27.958,-1.5369,-2.2863,-1.9632,1.9716,4.9000,-2.2521,1,8,2,0,1440,TIMEOUT
1732722300000,aggS(9),SHORT,95522.87,3,9,76.568,63.386,98.951,135.522,2.2502,108.913,1.1229,2.0332,1.8133,2.6958,3.3022,2.5283,1,15,3,0,1440,TIMEOUT
1732893300000,aggS(9),SHORT,98578.43,3,9,76.976,69.361,97.369,108.411,1.9562,126.021,1.3131,1.5757,1.9336,2.0843,3.6831,2.2702,1,15,5,0,1440,TIMEOUT
1733112000000,agg(9),LONG,96488.27,9,3,32.610,42.938,7.514,-115.555,-0.8793,-24.832,-1.0423,-1.5954,-1.1058,2.4479,2.0967,-0.8093,1,4,1,0,1440,TIMEOUT
1733150700000,aggS(9),SHORT,96475.91,3,9,67.850,43.542,97.067,185.836,0.7946,132.364,1.0736,1.6753,1.6458,2.3795,2.5850,0.1364,1,14,1,0,1440,TIMEOUT
1733343300000,aggS(9),SHORT,98491.99,3,9,78.411,61.619,95.651,283.103,1.9980,115.596,1.9981,3.0083,2.0693,2.2834,3.3354,2.4529,1,20,3,0,1440,TIMEOUT
1733366700000,aggS(10),SHORT,101249.26,3,10,77.610,61.165,91.839,119.073,4.1809,145.676,2.9773,2.6880,3.5677,3.9748,9.3344,4.4397,1,2,4,1,236,TP
1733368500000,aggS(11),SHORT,103108.22,3,11,82.459,74.085,81.158,360.735,5.5730,128.050,4.8288,4.7169,5.0622,3.5393,4.2507,6.1833,1,3,4,1,230,TP
1733413500000,agg(9),LONG,101116.03,9,3,34.576,71.618,5.935,-148.621,-1.2455,-21.149,-1.2110,-1.5921,-1.1291,1.9600,2.9950,-0.6233,1,15,4,0,80,SL
1733437800000,agg(10),LONG,95480,10,3,14.832,41.501,34.662,-303.396,-7.0035,-35.077,-5.3319,-4.9603,-6.6347,7.0076,5.1753,-5.9911,1,22,4,0,1440,TIMEOUT
1733702400000,aggS(9),SHORT,100946.4,3,9,76.216,64.589,85.051,100.306,1.1643,124.762,1.0793,1.1177,1.4535,3.0778,4.1545,1.1640,1,0,1,0,1440,TIMEOUT
1733756400000,aggS(9),SHORT,100132,3,9,68.840,56.798,90.428,189.581,1.1904,120.484,1.1475,1.6432,1.7785,1.7564,2.9088,0.9146,1,15,1,0,1440,TIMEOUT
1733778000000,agg(9),LONG,94808.63,9,3,32.684,34.006,6.562,-110.639,-2.0166,-7.918,-0.9472,-2.0114,-1.5949,1.5016,2.0101,-3.7438,1,21,1,0,1440,TIMEOUT
1733846400000,agg(9),LONG,95769.83,9,3,26.026,35.397,3.823,-198.360,-1.6439,-30.566,-2.3890,-1.8482,-2.0767,1.9640,2.5444,-1.5662,1,16,2,0,1440,TIMEOUT
1733931000000,aggS(9),SHORT,100499.99,3,9,84.093,66.871,88.492,170.972,2.4960,125.065,1.9367,2.2905,2.5375,2.7071,5.4214,2.9234,1,15,3,0,1440,TIMEOUT
1734305400000,aggS(9),SHORT,104682.51,3,9,77.986,63.028,82.432,115.770,1.7003,146.441,1.7718,1.5933,1.5441,4.1710,9.6455,1.8711,1,23,0,1,1280,TP
1734309900000,aggS(10),SHORT,105828.01,3,10,80.767,73.376,81.373,243.461,2.5363,112.574,1.0591,2.8497,2.6064,2.7207,4.5889,2.7374,1,0,1,1,1251,TP
1734360300000,aggS(9),SHORT,105827.02,3,9,67.039,50.695,99.586,117.588,0.7475,116.546,1.2726,1.2760,0.4816,2.8891,3.3716,1.1593,1,14,1,1,1083,TP
1734362100000,aggS(9),SHORT,106296,3,9,73.276,64.617,95.707,233.044,1.3289,116.634,2.0556,2.3467,1.5235,2.0443,2.2123,1.5294,1,15,1,1,1074,TP
1734552000000,agg(9),LONG,102260.46,9,3,31.786,34.494,0.000,-137.059,-1.4914,-22.756,-1.3171,-1.4442,-1.1557,1.5504,3.3201,-1.9420,1,20,3,0,458,SL
1734552900000,agg(10),LONG,101256.54,10,3,26.107,34.494,27.603,-224.180,-2.2510,-28.007,-2.6977,-2.5207,-2.0559,3.2846,5.7035,-2.8645,1,20,3,0,471,SL
1734554700000,agg(10),LONG,101483.42,10,3,18.753,34.494,0.854,-391.776,-3.6729,-23.318,-3.2390,-4.3020,-3.8540,1.9958,2.5573,-2.5465,1,20,3,0,464,SL
1734574500000,agg(9),LONG,99814.41,9,3,29.520,27.659,6.671,-19.870,-3.2793,-23.048,-1.6733,-1.4473,-2.2021,1.6778,2.9881,-3.1627,1,2,4,0,1440,TIMEOUT
1734622200000,agg(9),LONG,99816.73,9,3,26.872,39.615,9.216,-252.460,-1.6625,-28.871,-2.3184,-2.0314,-2.1222,2.4708,2.2817,-1.4668,1,15,4,0,1440,TIMEOUT
1734632100000,agg(9),LONG,97485,9,2,26.401,28.959,12.562,-271.690,-3.2687,-4.710,-2.6586,-2.1922,-4.0239,1.6013,1.7463,-3.6406,1,18,4,0,1440,TIMEOUT
1734637500000,agg(9),LONG,96825.54,9,2,27.420,29.728,4.370,-186.451,-4.0391,-5.309,-1.5679,-3.3817,-4.7230,1.8168,0.9808,-4.1533,1,19,4,0,1440,TIMEOUT
1734639300000,agg(9),LONG,96676.15,9,2,25.444,23.541,5.181,-252.930,-4.7779,-6.539,-2.9848,-2.8864,-4.8292,1.8361,1.6546,-4.1748,1,20,4,0,1440,TIMEOUT
1734689700000,agg(10),LONG,94702.01,10,3,24.612,31.779,0.067,-296.161,-3.1100,-3.566,-1.5406,-4.1413,-3.3671,1.5391,2.2612,-2.5616,1,10,5,0,1440,TIMEOUT
1734767100000,aggS(9),SHORT,99329.44,3,9,75.440,59.864,97.916,126.423,2.0380,105.385,1.1040,1.7841,1.9971,2.0080,2.8469,2.0084,1,7,6,0,1440,TIMEOUT
1734787800000,agg(9),LONG,96798.14,9,3,30.164,45.266,5.524,-183.077,-1.3871,-17.669,-1.2891,-1.5038,-1.9603,2.2089,2.9991,-0.9981,1,13,6,0,1440,TIMEOUT
1734877800000,agg(9),LONG,95704.02,9,3,30.338,49.259,5.977,-109.672,-0.9373,-47.070,-1.2635,-1.2907,-0.8938,3.0053,3.6824,-1.1918,1,14,0,0,1440,TIMEOUT
1734965100000,agg(9),LONG,93943.99,9,3,32.946,43.481,1.307,-176.838,-1.3576,-22.659,-1.5709,-1.8019,-1.7563,2.9380,4.0413,-1.5326,1,14,1,0,1440,TIMEOUT
1734966900000,agg(9),LONG,93567.81,9,3,30.082,40.196,12.070,-234.310,-1.8261,-11.370,-1.1446,-2.4036,-2.4088,1.8156,3.0454,-1.8985,1,15,1,0,1440,TIMEOUT
1735048800000,aggS(9),SHORT,95866.51,3,9,79.338,61.730,99.597,174.074,1.9069,136.490,2.0970,1.8242,1.6818,2.8349,3.9606,1.6026,1,14,2,0,1440,TIMEOUT
1735050600000,aggS(9),SHORT,96754.44,3,9,83.955,61.730,97.607,275.770,2.5973,118.126,2.3813,2.5798,2.8397,1.9952,2.2995,2.4684,1,14,2,0,1440,TIMEOUT
1735052400000,aggS(9),SHORT,97357.05,2,9,86.767,68.480,99.019,340.593,3.1146,105.819,2.3622,3.3930,3.6113,1.6580,2.2252,3.0052,1,15,2,0,1440,TIMEOUT
1735055100000,aggS(9),SHORT,97967.99,2,9,88.736,68.480,98.405,318.040,3.5713,96.227,1.3398,3.7531,4.5430,1.8556,1.7079,3.5160,1,15,2,0,1440,TIMEOUT
1735200900000,agg(9),LONG,96374.97,9,3,19.536,42.433,0.640,-116.348,-2.0143,-32.875,-1.4460,-1.7010,-2.0385,3.1437,6.0310,-2.3575,1,8,4,0,1440,TIMEOUT
1735201800000,agg(9),LONG,95864.02,9,3,16.274,42.433,7.102,-185.656,-2.4865,-26.568,-2.1206,-2.2302,-2.6798,2.0212,3.0863,-2.8396,1,8,4,0,1440,TIMEOUT
1735285500000,agg(9),LONG,95174.43,9,3,29.791,52.340,12.970,-131.455,-1.0979,-37.660,-1.4979,-1.2475,-1.2586,2.6950,6.0774,-0.8143,1,7,5,0,1440,TIMEOUT
1735310700000,agg(9),LONG,95223.19,9,3,33.756,49.929,0.553,-123.432,-0.9888,-38.157,-1.0810,-1.5369,-1.5596,2.5812,3.4316,-1.0214,1,14,5,0,1440,TIMEOUT
1735313400000,agg(9),LONG,94203.4,9,3,29.760,43.553,6.151,-201.770,-1.6565,-21.060,-1.5056,-2.0755,-1.9727,1.8281,3.9460,-2.0547,1,15,5,0,1440,TIMEOUT
1735569900000,agg(9),LONG,92271.29,9,3,30.598,31.841,18.588,-132.628,-1.2677,-8.245,-0.8846,-1.6002,-1.6157,3.1451,4.9099,-1.4525,0,14,1,0,1440,TIMEOUT
1735570800000,agg(9),LONG,91950.61,9,3,24.986,25.760,2.586,-175.752,-1.8569,-16.983,-1.3445,-2.3771,-2.1390,2.0880,2.6163,-1.7763,0,15,1,0,1440,TIMEOUT
1735596000000,agg(9),LONG,92156.01,9,3,31.163,38.163,5.585,-231.975,-1.4523,-5.938,-2.5230,-2.1962,-0.0484,1.5047,2.0593,-1.4335,0,22,1,0,1440,TIMEOUT
1735633800000,aggS(9),SHORT,94333.35,3,9,77.934,47.102,94.634,118.607,1.3391,147.515,1.3403,1.6213,1.6661,4.0823,4.0553,1.4549,0,8,2,0,1440,TIMEOUT
1735634700000,aggS(9),SHORT,94133.52,2,9,79.410,47.102,79.728,166.705,1.5238,125.639,1.5096,1.5275,1.9614,1.9821,4.3509,1.2031,0,8,2,0,1440,TIMEOUT
1735667100000,agg(10),LONG,93527.91,10,3,32.098,60.142,17.290,-241.044,-0.5902,-20.500,-1.3043,-1.7880,-1.0102,2.8071,2.1407,-0.3038,0,17,2,0,1440,TIMEOUT
1736175600000,aggS(9),SHORT,100974.75,3,9,71.520,74.269,78.392,96.598,1.4651,138.393,1.4647,1.1695,1.7546,4.0597,7.2936,1.9119,1,15,1,0,1440,TIMEOUT
1736176500000,aggS(9),SHORT,101483.88,3,9,75.442,74.269,98.397,178.682,1.9365,129.284,1.7703,1.7228,2.3986,1.7337,3.3138,2.3858,1,15,1,1,925,TP
1736262900000,agg(9),LONG,98729.44,9,3,15.756,35.419,7.499,-148.467,-2.7220,-37.315,-2.0314,-2.2429,-2.8033,4.1417,7.2607,-2.7657,1,15,2,0,1440,TIMEOUT
1736264700000,agg(10),LONG,97989.51,10,3,11.809,35.419,1.592,-297.840,-3.5931,-21.679,-3.1673,-3.1603,-3.8704,2.1348,3.2212,-3.3852,1,15,2,0,1440,TIMEOUT
1736357400000,agg(9),LONG,93126.43,9,3,23.772,32.733,3.690,-164.947,-2.5697,-34.390,-2.1019,-2.3840,-2.2093,2.0474,2.6667,-2.7974,0,17,3,0,1440,TIMEOUT
1736452800000,agg(9),LONG,92108.52,9,3,33.159,36.340,0.383,-134.555,-1.4421,-4.609,-1.1883,-2.0177,-1.0275,1.5290,2.1444,-1.5007,0,20,4,0,1440,TIMEOUT
1736516700000,agg(9),LONG,93490.4,9,3,32.484,62.284,32.285,-146.133,-0.7254,-50.873,-1.2966,-1.4786,-1.0283,5.3377,10.2120,-0.2762,0,13,5,0,1440,TIMEOUT
1736522100000,agg(9),LONG,92692.12,9,3,27.920,50.958,5.173,-209.228,-2.0712,-29.903,-1.2833,-2.5828,-2.7400,3.0410,2.8650,-1.2875,0,15,5,0,1440,TIMEOUT
1736764200000,agg(9),LONG,91732.31,9,3,18.147,32.493,5.684,-104.550,-2.1718,-9.916,-1.0132,-1.6920,-2.3794,2.1140,3.5407,-2.6589,0,10,1,1,1045,TP
1736768700000,agg(9),LONG,91231.5,9,3,14.584,24.683,6.196,-162.993,-2.9724,0.084,-1.0942,-2.0964,-3.0490,1.7385,3.4540,-2.9117,0,11,1,1,677,TP
1736948700000,aggS(9),SHORT,98939.61,3,9,73.664,56.077,91.707,128.889,1.4714,143.811,1.9878,1.7703,1.1554,4.1286,9.9695,2.0208,0,13,3,0,1357,SL
1737039600000,agg(9),LONG,97571.23,9,3,27.983,37.533,6.368,-112.108,-1.7141,-37.147,-1.7836,-1.6039,-1.5471,1.8735,4.9173,-1.9282,1,15,4,1,1054,TP
1737316800000,aggS(9),SHORT,106357.57,3,9,68.179,64.336,99.956,103.100,1.2171,132.152,1.0930,1.5724,0.9890,2.0210,2.5136,1.3485,1,20,0,0,1440,TIMEOUT
1737324000000,agg(9),LONG,103084.52,9,3,32.772,41.900,0.008,-193.773,-1.2860,-4.664,-2.3504,-1.4310,-1.2182,1.5104,3.0745,-1.8390,1,22,0,0,1440,TIMEOUT
1737328500000,agg(10),LONG,100551.86,10,3,22.732,40.297,5.121,-389.149,-3.4401,-22.179,-2.3306,-4.6262,-3.7422,2.6294,2.3009,-4.1171,1,23,0,0,1440,TIMEOUT
1737329400000,agg(10),LONG,101075.12,10,3,20.264,40.297,3.893,-493.025,-4.0575,-15.762,-3.3731,-5.3984,-4.3258,1.5072,2.4361,-3.5532,1,23,0,0,1440,TIMEOUT
1737330300000,agg(10),LONG,101779.53,10,4,28.022,40.297,23.032,-486.431,-3.3437,3.166,-2.8474,-4.5190,-3.6560,1.6110,3.2028,-2.8145,1,23,0,0,1440,TIMEOUT
1737355500000,aggS(9),SHORT,106197.04,3,9,73.114,43.353,98.483,302.431,1.7386,133.291,2.1560,2.8492,4.6034,2.8658,2.1618,2.7292,1,6,1,0,1440,TIMEOUT
1737356400000,aggS(11),SHORT,108613.65,3,11,82.794,65.362,74.299,537.536,4.4080,142.894,4.7468,5.6189,6.7469,4.7037,9.6198,5.0308,1,7,1,0,1440,TIMEOUT
1737357300000,aggS(10),SHORT,108345.02,3,10,85.738,65.362,92.508,751.046,5.7736,129.513,6.4793,6.5075,7.8789,1.9132,4.2945,4.7192,1,7,1,0,1440,TIMEOUT
1737388800000,agg(9),LONG,105480,9,3,31.989,47.757,13.095,-313.772,-1.2989,-25.993,-2.5764,-2.2175,-2.7848,2.2504,2.5823,0.4662,1,16,1,0,1440,TIMEOUT
1737389700000,agg(9),LONG,105000.69,9,3,29.686,47.757,18.206,-402.723,-1.7715,-17.794,-3.1090,-2.9496,-3.3144,2.1922,2.1670,-0.0502,1,16,1,0,1440,TIMEOUT
1737395100000,agg(10),LONG,102261.52,10,4,24.682,54.206,5.854,-547.233,-5.5498,-28.951,-4.5766,-6.1528,-5.3437,2.8008,3.3374,-2.9976,1,17,1,0,1440,TIMEOUT
1737421200000,agg(9),LONG,101926,9,3,33.783,38.349,3.625,-83.755,-3.1822,-13.040,-2.0448,-1.8547,-2.4147,1.6355,2.0183,-3.3486,1,1,2,0,1440,TIMEOUT
1737423000000,agg(10),LONG,100901.22,10,3,34.105,38.349,7.743,-130.258,-3.6610,-15.474,-1.8784,-3.0191,-3.3460,1.8537,2.2523,-4.1451,1,1,2,0,1440,TIMEOUT
1737643500000,aggS(9),SHORT,105926.57,3,9,77.179,44.730,96.417,274.751,2.6132,149.422,3.3665,3.1305,2.9791,4.9023,7.3740,3.2600,1,14,4,0,1440,TIMEOUT
1737644400000,aggS(9),SHORT,105720.52,2,9,78.388,63.781,82.442,380.782,2.8229,124.989,2.9840,3.4481,3.4832,2.2056,5.6474,3.0372,1,15,4,0,1440,TIMEOUT
1737648900000,aggS(10),SHORT,105802,3,10,73.138,64.029,98.490,410.253,3.8658,106.622,1.2228,4.2432,4.4323,1.7096,2.0112,3.0601,1,16,4,0,1440,TIMEOUT
1737666000000,agg(9),LONG,103102.85,9,3,42.529,46.979,18.781,-248.887,-0.2892,-14.684,-1.4296,-2.3362,-1.8801,1.9942,2.6027,-0.1514,1,21,4,0,1440,TIMEOUT
1737933300000,agg(9),LONG,103124.84,9,3,21.362,36.377,3.225,-132.355,-1.4477,-36.262,-1.1549,-1.6186,-1.6525,4.2248,7.8342,-1.6722,1,23,0,0,1440,TIMEOUT
1737939600000,agg(9),LONG,101972.1,9,3,17.502,15.216,3.858,-229.089,-2.7252,-3.689,-1.2003,-2.6785,-3.1915,2.3751,3.5082,-2.5490,1,1,1,0,1440,TIMEOUT
1737960300000,agg(9),LONG,98926.83,9,3,19.133,16.456,3.508,-43.883,-3.5252,-16.931,-1.3438,-1.9086,-2.5588,1.9247,2.2339,-4.2431,1,6,1,0,1440,TIMEOUT
1737963000000,agg(10),LONG,98341.49,10,3,13.682,12.482,0.837,-157.369,-4.4243,-15.420,-2.4465,-2.5913,-3.4742,2.2562,2.6146,-4.5546,1,7,1,0,1440,TIMEOUT
1737983700000,aggS(9),SHORT,101102.58,3,9,69.859,42.058,99.357,348.105,1.6079,134.653,2.9031,2.8770,2.4988,2.1088,2.5856,0.0905,1,13,1,0,1440,TIMEOUT
1738182600000,aggS(9),SHORT,104488.65,3,9,68.941,65.520,90.132,196.279,1.8732,116.333,2.2701,1.9116,2.3283,2.4722,2.3909,2.0344,1,20,3,1,1214,TP
1738349100000,agg(9),LONG,103027.99,9,3,28.611,49.198,3.196,-184.868,-1.4169,-29.927,-1.8091,-2.0370,-1.4714,2.3236,2.8389,-1.4239,1,18,5,0,658,SL
1738519200000,agg(9),LONG,97385.86,9,3,25.475,28.260,8.671,-149.636,-2.0250,-13.855,-1.3799,-1.6165,-0.9668,1.7079,2.3735,-2.1201,1,18,0,0,1440,TIMEOUT
1738521900000,agg(9),LONG,97315.06,9,3,30.657,28.260,7.169,-133.776,-2.0442,0.211,-0.8213,-1.9685,-1.6817,1.9487,2.1025,-2.0203,1,18,0,0,1440,TIMEOUT
1738547100000,agg(10),LONG,93359.99,10,3,28.982,34.077,8.067,-267.687,-3.7034,-21.343,-3.0085,-3.6489,-3.8735,1.7832,2.7558,-4.8821,0,1,1,0,1440,TIMEOUT
1738548000000,agg(11),LONG,93007.26,11,3,26.158,24.243,23.842,-350.238,-4.3338,-17.761,-2.3603,-3.6931,-4.4604,2.1459,5.0872,-5.1478,0,2,1,1,241,TP
1738548900000,agg(9),LONG,94774.38,9,4,32.206,24.243,41.451,-339.962,-3.6170,3.036,-2.5544,-3.3702,-3.6017,2.6415,3.4825,-3.2543,0,2,1,0,1440,TIMEOUT
1738596600000,aggS(10),SHORT,98342.3,3,10,73.773,51.627,95.140,296.787,3.6944,129.780,4.0555,3.7736,3.4505,2.4660,3.5240,3.4643,0,15,1,0,1440,TIMEOUT
1738646100000,agg(9),LONG,98680.98,9,3,27.337,55.435,0.875,-221.231,-1.5824,-22.457,-1.4923,-1.9931,-2.4507,2.3140,2.4424,-0.9801,1,5,2,0,1440,TIMEOUT
1738937700000,aggS(9),SHORT,99728.22,3,9,81.120,65.894,98.294,166.304,2.1983,130.528,1.6438,2.0032,2.4098,2.3441,3.4646,2.5736,0,14,5,0,1440,TIMEOUT
1739367900000,agg(9),LONG,94907.09,9,3,27.913,46.273,16.990,-109.667,-1.4809,-52.891,-1.7662,-1.7022,-1.8883,6.4620,11.9911,-1.0726,0,13,3,0,1440,TIMEOUT
1739555100000,aggS(9),SHORT,98418.51,3,9,65.356,62.127,95.749,111.551,1.0959,117.190,1.2415,1.3582,1.4172,1.8579,2.7234,1.6103,0,17,5,0,1440,TIMEOUT
1739556000000,aggS(9),SHORT,98522,3,9,70.587,69.407,88.341,165.360,1.6385,123.019,1.7998,2.1757,1.9383,1.9750,2.7790,1.6886,0,18,5,0,1440,TIMEOUT
1739897100000,agg(9),LONG,94726.51,9,3,27.926,45.002,0.255,-134.745,-1.0830,-13.637,-0.7671,-1.6721,-1.0014,1.7885,3.1646,-1.1204,0,16,2,0,1440,TIMEOUT
1740152700000,agg(9),LONG,97765.18,9,3,32.652,61.075,18.422,-141.788,-0.9196,-24.735,-1.4680,-1.7280,-0.9447,2.3354,3.2349,-0.6984,0,15,5,0,1051,SL
1740438000000,agg(9),LONG,92725.8,9,3,29.054,19.150,2.907,-117.921,-2.4168,-22.527,-1.9220,-1.8560,-2.3371,1.5724,2.2780,-2.3885,0,23,1,0,521,SL
1740442500000,agg(10),LONG,91883.85,10,3,20.703,15.734,2.585,-232.631,-3.5344,-7.281,-1.5421,-3.4345,-3.5086,1.8300,2.3680,-2.9835,0,0,2,0,508,SL
1740468600000,agg(10),LONG,89000,10,3,18.802,24.556,12.374,-186.412,-3.3092,-34.677,-2.5640,-2.7143,-2.9242,3.1228,5.9406,-4.3449,0,7,2,0,792,SL
1740469500000,agg(10),LONG,89154.41,10,2,17.382,24.556,21.658,-255.341,-3.5373,-20.090,-2.6933,-3.1093,-3.4999,2.2305,4.5279,-4.0923,0,7,2,0,789,SL
1740495600000,agg(9),LONG,86944.22,9,3,29.729,21.158,3.252,-38.769,-3.1635,-4.458,-2.1233,-2.4016,-1.2983,1.5721,2.0162,-4.0001,0,15,2,0,716,SL
1740579300000,agg(9),LONG,86206.28,9,3,17.916,34.467,7.260,-212.352,-2.4472,-16.153,-1.6466,-2.5609,-2.4145,2.4251,3.3620,-2.7674,0,14,3,0,475,SL
1740580200000,agg(11),LONG,85951.71,11,3,14.767,34.467,12.429,-269.395,-3.0551,-15.399,-2.0867,-3.0687,-3.3252,2.6619,4.7518,-3.0136,0,14,3,0,483,SL
1740594600000,agg(9),LONG,85088,9,2,31.568,29.864,0.000,-129.118,-3.2304,-12.202,-2.3647,-2.7577,-3.0460,1.8158,1.2056,-3.5575,0,18,3,0,459,SL
1740595500000,agg(10),LONG,84402,10,3,29.443,29.864,26.964,-190.435,-3.6006,-10.735,-2.5949,-2.4404,-3.4310,2.7031,3.4432,-4.2666,0,18,3,1,1135,TP
1740596400000,agg(10),LONG,84081.99,10,2,27.032,22.944,17.608,-246.117,-4.0639,-9.673,-2.7624,-2.9945,-3.3639,1.5688,1.6238,-4.5570,0,19,3,1,1131,TP
1740668400000,agg(9),LONG,84955.65,9,3,32.389,39.268,0.929,-178.251,-1.1298,-30.956,-1.8948,-1.7515,-1.3939,1.7843,2.9877,-0.7432,0,15,4,1,895,TP
1740707100000,agg(9),LONG,82272.22,9,3,26.305,40.907,37.125,-131.524,-2.4701,-25.453,-2.3882,-2.3939,-1.0591,3.7241,8.5899,-3.3097,0,1,5,1,754,TP
1740708000000,agg(10),LONG,82209.99,10,3,21.168,28.163,14.424,-236.400,-3.3842,-29.202,-3.3267,-3.4644,-2.2310,2.0809,2.1630,-3.3114,0,2,5,1,751,TP
1740710700000,agg(11),LONG,79799.91,11,3,21.770,28.163,9.667,-370.454,-4.9399,-21.829,-3.7304,-5.3053,-4.8853,2.9376,6.2669,-5.9122,0,2,5,1,730,TP
1740711600000,agg(10),LONG,81252.16,10,4,30.142,25.359,23.602,-372.907,-3.9463,1.440,-2.0872,-4.4255,-4.2693,1.5198,3.3486,-4.0959,0,3,5,1,735,TP
1740753900000,aggS(9),SHORT,82423.09,4,9,71.068,44.938,95.682,221.332,2.6087,106.079,1.9627,2.4750,2.7580,2.0315,2.4288,1.5437,0,14,5,0,594,SL
1740755700000,aggS(10),SHORT,83405.17,3,10,75.209,49.228,99.249,255.702,3.7422,113.598,2.2084,3.8972,4.2085,1.8503,2.0008,2.8126,0,15,5,0,592,SL
1740756600000,aggS(10),SHORT,83869.88,3,10,79.745,49.228,99.574,335.709,4.8951,118.421,2.8706,4.3727,5.4509,1.5164,2.1046,3.3926,0,15,5,0,589,SL
1740930300000,aggS(10),SHORT,87032.73,3,10,78.422,43.005,83.660,163.272,2.4942,140.910,3.1130,2.5119,2.5667,4.3968,8.7980,1.2602,0,15,0,0,23,SL
1740933000000,aggS(11),SHORT,89634.66,3,11,76.116,66.144,87.280,357.295,3.3541,115.579,4.4163,3.7909,3.3213,2.0811,3.6774,4.1622,0,16,0,0,1440,TIMEOUT
1740933900000,aggS(10),SHORT,91134.01,3,10,84.424,66.144,96.717,553.624,6.2601,131.247,5.9630,7.0218,6.3112,3.5551,4.7486,5.8142,0,16,0,1,559,TP
1740936600000,aggS(9),SHORT,93020.01,2,9,83.775,80.209,97.311,702.355,7.1027,104.453,5.1679,8.9246,8.0126,1.4055,2.0102,7.6840,0,17,0,1,386,TP
1740937500000,aggS(10),SHORT,93884,3,10,87.126,80.209,100.000,810.293,9.0762,108.963,6.3399,11.0362,10.1841,1.9226,2.3104,8.5388,0,17,0,1,382,TP
1741013100000,agg(9),LONG,91110.55,9,3,34.297,63.387,20.642,-57.939,-1.3114,-4.978,-1.8000,-1.9304,-0.6337,4.0608,4.9610,-1.9081,0,14,1,0,131,SL
1741014000000,agg(10),LONG,90251.34,10,3,23.159,40.925,3.106,-281.335,-3.4971,-36.314,-4.6594,-3.8531,-2.7969,3.2261,5.8588,-2.7700,0,15,1,0,129,SL
1741026600000,agg(10),LONG,87619.47,10,3,27.612,45.968,8.588,-181.470,-4.3189,0.317,-2.6609,-2.5204,-5.6664,2.4146,2.6794,-4.8169,0,18,1,0,1440,TIMEOUT
1741032000000,agg(10),LONG,85942.42,10,3,19.605,30.915,0.928,-325.668,-6.0134,-3.208,-1.9449,-5.2234,-4.1139,1.6253,2.2986,-6.0910,0,20,1,0,1440,TIMEOUT
1741052700000,agg(9),LONG,82835.99,9,3,23.256,36.333,3.749,-40.657,-5.2163,-46.186,-3.3088,-3.1800,-2.1691,2.9922,4.5850,-7.2475,0,1,2,1,576,TP
1741053600000,agg(9),LONG,83447.66,9,1,22.484,29.320,16.808,-138.815,-5.2247,-23.011,-3.0720,-3.6146,-3.1292,1.4203,4.1607,-6.4313,0,2,2,1,573,TP
1741054500000,agg(9),LONG,83189.88,9,3,27.827,29.320,28.647,-161.154,-4.5622,-1.450,-2.6397,-3.2487,-3.0320,1.5655,2.6107,-6.5895,0,2,2,1,570,TP
1741115700000,aggS(10),SHORT,88056.82,3,10,74.956,57.176,99.999,453.256,5.0626,110.842,3.1016,6.2696,6.0075,1.7197,2.0122,5.0176,0,19,2,0,1440,TIMEOUT
1741170600000,aggS(9),SHORT,90327.01,3,9,80.003,62.020,99.559,153.004,2.4138,119.517,1.5361,2.2741,3.0489,2.8235,4.0411,3.3177,0,10,3,1,1295,TP
1741171500000,aggS(9),SHORT,89764.65,2,9,82.215,62.020,79.242,202.180,2.7727,115.369,1.5276,2.5639,3.4647,2.3740,5.0756,2.5899,0,10,3,1,1297,TP
1741272300000,agg(9),LONG,89725.97,9,3,30.080,44.864,7.054,-131.750,-2.1730,2.478,-0.8716,-1.9156,-1.7723,2.5093,4.1258,-1.4907,0,14,4,0,886,SL
1741307400000,agg(10),LONG,87033.7,10,3,30.623,50.474,9.753,-122.615,-2.8665,-22.503,-3.5872,-3.2261,-1.2060,4.4161,8.4955,-3.3318,0,0,5,0,846,SL
1741308300000,agg(10),LONG,85524.28,10,3,26.127,50.474,5.598,-327.457,-4.0061,-25.805,-4.9118,-4.9971,-2.9119,1.7883,2.8210,-4.9286,0,0,5,0,1059,SL
1741309200000,agg(9),LONG,85854.32,9,1,24.767,31.169,13.032,-463.674,-4.3267,-15.656,-5.2953,-4.7819,-3.3854,1.3180,2.7667,-4.4651,0,1,5,0,1056,SL
1741382100000,agg(10),LONG,86534.69,10,3,31.409,41.902,22.316,-123.809,-2.5166,-10.892,-1.6819,-2.2496,-2.6353,1.9345,2.5833,-2.2147,0,21,5,0,780,SL
1741561200000,agg(10),LONG,80233.7,10,3,22.633,17.858,4.664,-176.285,-3.4482,-16.036,-2.2214,-3.3645,-2.4377,1.8398,2.3134,-4.3677,0,23,0,0,1440,TIMEOUT
1741616100000,agg(9),LONG,79733.99,9,3,30.531,41.267,0.000,-230.422,-2.5910,-29.200,-3.7068,-2.8711,-2.1766,1.8952,2.5570,-2.7919,-1,14,1,0,1440,TIMEOUT
1741617000000,agg(9),LONG,79778.83,9,3,29.070,41.267,12.246,-326.718,-2.8867,-17.114,-3.7309,-4.4264,-4.0324,1.6849,4.2755,-2.6987,-1,14,1,0,1440,TIMEOUT
1741653000000,agg(10),LONG,77063.55,10,3,28.580,36.082,0.348,-105.837,-3.0705,-36.927,-2.6446,-2.8364,-1.6267,2.3086,2.7584,-4.1710,-1,0,2,1,1041,TP
1741653900000,agg(9),LONG,76939.91,9,2,25.643,36.082,0.661,-196.551,-3.5364,-26.560,-3.0190,-3.3052,-2.4440,1.1425,4.1920,-4.2292,-1,0,2,1,1038,TP
1741704300000,agg(10),LONG,79380.84,10,3,31.927,51.556,13.030,-269.224,-1.4798,-20.810,-2.4289,-2.2940,-2.5189,1.7507,2.6266,-0.9548,-1,14,2,0,1440,TIMEOUT
1742141700000,aggS(9),SHORT,84287.14,3,9,65.556,43.593,63.039,157.401,0.5664,127.938,0.9307,1.7187,1.0807,4.4584,5.4063,0.5926,0,16,0,0,1440,TIMEOUT
1742776200000,aggS(9),SHORT,86605.83,3,9,75.411,79.257,99.007,104.013,1.4773,114.503,1.0622,1.4448,1.6780,2.0801,2.7374,1.9223,0,0,1,0,1440,TIMEOUT
1742997600000,agg(9),LONG,87041.86,9,3,29.071,39.419,7.938,-109.028,-0.9980,-36.112,-0.9790,-1.4908,-1.2715,4.3814,3.6805,-0.7249,0,14,3,0,1440,TIMEOUT
1743247800000,agg(9),LONG,82312.14,9,3,21.849,26.654,7.299,-100.176,-1.7049,-24.269,-1.1958,-1.7078,-1.4517,2.8716,5.4470,-1.9504,-1,11,6,0,1440,TIMEOUT
1743248700000,agg(9),LONG,82064.75,9,3,17.692,26.654,1.203,-143.389,-2.1895,-24.056,-1.6318,-2.1317,-2.1610,1.8071,3.1030,-2.2159,-1,11,6,0,1440,TIMEOUT
1743516900000,agg(9),LONG,82720.01,9,3,27.886,56.330,8.763,-139.552,-0.9049,-29.604,-0.9797,-1.4121,-1.6167,3.5589,3.7036,-0.6903,-1,14,2,0,1440,TIMEOUT
1743585300000,aggS(9),SHORT,85121.57,3,9,68.705,55.191,91.059,123.437,0.6443,127.552,1.0489,1.1767,0.7265,3.0912,2.6951,0.3401,-1,9,3,1,1404,TP
1743608700000,aggS(9),SHORT,86911.2,3,9,76.588,67.087,94.605,196.360,2.7446,117.624,1.6823,2.7436,2.5368,1.7831,4.0639,2.3778,-1,15,3,1,1227,TP
1743624900000,aggS(9),SHORT,87922,4,9,70.722,67.763,77.961,5.293,2.4097,117.492,1.7270,1.3816,1.8285,4.2341,3.3185,3.0117,-1,20,3,1,1134,TP
1743961500000,agg(9),LONG,81229.17,9,3,20.121,31.780,2.045,-117.114,-1.9701,-22.795,-1.4834,-1.7813,-1.9837,2.0994,3.3064,-2.0509,-1,17,0,0,156,SL
1743963300000,agg(9),LONG,80036.96,9,3,14.310,22.240,6.918,-194.852,-2.8082,-18.848,-2.0223,-2.8022,-3.0111,2.0638,2.5934,-3.3841,-1,18,0,0,1440,TIMEOUT
1743964200000,agg(10),LONG,79879.92,10,3,11.512,22.240,2.005,-248.087,-3.4616,-18.392,-2.4344,-3.4505,-3.4404,2.1176,3.7161,-3.5116,-1,18,0,0,1440,TIMEOUT
1743965100000,agg(10),LONG,78977.45,10,4,9.708,22.240,0.226,-299.699,-4.0174,-14.753,-3.0167,-3.9728,-4.0399,2.3488,2.2294,-4.5341,-1,18,0,0,1440,TIMEOUT
1743966000000,agg(10),LONG,79079.9,10,2,9.552,15.091,10.254,-315.733,-3.9804,-4.224,-2.4787,-3.9254,-3.8864,1.6942,2.2578,-4.3347,-1,19,0,0,1440,TIMEOUT
1744007400000,agg(9),LONG,75386.05,9,3,27.233,23.289,4.196,-93.891,-3.2817,-3.702,-1.6092,-2.4319,-4.0754,1.9371,3.4085,-5.0148,-1,6,1,1,718,TP
1744008300000,agg(9),LONG,75196.02,9,2,22.989,23.289,1.386,-168.122,-4.1352,-10.900,-2.7876,-3.0588,-4.6518,1.3892,4.0357,-5.1275,-1,6,1,1,714,TP
1744035300000,aggS(11),SHORT,80243.1,4,11,67.535,48.742,88.237,220.483,3.3887,132.395,2.8822,3.8624,4.5310,2.3641,4.3143,3.8022,-1,14,1,0,1440,TIMEOUT
1744162200000,agg(10),LONG,75405.05,10,3,21.926,35.255,2.806,-109.974,-3.5267,-29.918,-2.5512,-2.6595,-2.5919,1.7305,5.2264,-3.2453,-1,1,3,1,202,TP
1744219800000,aggS(11),SHORT,81534.91,4,11,78.989,56.323,90.354,279.184,4.6193,141.741,3.9347,5.1394,5.9305,4.6620,7.8368,6.0659,-1,17,3,0,1440,TIMEOUT
1744220700000,aggS(9),SHORT,81356,1,9,79.488,56.323,81.653,369.724,4.6707,120.634,4.3450,4.6011,5.8097,1.3544,3.8043,5.7346,-1,17,3,0,1440,TIMEOUT
1744221600000,aggS(9),SHORT,82003.55,2,9,83.421,71.650,98.470,483.548,6.1304,121.370,5.6040,6.2153,7.0886,1.5991,1.8998,6.4464,-1,18,3,0,1440,TIMEOUT
1744299900000,agg(9),LONG,78706.17,9,3,25.073,52.411,1.899,-188.172,-2.9693,-29.795,-2.5473,-2.8517,-2.9272,2.2564,2.9305,-3.8549,-1,15,4,0,1440,TIMEOUT
1744300800000,agg(9),LONG,78807.67,9,2,22.553,35.927,3.910,-260.329,-3.4648,-20.599,-3.5313,-3.6539,-3.6801,1.2739,3.2652,-3.6580,-1,16,4,0,1440,TIMEOUT
1744393500000,aggS(9),SHORT,83842.01,3,9,69.833,61.638,96.821,116.042,2.3450,117.382,2.0641,2.5338,1.9981,2.1407,2.5326,2.7209,-1,17,5,0,1440,TIMEOUT
1744573500000,agg(9),LONG,83803.89,9,3,34.563,53.910,24.784,-43.150,-1.0190,1.788,-1.2241,-1.1938,-0.6012,4.0594,3.8554,-0.8395,-1,19,0,0,1440,TIMEOUT
1744826400000,agg(9),LONG,83777.99,9,3,34.054,41.254,0.279,-123.341,-0.8995,-4.581,-1.8847,-2.1440,-0.5689,2.4936,3.3691,-0.2043,-1,18,3,0,1440,TIMEOUT
1745196300000,aggS(9),SHORT,86953.99,3,9,85.173,58.266,93.573,148.196,2.2770,131.714,1.8726,2.1132,2.4988,2.3117,5.8592,2.7213,-1,0,1,0,658,SL
1745285400000,aggS(10),SHORT,88414.7,3,10,71.964,60.985,75.569,105.681,1.1409,132.092,1.0134,1.4145,1.4231,3.2435,6.3748,1.2063,-1,1,2,0,1023,SL
1745329500000,aggS(9),SHORT,90257.7,3,9,80.300,69.599,98.680,141.386,1.9439,123.423,1.5482,1.8547,2.0284,2.5344,4.4974,2.3777,-1,13,2,0,1440,TIMEOUT
1745334900000,aggS(9),SHORT,91300,3,9,83.846,81.368,98.835,194.324,2.9711,102.026,1.2521,2.9978,3.1335,1.6943,2.4019,3.1989,-1,15,2,0,1440,TIMEOUT
1745359200000,aggS(9),SHORT,92820,3,9,78.519,82.282,71.572,43.301,2.9941,146.085,2.0177,1.5277,2.6104,4.6254,8.6678,3.3371,-1,22,2,0,1440,TIMEOUT
1745848800000,agg(9),LONG,94332.98,9,3,33.039,44.797,2.283,-135.987,-0.5256,-19.217,-1.6258,-1.5934,-0.7821,2.6292,2.2263,0.0472,0,14,1,0,1440,TIMEOUT
1746020700000,agg(9),LONG,93780.82,9,3,30.524,45.788,14.164,-107.373,-0.9276,-22.516,-1.0836,-1.1429,-0.7786,3.2093,4.0962,-0.9391,0,13,3,0,1440,TIMEOUT
1746021600000,agg(9),LONG,93363.54,9,3,21.700,29.678,0.299,-179.535,-1.8104,-34.877,-1.5466,-2.1886,-1.7796,2.8440,4.1051,-1.3592,0,14,3,0,1440,TIMEOUT
1746671400000,aggS(9),SHORT,98637.4,3,9,74.084,66.066,99.768,109.504,1.6576,115.380,0.7533,1.6117,1.4956,1.7254,2.6495,1.7252,0,2,4,0,1440,TIMEOUT
1746719100000,aggS(9),SHORT,101333.35,3,9,78.744,67.036,89.518,150.652,1.8818,135.538,1.7788,2.0240,1.5010,2.8696,3.9266,2.3877,0,15,4,0,1440,TIMEOUT
1746739800000,aggS(10),SHORT,103377.7,3,10,80.837,81.876,73.388,134.336,2.8232,124.116,1.8399,1.9092,2.4149,3.3175,3.7318,3.2496,0,21,4,0,1440,TIMEOUT
1746919800000,aggS(9),SHORT,104437.83,3,9,79.210,55.940,90.750,132.405,1.3000,137.133,1.1765,1.5640,1.5158,3.9430,9.5860,0.8699,0,23,6,0,1440,TIMEOUT
1747034100000,aggS(9),SHORT,105338.22,3,9,78.801,54.477,89.396,136.373,1.3777,150.107,1.5971,1.5585,1.5292,4.3849,10.4315,1.1430,0,7,1,0,1440,TIMEOUT
1747612800000,aggS(9),SHORT,106627.71,3,9,70.639,70.031,92.601,222.488,1.6201,103.805,1.1654,2.0635,1.8721,2.0731,2.7511,2.0298,0,0,1,0,1440,TIMEOUT
1747613700000,aggS(9),SHORT,106525.41,2,9,71.342,70.031,81.994,232.138,1.6516,98.110,0.5798,1.9850,1.8037,1.6283,2.2691,1.8867,0,0,1,0,1440,TIMEOUT
1747761300000,aggS(9),SHORT,105970.54,3,9,68.624,51.933,96.351,138.574,0.8447,122.022,0.7312,1.2743,1.0219,2.7698,2.8653,0.5149,0,17,2,0,1440,TIMEOUT
1747839600000,aggS(9),SHORT,109000.01,3,9,79.641,70.692,100.000,227.976,1.9368,133.639,1.7359,2.0217,2.6365,3.0858,5.7542,2.0046,0,15,3,0,1440,TIMEOUT
1748001600000,agg(9),LONG,108642.3,9,3,19.789,35.238,7.553,-140.428,-1.7380,-48.599,-1.7732,-1.8236,-1.3116,4.3742,7.5195,-2.1671,1,12,5,0,1440,TIMEOUT
1748002500000,agg(9),LONG,108190.32,9,3,14.849,35.238,5.098,-260.375,-2.5355,-36.964,-2.6411,-2.7398,-2.4073,2.7523,5.7080,-2.5313,1,12,5,0,1440,TIMEOUT
1748526300000,agg(9),LONG,107476.53,9,3,30.008,52.855,2.051,-111.457,-0.5317,-38.259,-1.0035,-1.1885,-0.5798,2.9730,3.5356,-0.5151,1,13,4,0,1440,TIMEOUT
1749151800000,agg(9),LONG,102390.42,9,2,27.928,31.567,20.599,-114.657,-2.0670,3.137,-0.5075,-1.0144,-1.9793,2.4725,4.4926,-2.0286,1,19,4,0,1440,TIMEOUT
1749156300000,agg(9),LONG,101138.15,9,2,18.663,25.065,2.921,-177.813,-3.1049,-4.382,-1.3394,-1.8401,-3.7210,1.5220,1.5629,-2.9997,1,20,4,0,1440,TIMEOUT
1749157200000,agg(9),LONG,101018.81,9,2,16.920,19.418,3.623,-204.677,-3.3759,-4.975,-1.6800,-2.7027,-3.8721,1.6867,2.3705,-3.0532,1,21,4,0,1440,TIMEOUT
1749464100000,aggS(9),SHORT,107339.91,3,9,85.722,65.961,96.164,165.474,1.3704,122.876,1.1801,1.5215,1.6476,3.1530,3.0771,1.4085,1,10,1,0,1440,TIMEOUT
1749504600000,aggS(9),SHORT,110028,3,9,83.969,75.611,98.916,111.400,2.4182,140.551,1.8494,1.8672,2.3454,3.7266,5.5954,2.5866,1,21,1,0,1440,TIMEOUT
1749761100000,agg(9),LONG,105888.97,9,3,31.189,38.137,3.585,-190.035,-1.2974,-14.245,-1.6473,-1.9004,-1.2875,2.4306,4.6835,-1.4998,1,20,4,0,1440,TIMEOUT
1749774600000,agg(9),LONG,103389.99,9,3,21.380,30.475,5.120,-180.498,-2.9756,-21.598,-1.9753,-2.0518,-3.7735,2.0589,2.9847,-3.4252,1,0,5,0,1440,TIMEOUT
1749777300000,agg(10),LONG,103266.1,10,3,19.712,21.314,6.797,-260.666,-3.5454,-10.506,-2.6169,-2.7440,-3.3622,1.9595,3.7376,-3.3720,1,1,5,0,1440,TIMEOUT
1750119300000,agg(9),LONG,106614.67,9,3,26.142,46.584,3.007,-273.137,-1.3939,-15.150,-1.3632,-2.1095,-2.1910,1.7211,3.2709,-0.8651,1,0,2,0,1440,TIMEOUT
1750431600000,agg(9),LONG,104152.24,9,3,17.254,35.970,2.300,-226.710,-1.3186,-39.199,-1.8267,-1.8895,-1.8884,2.9287,5.1276,-0.9666,1,15,5,0,1440,TIMEOUT
1750440600000,agg(9),LONG,102760,9,3,19.618,35.252,9.001,-175.246,-2.1502,3.606,-1.0915,-0.9530,-2.8245,2.2493,3.6095,-2.1948,1,17,5,0,1440,TIMEOUT
1750599000000,agg(9),LONG,100917.18,9,3,22.613,49.368,2.694,-102.978,-1.4202,-48.071,-1.6056,-1.4007,-1.4817,4.1978,4.8240,-1.4422,0,13,0,0,1440,TIMEOUT
1750599900000,agg(9),LONG,100761.17,9,3,17.651,49.368,2.934,-203.867,-2.0719,-36.094,-2.2433,-2.2038,-2.2270,2.4084,8.0733,-1.5635,0,13,0,0,1440,TIMEOUT
1750602600000,agg(9),LONG,99890.01,9,3,20.891,32.344,4.014,-307.876,-2.7315,-15.031,-2.6829,-3.1164,-2.7639,2.5535,5.5200,-2.3519,0,14,0,0,1440,TIMEOUT
1750603500000,agg(9),LONG,99303.62,9,3,19.023,32.344,1.956,-352.288,-3.0582,-9.772,-1.8999,-3.4750,-3.2037,2.2832,3.3548,-2.8952,0,14,0,0,1440,TIMEOUT
1750696200000,agg(9),LONG,99971.99,9,3,32.635,49.621,2.991,-131.275,-1.2690,-17.049,-1.7047,-2.0341,-0.9385,2.0652,2.5873,-1.4388,0,16,1,0,1440,TIMEOUT
1750716900000,aggS(10),SHORT,105127.99,3,10,77.413,65.082,92.241,118.925,3.1047,122.650,1.5267,2.5251,3.9954,3.4559,3.3976,3.0120,0,22,1,0,1440,TIMEOUT
1750717800000,aggS(10),SHORT,105492.63,3,10,80.510,65.082,99.040,201.476,3.6650,122.224,1.9940,2.7400,3.8275,1.8273,2.4155,3.3083,0,22,1,0,1440,TIMEOUT
1751472900000,aggS(9),SHORT,109534.77,3,9,81.467,72.007,90.648,123.075,1.8767,122.223,1.1837,1.5445,1.4969,3.1390,5.4490,2.4048,0,16,3,0,1440,TIMEOUT
1752090300000,aggS(9),SHORT,111543.33,3,9,82.236,61.616,99.614,176.720,2.0502,138.347,1.6804,1.9430,2.4599,3.7133,8.0184,2.3283,1,19,3,0,1247,SL
1752165000000,aggS(9),SHORT,112643.8,3,9,72.590,63.643,91.587,121.117,1.1273,140.255,1.2452,1.4232,1.0900,3.4210,6.4056,1.3663,1,16,4,0,1018,SL
1752167700000,aggS(9),SHORT,113246.35,3,9,81.123,74.905,99.090,241.572,1.9758,119.212,1.8173,2.1368,2.3645,2.5661,4.4811,1.8440,1,17,4,0,1009,SL
1752183000000,aggS(10),SHORT,116195.56,3,10,83.249,74.611,70.624,88.669,3.2870,145.374,2.0231,2.0345,2.9816,6.3294,7.8252,3.9119,1,21,4,0,1440,TIMEOUT
1752464700000,aggS(9),SHORT,120786.32,3,9,79.402,71.072,87.520,162.963,1.8078,128.184,1.1141,1.8442,2.0261,4.0501,8.6244,1.6349,1,3,1,0,1440,TIMEOUT
1752471000000,aggS(9),SHORT,122349.47,3,9,81.657,82.589,90.923,200.243,2.4761,104.605,1.2454,2.2421,2.6479,2.8592,3.3815,2.6641,1,5,1,0,1440,TIMEOUT
1752544800000,agg(9),LONG,118783.48,9,3,28.683,34.129,4.094,-104.735,-1.3598,-22.105,-0.8125,-1.1476,-1.4441,2.6906,4.9490,-1.4316,1,2,2,0,1440,TIMEOUT
1752549300000,agg(9),LONG,117200.01,9,3,26.051,32.958,12.913,-156.396,-1.7856,-1.116,-0.7214,-1.5280,-2.1829,2.2407,3.4113,-2.5098,1,3,2,0,1440,TIMEOUT
1753049700000,agg(9),LONG,116935.3,9,3,21.085,46.961,0.924,-101.170,-1.0857,-45.194,-0.9903,-1.2090,-1.2060,4.1818,5.5508,-1.0353,1,22,0,0,1440,TIMEOUT
1753415100000,agg(9),LONG,115682.01,9,3,7.479,29.839,1.777,-188.550,-2.4250,-8.953,-1.4518,-1.8356,-2.5431,2.0033,2.2749,-2.2665,1,3,5,0,1440,TIMEOUT
1753902000000,agg(9),LONG,116000.01,9,3,24.300,34.462,0.796,-103.104,-1.2019,-30.583,-1.0900,-1.0843,-0.9795,2.6845,3.5758,-1.6765,1,19,3,0,1440,TIMEOUT
1754404200000,agg(9),LONG,113014.01,9,3,29.142,47.804,5.519,-116.781,-1.0099,-15.365,-0.6878,-1.3746,-1.1593,2.1683,3.6913,-1.3595,1,14,2,0,1440,TIMEOUT
1754795700000,aggS(9),SHORT,117945.36,3,9,82.882,60.948,94.431,127.302,1.0372,138.245,1.1476,1.1041,1.1503,4.0220,6.8571,0.9778,1,3,0,0,1440,TIMEOUT
1754878500000,aggS(9),SHORT,121171.03,3,9,83.485,72.587,99.981,167.523,2.0608,133.706,1.8132,1.7022,2.5769,3.9485,6.9453,2.0793,1,2,1,0,1440,TIMEOUT
1755176400000,agg(9),LONG,118215.84,9,3,18.243,28.513,29.520,-163.464,-2.7231,-25.074,-1.5845,-2.1772,-2.3487,1.8014,2.3070,-3.4419,1,13,4,0,1440,TIMEOUT
1755178200000,agg(9),LONG,118402.29,9,2,20.425,28.513,14.563,-243.133,-3.0795,-14.093,-2.2807,-2.2309,-3.0978,1.8773,1.9444,-3.1905,1,13,4,0,1440,TIMEOUT
1755613800000,agg(9),LONG,114343.62,9,3,26.912,42.808,0.806,-123.817,-0.9693,-38.868,-1.1958,-1.1857,-1.1183,2.2048,3.6199,-1.0368,1,14,2,0,1440,TIMEOUT
1755872100000,aggS(9),SHORT,115029.88,3,9,81.339,42.420,99.688,206.958,2.0247,148.723,2.5445,2.6234,2.0520,5.7595,8.0840,1.9615,0,14,5,0,1440,TIMEOUT
1755873900000,aggS(9),SHORT,115866.35,3,9,83.763,42.420,93.238,399.340,2.4486,116.799,3.1072,3.3021,2.5654,1.6110,2.1615,2.6256,0,14,5,0,1440,TIMEOUT
1755875700000,aggS(10),SHORT,116914.62,3,10,86.876,74.286,98.138,486.035,3.1128,107.803,3.6983,3.8859,3.4366,1.6492,2.0919,3.4541,0,15,5,0,1440,TIMEOUT
1756151100000,agg(9),LONG,111340.01,9,3,33.407,47.098,4.529,-135.632,-0.5981,-36.933,-1.2529,-1.1927,-0.7840,2.2851,2.0513,-0.6189,0,19,1,0,1440,TIMEOUT
1756152900000,agg(9),LONG,110426.43,9,3,23.986,32.811,2.519,-269.761,-1.5237,-26.624,-2.0750,-2.1150,-1.7180,2.3418,5.8963,-1.3645,0,20,1,0,1440,TIMEOUT
1756154700000,agg(10),LONG,109457.96,10,3,28.215,32.811,16.305,-294.767,-1.5882,-6.106,-1.7997,-2.2302,-2.2063,2.2317,4.5164,-2.1470,0,20,1,0,1440,TIMEOUT
1756713600000,aggS(9),SHORT,109695.38,3,9,76.626,62.356,100.000,198.096,1.0702,125.871,1.2318,1.5942,1.6874,1.9304,2.8824,1.1813,0,8,1,0,1440,TIMEOUT
1756782000000,aggS(9),SHORT,110138.34,3,9,72.552,62.984,98.364,117.754,1.2274,104.870,0.6951,1.1151,2.2683,1.9558,3.3186,1.1401,0,3,2,0,1440,TIMEOUT
1757026800000,aggS(9),SHORT,111638.84,3,9,75.473,60.230,94.778,122.484,1.1306,125.573,0.9078,1.0263,1.5523,3.1569,3.2363,1.1743,0,23,4,0,1440,TIMEOUT
1757082600000,agg(9),LONG,110950.05,9,3,29.297,66.203,3.184,-137.363,-0.9651,-27.832,-1.8156,-1.2087,-1.0871,2.9392,3.3964,-0.7316,0,14,5,0,1440,TIMEOUT
1757429100000,agg(9),LONG,111801.28,9,3,26.462,59.136,2.475,-112.175,-0.7969,-41.002,-1.0980,-1.0225,-1.2103,2.5731,3.0285,-0.4535,0,14,2,0,1440,TIMEOUT
1759155300000,aggS(9),SHORT,113663.99,3,9,78.758,82.419,98.883,154.915,1.6019,125.413,1.5902,1.5287,1.5756,2.0213,2.5567,1.5175,0,14,1,0,1173,SL
1759508100000,aggS(9),SHORT,123062.64,3,9,85.091,76.459,94.885,250.943,2.3246,127.860,1.8239,2.3637,2.3562,2.6346,5.1906,2.3152,1,16,5,0,1440,TIMEOUT
1759640400000,aggS(9),SHORT,125412.78,3,9,81.595,78.355,84.522,158.267,2.1990,104.932,0.9376,1.8875,2.2729,3.5588,8.0593,2.4814,1,5,0,0,1440,TIMEOUT
1759657500000,agg(9),LONG,123222.9,9,3,27.575,68.905,4.839,-254.064,-0.4860,-36.328,-1.4039,-1.6184,-1.0547,3.0984,2.6193,0.0540,1,9,0,0,1440,TIMEOUT
1759846500000,agg(9),LONG,122992.66,9,3,27.140,44.812,3.448,-126.183,-1.1136,-33.739,-1.6699,-1.2342,-1.0410,3.2339,4.0847,-1.1198,1,14,2,0,944,SL
1759850100000,agg(9),LONG,122183.17,9,3,20.673,35.272,7.438,-252.842,-1.6974,-11.206,-1.5664,-2.1184,-1.9163,2.5458,3.0891,-1.6567,1,15,2,0,935,SL
1759913100000,aggS(9),SHORT,122596.72,3,9,70.792,41.925,99.999,110.485,0.8772,141.498,1.0428,1.2490,1.2458,2.6454,3.3037,0.7698,1,8,3,1,725,TP
1760029200000,agg(9),LONG,119939.23,9,3,25.743,33.643,2.996,-199.233,-1.7505,0.516,-0.8032,-1.5371,-2.3773,2.2101,3.8528,-1.7375,1,17,4,0,338,SL
1760110200000,agg(9),LONG,118669.25,9,3,22.549,39.809,0.087,-232.715,-1.7333,-33.509,-1.9932,-1.9280,-1.7152,2.6952,4.4374,-2.2602,1,15,5,0,69,SL
1760124600000,agg(9),LONG,116220,9,2,14.077,23.120,2.509,-153.974,-3.5267,2.698,-1.3708,-1.8317,-4.2690,1.8573,1.6083,-3.6071,1,19,5,0,21,SL
1760130000000,agg(10),LONG,115062.01,10,3,20.095,15.339,23.835,-89.231,-4.5513,-23.891,-2.2725,-2.8445,-3.9928,5.1833,5.7930,-4.2358,1,21,5,0,3,SL
1760130900000,agg(11),LONG,103975.26,11,4,15.036,15.339,28.951,-298.194,-6.1277,-31.025,-3.8163,-4.4723,-5.6609,4.7529,5.4275,-13.3837,1,21,5,1,28,TP
1760131800000,agg(10),LONG,111338.21,10,3,10.039,15.339,40.577,-644.813,-9.0869,-36.417,-7.1484,-7.5109,-8.9333,5.9281,7.5492,-7.0843,1,21,5,0,1440,TIMEOUT
1760132700000,agg(9),LONG,113104.41,9,5,26.575,15.339,55.572,-665.325,-6.9269,-1.429,-5.3447,-5.1515,-6.7913,2.4395,2.8310,-5.4921,1,21,5,0,1440,TIMEOUT
1760216400000,agg(9),LONG,109937.98,9,2,24.277,28.352,23.393,-163.489,-1.4272,-4.457,-0.7343,-1.4742,-1.3849,2.8568,3.2960,-1.6627,0,21,6,0,1440,TIMEOUT
1760285700000,aggS(9),SHORT,113642.02,3,9,71.140,60.306,86.847,193.826,1.8934,112.627,1.3904,1.8617,1.8203,1.9288,2.7644,2.0136,0,16,0,0,1440,TIMEOUT
1760629500000,agg(9),LONG,108762.75,9,3,31.840,41.349,8.984,-176.338,-1.6465,-21.399,-0.9993,-1.8511,-1.9711,1.9701,2.9378,-2.0648,0,15,4,0,1440,TIMEOUT
1760683500000,agg(9),LONG,106666.01,9,3,23.638,40.165,5.128,-186.357,-1.2727,-33.184,-1.6650,-1.9012,-1.5394,2.7707,5.6185,-1.7837,0,6,5,0,1440,TIMEOUT
1760687100000,agg(9),LONG,105837.45,9,3,16.676,30.972,2.065,-325.856,-2.2912,-5.675,-1.9109,-2.8066,-2.7343,1.5398,3.2570,-2.3204,0,7,5,0,1440,TIMEOUT
1760919300000,agg(9),LONG,107985.76,9,3,34.254,57.943,3.064,-107.682,-0.4814,-24.628,-0.9895,-0.6207,-0.9317,2.3099,2.5323,-0.2179,0,0,1,0,1440,TIMEOUT
1760932800000,aggS(9),SHORT,110273.12,3,9,75.522,68.626,90.665,181.627,1.2875,126.203,1.2859,1.8793,0.9150,3.3025,4.4254,1.6146,0,4,1,0,1440,TIMEOUT
1761020100000,agg(9),LONG,108220.69,9,3,18.987,37.775,12.147,-123.538,-1.8970,-16.411,-1.1021,-1.6360,-2.0606,3.0373,4.5480,-2.1223,0,4,2,0,1440,TIMEOUT
1761049800000,aggS(9),SHORT,108910.03,3,9,67.028,43.565,81.510,172.241,0.5036,116.886,0.7353,1.2730,1.0071,2.9035,2.2653,-0.2203,0,12,2,0,1440,TIMEOUT
1761058800000,aggS(10),SHORT,111994.78,3,10,80.468,68.582,97.258,303.338,3.4391,135.402,3.2533,2.7899,4.0984,3.7020,4.0017,2.8301,0,15,2,0,1440,TIMEOUT
1761059700000,aggS(9),SHORT,112474.34,2,9,81.297,68.582,89.567,393.151,3.6009,118.677,3.6678,2.8026,4.3019,1.6783,3.4870,3.2474,0,15,2,0,1440,TIMEOUT
1761086700000,agg(9),LONG,109250.01,9,2,30.201,53.411,22.803,-289.816,-1.3951,-12.946,-1.2117,-1.9258,-2.9405,2.3722,3.0458,-0.6692,0,22,2,0,1440,TIMEOUT
1761090300000,agg(9),LONG,108524.67,9,3,26.798,43.128,13.925,-277.221,-2.0528,2.016,-1.0188,-2.3300,-2.8174,1.6965,2.1111,-1.3888,0,23,2,0,1440,TIMEOUT
1761316200000,agg(9),LONG,110189.83,9,3,32.978,56.265,12.492,-120.571,-0.9105,-31.342,-1.0835,-0.9597,-1.2798,2.0983,2.7244,-0.5402,0,14,5,0,1440,TIMEOUT
1761679800000,agg(9),LONG,113945.66,9,3,32.890,54.513,0.001,-146.584,-0.9000,-28.940,-1.3867,-1.4085,-1.9038,2.6699,2.7884,-0.5176,0,19,2,0,1440,TIMEOUT
1761682500000,agg(9),LONG,112607.72,9,3,28.665,41.147,5.913,-248.698,-1.5575,-18.449,-1.8258,-2.2510,-2.0917,2.0416,3.6435,-1.6735,0,20,2,0,1440,TIMEOUT
1761798600000,agg(9),LONG,108300.01,9,3,21.461,40.434,12.906,-130.373,-2.2119,-41.746,-2.1556,-1.8746,-1.8772,4.5045,6.0588,-2.7378,0,4,4,0,1440,TIMEOUT
1761827400000,agg(9),LONG,109060.53,9,3,28.533,40.580,5.404,-135.705,-1.3500,-9.853,-1.1150,-1.2593,-2.2377,2.0781,2.4155,-1.2841,0,12,4,0,1440,TIMEOUT
1761831900000,agg(9),LONG,107800.01,9,3,20.690,34.410,2.612,-214.853,-2.3500,-10.879,-1.2054,-2.3069,-3.0724,2.4521,3.7969,-2.2480,0,13,4,0,1440,TIMEOUT
1761872400000,aggS(9),SHORT,109489.61,3,9,72.323,51.264,87.446,189.595,1.4535,114.386,1.2838,1.5988,2.6102,2.1416,2.4150,1.0631,-1,1,5,0,1440,TIMEOUT
1762139700000,agg(9),LONG,108338,9,3,24.891,34.358,1.160,-165.588,-1.6053,-15.322,-1.3056,-1.8543,-1.5704,2.6112,2.5367,-1.6726,0,3,1,0,492,SL
1762235100000,agg(9),LONG,104594.82,9,3,26.315,43.836,0.412,-180.854,-1.6835,-33.977,-1.8653,-1.8454,-1.6764,1.6714,4.7532,-2.1084,-1,5,2,0,1440,TIMEOUT
1762236000000,agg(9),LONG,104625.98,9,3,21.796,30.145,0.509,-272.502,-2.3136,-28.699,-2.4588,-2.5684,-2.1186,1.8566,3.4816,-2.0347,-1,6,2,0,1440,TIMEOUT
1762276500000,agg(9),LONG,100923.41,9,3,23.286,29.469,2.503,-223.584,-2.6702,-21.593,-1.7996,-2.4916,-2.8753,1.7620,2.6671,-3.7331,-1,17,2,0,1440,TIMEOUT
1762443900000,agg(9),LONG,101845.16,9,3,33.453,40.602,4.057,-100.219,-1.2861,-8.041,-1.0640,-1.0565,-1.2730,1.5093,2.6106,-1.3311,-1,15,4,0,1440,TIMEOUT
1762447500000,agg(9),LONG,100520.14,9,3,24.769,39.787,8.796,-171.513,-2.3014,-20.341,-1.8007,-2.3656,-2.5007,2.6819,2.4305,-2.4910,-1,16,4,0,1440,TIMEOUT
1762514100000,agg(9),LONG,100126.96,9,3,26.626,37.374,0.001,-134.055,-1.4759,-8.231,-0.9011,-1.4938,-2.1690,2.0501,2.3264,-1.3735,-1,11,5,0,1440,TIMEOUT
1762698600000,aggS(9),SHORT,103575.75,3,9,85.519,62.760,100.000,155.604,1.8224,125.694,1.4831,1.6012,1.8768,3.2804,4.1674,1.5102,-1,14,0,0,1440,TIMEOUT
1762786800000,agg(9),LONG,105152.64,9,3,27.952,48.014,11.334,-104.400,-1.1588,-38.512,-1.4193,-0.9640,-1.4486,3.0576,5.0901,-0.7419,-1,15,1,0,1027,SL
1762938900000,aggS(9),SHORT,104954.56,3,9,76.851,54.695,94.491,122.706,1.5088,129.979,1.6364,1.3220,1.3180,2.6374,2.7423,1.6594,-1,9,3,1,713,TP
1762962300000,agg(9),LONG,102586.58,9,3,23.111,48.259,4.867,-272.570,-1.2649,-24.966,-1.8942,-2.0065,-1.9551,2.4097,3.5059,-1.2264,-1,15,3,0,635,SL
1762963200000,agg(9),LONG,101902.08,9,3,19.078,33.251,6.559,-334.020,-1.8268,-21.336,-2.4075,-2.6682,-2.5991,1.8732,3.4603,-1.8754,-1,16,3,0,1213,SL
1762964100000,agg(9),LONG,101768.59,9,3,15.838,33.251,5.454,-397.364,-2.4281,-18.107,-2.3833,-3.3957,-3.3957,1.9554,3.0868,-1.9857,-1,16,3,0,1210,SL
1763045100000,agg(9),LONG,102221.03,9,3,32.258,44.072,7.655,-120.221,-0.9521,-19.761,-0.7159,-1.0248,-1.2212,2.2100,4.3621,-0.3469,-1,14,4,0,388,SL
1763095500000,agg(10),LONG,97248.78,10,3,28.134,38.302,27.504,-121.734,-1.7534,-38.342,-1.7274,-1.9190,-2.8289,3.9787,5.9422,-2.8380,-1,4,5,0,1152,SL
1763124300000,agg(9),LONG,95351.82,9,3,23.010,26.218,11.292,-133.237,-2.9252,-20.825,-1.7080,-2.1340,-2.3515,2.3788,5.0188,-2.7923,-1,12,5,0,1440,TIMEOUT
1763387100000,agg(9),LONG,93742.55,9,3,22.992,50.795,0.691,-188.514,-1.5464,-34.648,-1.6804,-1.9620,-1.8481,2.4627,3.0855,-1.3414,-1,13,1,0,927,SL
1763568000000,agg(9),LONG,90006,9,3,31.449,35.526,2.863,-129.000,-1.5583,-34.513,-1.9964,-2.0025,-1.4927,2.4175,4.1444,-1.8014,-1,16,3,0,474,SL
1763655300000,agg(10),LONG,88735.08,10,3,23.316,34.767,7.476,-230.861,-3.3520,-25.821,-2.6157,-3.1732,-3.2956,2.5236,4.3540,-3.4697,-1,16,4,0,241,SL
1763656200000,agg(9),LONG,88594.67,9,3,23.262,34.767,10.352,-270.450,-3.2850,-10.167,-1.8765,-3.0808,-3.1183,1.5851,3.0162,-3.5805,-1,16,4,0,238,SL
1763658900000,agg(10),LONG,86967.03,10,3,16.263,25.490,5.892,-380.321,-4.8055,-7.260,-3.1378,-4.3681,-5.0634,1.9914,3.3794,-5.1793,-1,17,4,0,1440,TIMEOUT
1763694000000,agg(9),LONG,85681.65,9,3,28.792,30.149,3.971,-129.571,-2.4251,-12.415,-2.0581,-2.1040,-2.1054,1.5798,3.1365,-3.3160,-1,3,5,0,1440,TIMEOUT
1763728200000,agg(9),LONG,81699.83,9,3,21.274,25.483,10.201,-35.889,-4.7013,-6.318,-2.5708,-1.5354,-4.9991,2.4553,2.0385,-4.4664,-1,12,5,0,1440,TIMEOUT
1764178200000,aggS(9),SHORT,88988.01,3,9,74.796,55.794,92.466,155.876,1.5810,121.131,1.2552,2.0292,2.4759,2.7692,2.3773,1.8892,-1,17,3,0,1440,TIMEOUT
1764179100000,aggS(9),SHORT,89774.01,3,9,80.946,55.794,100.000,231.659,2.5054,127.757,2.1903,2.8583,3.3415,2.1689,2.4025,2.7598,-1,17,3,0,1440,TIMEOUT
1764340200000,aggS(9),SHORT,92580.12,3,9,78.150,64.341,98.951,134.162,1.6583,128.202,1.6092,1.6695,1.4552,2.1194,2.1780,1.3105,-1,14,5,0,1440,TIMEOUT
1764548100000,agg(9),LONG,88719.99,9,3,14.245,35.804,1.811,-182.954,-2.6141,-43.713,-2.5270,-2.3577,-2.7715,4.8324,8.7216,-2.8173,-1,0,1,0,1440,TIMEOUT
1764549000000,agg(10),LONG,87950,10,3,11.980,35.804,0.840,-269.786,-3.1537,-28.183,-2.8551,-3.0696,-3.2526,2.1366,4.1667,-3.6223,-1,0,1,0,1440,TIMEOUT
1764549900000,agg(10),LONG,87421.58,10,3,9.973,35.804,2.629,-348.873,-3.7813,-21.009,-3.2264,-3.8785,-4.0618,2.0999,4.2985,-4.1524,-1,0,1,0,1440,TIMEOUT
1764550800000,agg(10),LONG,87429.37,10,3,8.260,16.303,0.911,-424.234,-4.4985,-16.779,-4.0310,-4.6368,-4.8773,1.9745,3.2255,-4.0836,-1,1,1,0,1440,TIMEOUT
1764603900000,agg(9),LONG,84314.51,9,3,21.622,31.248,1.863,-143.040,-2.5667,-32.034,-2.6716,-2.4907,-3.0986,2.3345,3.1816,-2.7095,-1,15,1,1,413,TP
1764688500000,aggS(10),SHORT,90605.39,3,10,88.640,71.569,93.720,288.971,3.9562,128.955,3.3445,3.8095,4.3254,3.6411,4.3772,4.1047,-1,15,2,0,1440,TIMEOUT
1764689400000,aggS(9),SHORT,90103.72,4,9,78.283,71.569,81.051,301.643,3.3074,104.446,2.0731,3.3351,3.8905,1.5129,2.4516,3.4613,-1,15,2,0,1440,TIMEOUT
1764953100000,agg(10),LONG,88386,10,3,22.246,32.477,9.773,-186.674,-3.2119,-18.965,-3.1114,-2.3310,-3.0045,1.9850,2.8420,-3.5264,-1,16,5,0,1440,TIMEOUT
1765128600000,aggS(9),SHORT,90959.99,3,9,70.845,55.486,98.879,199.489,1.6276,113.414,1.6701,2.8376,1.6305,2.2296,2.7044,1.8287,-1,17,0,0,1440,TIMEOUT
1765145700000,agg(9),LONG,89300.01,9,3,31.817,52.850,14.854,-260.131,-0.5941,-30.799,-2.2582,-2.1909,-0.5668,2.9508,3.1100,-0.5398,-1,22,0,0,1440,TIMEOUT
1765206000000,agg(9),LONG,90952.33,9,3,29.633,48.437,4.696,-110.497,-0.8097,-23.457,-0.8717,-1.0959,-1.1527,2.5054,2.9952,-0.3684,-1,15,1,0,1440,TIMEOUT
1765206900000,agg(9),LONG,90393.38,9,3,22.392,48.437,6.605,-164.585,-1.4586,-29.768,-1.3433,-1.6499,-1.9473,2.3182,2.8781,-0.9946,-1,15,1,0,1440,TIMEOUT
1765295100000,aggS(9),SHORT,91950.66,3,9,75.789,48.558,97.657,127.609,1.9059,141.952,1.9761,1.7157,2.1675,2.7521,4.4659,1.7806,-1,15,2,0,1440,TIMEOUT
1765296000000,aggS(9),SHORT,93053.7,3,9,80.213,70.460,94.102,215.411,2.5720,132.155,2.9054,2.2192,2.6679,2.2918,4.3780,2.9735,-1,16,2,0,1440,TIMEOUT
1765296900000,aggS(10),SHORT,93339.32,3,10,83.783,70.460,98.022,304.878,3.3144,126.012,3.4138,3.5914,3.5402,1.7287,3.0785,3.2466,-1,16,2,0,1440,TIMEOUT
1765298700000,aggS(10),SHORT,94363.59,3,10,85.755,70.460,99.188,394.250,4.0286,112.294,3.3792,4.2176,4.3809,1.7705,2.9155,4.2738,-1,16,2,0,1440,TIMEOUT
1765397700000,aggS(9),SHORT,93671.11,3,9,74.871,60.390,98.580,149.556,2.0445,140.548,1.8913,1.9663,2.3456,2.8112,3.5297,1.3661,-1,20,3,0,1440,TIMEOUT
1765487700000,aggS(9),SHORT,92895.11,3,9,70.210,62.414,92.287,169.481,2.3169,107.644,1.7851,1.4169,3.4291,1.9099,3.0667,2.8566,-1,21,4,0,1440,TIMEOUT
1765488600000,aggS(10),SHORT,93362.62,3,10,75.149,62.414,100.000,236.265,3.1520,116.305,2.1059,2.8326,4.1499,1.5442,2.5550,3.3255,-1,21,4,0,1440,TIMEOUT
1765553400000,agg(9),LONG,90624.46,9,3,23.841,57.913,0.203,-101.527,-1.5954,-50.877,-1.4935,-1.7067,-1.7492,3.6114,5.7249,-1.8464,-1,15,5,0,1440,TIMEOUT
1765555200000,agg(9),LONG,89720.19,9,3,17.423,31.516,5.385,-240.608,-2.4894,-25.518,-2.7205,-2.5414,-2.7647,2.5100,3.0396,-2.7649,-1,16,5,0,1440,TIMEOUT
1765810800000,agg(9),LONG,87503.22,9,3,20.109,28.179,10.313,-129.371,-1.7129,-47.339,-1.5873,-1.7004,-2.0198,4.5031,5.9818,-2.0557,-1,15,1,0,1440,TIMEOUT
1765811700000,agg(9),LONG,87035,9,3,16.188,28.179,3.281,-208.822,-2.3095,-33.205,-2.1861,-2.5312,-2.6182,2.1571,4.4227,-2.5681,-1,15,1,0,1440,TIMEOUT
1765812600000,agg(9),LONG,87057.17,9,3,13.248,28.179,6.137,-285.452,-2.9328,-25.315,-3.0492,-3.1490,-3.3358,2.0663,4.3103,-2.5227,-1,15,1,0,1440,TIMEOUT
1765817100000,agg(10),LONG,86202.46,10,3,16.796,21.169,7.011,-263.421,-3.2692,4.862,-0.6230,-3.6532,-3.6340,1.9764,2.0769,-3.3765,-1,16,1,0,1440,TIMEOUT
1765983600000,aggS(10),SHORT,89597.53,3,10,81.101,72.567,99.679,210.346,3.1070,143.944,2.6297,2.9688,3.7705,5.5069,7.1099,2.8308,-1,15,3,0,1440,TIMEOUT
1765984500000,aggS(10),SHORT,89904.65,3,10,83.340,72.567,95.227,308.329,3.6389,126.931,2.9272,3.8562,4.0558,1.9228,4.4233,3.1469,-1,15,3,0,1440,TIMEOUT
1766087100000,agg(9),LONG,84759.6,9,3,28.546,40.234,0.658,-260.942,-2.9503,0.938,-1.9732,-1.9547,-3.5685,1.7804,2.0526,-2.7101,-1,19,4,0,1440,TIMEOUT
1766115000000,aggS(9),SHORT,87186,3,9,71.368,43.800,99.554,197.635,1.2798,140.972,2.2433,1.8003,1.9252,2.7655,3.8478,0.8200,-1,3,5,0,1440,TIMEOUT
1766716200000,aggS(9),SHORT,89095.99,3,9,76.114,44.674,88.466,161.953,1.3120,126.581,1.9858,2.0577,1.2073,3.5834,7.5623,1.5200,-1,2,5,0,1440,TIMEOUT
1766762100000,agg(9),LONG,86908.69,9,3,18.391,39.990,0.219,-185.147,-2.2481,-35.176,-2.4909,-2.2100,-2.3589,2.0998,5.8912,-1.7715,-1,15,5,0,1440,TIMEOUT
1766974500000,aggS(9),SHORT,89032.76,3,9,79.226,73.387,98.629,117.268,1.6250,131.465,1.0982,1.6444,1.9519,3.4222,6.7980,1.3574,-1,2,1,0,1440,TIMEOUT
1766979900000,aggS(9),SHORT,89916.33,3,9,82.382,82.732,99.692,156.940,2.2522,103.949,0.9511,2.1898,2.6722,1.8512,2.5245,2.2115,-1,3,1,0,1440,TIMEOUT
1767001500000,agg(9),LONG,88076.2,9,3,24.431,70.343,2.730,-183.308,-0.8682,-38.907,-1.7334,-1.5797,-2.2075,4.0869,4.3557,-0.6575,-1,9,1,0,1440,TIMEOUT
1767199500000,agg(9),LONG,87495.66,9,3,20.988,41.941,3.302,-130.815,-1.2568,-5.901,-0.5953,-1.8795,-1.7576,2.1360,2.4157,-1.2057,-1,16,3,0,1440,TIMEOUT
1767575700000,aggS(9),SHORT,92845.83,3,9,84.699,75.337,98.256,158.607,1.7421,127.810,1.5565,1.9195,1.8455,2.7149,3.6850,1.6228,-1,1,1,0,1440,TIMEOUT
1767722400000,agg(9),LONG,91717.92,9,3,22.294,27.529,1.765,-202.757,-2.0395,-10.003,-1.0429,-2.6998,-2.4319,1.8369,2.0602,-1.9936,-1,18,2,0,1440,TIMEOUT
1768207500000,agg(9),LONG,90645.29,9,3,26.952,52.990,3.394,-162.897,-0.9625,-33.343,-1.4486,-1.7412,-1.5481,3.4509,4.4692,-0.7230,-1,8,1,0,1440,TIMEOUT
1768320000000,aggS(9),SHORT,93593.05,3,9,71.552,72.231,99.999,101.217,1.4745,127.745,0.8089,1.4217,1.4343,1.8292,2.0042,1.8604,-1,16,2,0,1440,TIMEOUT
1768342500000,aggS(9),SHORT,95329.81,3,9,80.485,70.568,70.499,47.507,2.7132,125.845,1.2662,1.6707,2.4341,5.6583,5.6465,2.7112,-1,22,2,0,1440,TIMEOUT
1768402800000,aggS(9),SHORT,96373.48,3,9,77.246,71.971,84.446,139.118,1.3837,133.931,1.4937,1.4868,1.4775,3.2135,5.6599,1.1930,-1,15,3,0,1440,TIMEOUT
1768780800000,agg(9),LONG,92977.7,9,3,15.690,24.504,3.014,-169.068,-1.5847,-36.706,-1.8956,-1.7105,-1.8509,3.8873,7.3604,-2.3079,-1,0,1,0,1440,TIMEOUT
1768781700000,agg(10),LONG,92792.38,10,3,9.905,24.504,14.869,-280.605,-2.8165,-37.752,-3.1938,-3.0936,-3.1249,5.2812,9.6928,-2.4670,-1,0,1,0,1440,TIMEOUT
1769014800000,agg(9),LONG,88090.28,9,4,30.274,33.837,0.416,-167.058,-1.9300,-2.134,-2.7863,-2.2235,-1.3375,2.0358,2.6062,-1.3572,-1,17,3,0,1440,TIMEOUT
1769095800000,agg(9),LONG,88692.42,9,3,23.490,41.263,2.170,-120.954,-1.3777,-21.851,-1.1647,-1.5141,-1.5232,2.5780,2.7934,-1.3612,-1,15,4,0,1440,TIMEOUT
1769186700000,aggS(9),SHORT,90425.99,3,9,66.943,54.603,91.737,102.327,0.9671,120.166,1.4498,0.9059,1.1434,2.6129,2.2178,1.0417,-1,16,5,0,1440,TIMEOUT
1769366700000,agg(9),LONG,87285.77,9,3,20.856,28.398,13.154,-100.183,-1.5722,-6.375,-0.9201,-0.9383,-1.9884,2.5947,3.9854,-1.4975,-1,18,0,0,1440,TIMEOUT
1769369400000,agg(9),LONG,86446.95,9,3,22.206,23.339,2.654,-124.422,-2.1311,-11.941,-1.3893,-1.8110,-2.5223,2.5464,3.0696,-2.3428,-1,19,0,0,1440,TIMEOUT
1769699700000,agg(10),LONG,85547.05,10,3,11.641,30.221,1.345,-198.283,-3.0317,-50.197,-3.0824,-3.0261,-2.9508,5.1072,9.7422,-3.0907,-1,15,4,0,599,SL
1769701500000,agg(10),LONG,84488,10,3,11.591,30.221,5.190,-344.590,-3.7190,-19.877,-3.6520,-3.9865,-3.7486,2.8865,4.4503,-4.1582,-1,15,4,0,610,SL
1769737500000,agg(11),LONG,82018.85,11,3,17.318,29.323,25.359,-134.703,-3.3281,-51.612,-2.7647,-2.9016,-2.4543,5.7971,10.4544,-4.2720,-1,1,5,0,882,SL
1769740200000,agg(10),LONG,81620.24,10,3,20.565,21.977,9.596,-279.776,-3.5808,-10.840,-3.1826,-3.7623,-3.4434,1.6250,2.2929,-4.4338,-1,2,5,0,874,SL
1769870700000,agg(9),LONG,81097.67,9,3,15.862,34.812,7.347,-147.001,-2.8234,-33.671,-2.2120,-2.2294,-2.6663,2.3427,5.9779,-2.9398,-1,14,6,0,442,SL
1769879700000,agg(11),LONG,79075.41,11,3,14.033,17.808,14.405,-197.436,-4.6721,-17.973,-3.0201,-2.6532,-4.8235,3.7387,5.1945,-4.8281,-1,17,6,0,1153,SL
1769885100000,agg(11),LONG,78008.27,11,3,13.034,13.194,28.092,-246.516,-5.5092,-0.243,-1.9967,-4.2624,-6.1821,3.7138,3.9513,-5.5504,-1,18,6,0,1242,SL
1769959800000,agg(9),LONG,77052.22,9,3,28.969,35.794,2.871,-130.710,-1.9939,-27.376,-1.5403,-1.8808,-2.5769,1.7948,3.2809,-1.9638,-1,15,0,0,1015,SL
1770003900000,agg(9),LONG,75923.18,9,2,28.005,35.177,0.926,-278.939,-3.3554,-17.558,-3.2244,-2.8460,-3.6389,0.9429,3.2697,-2.0632,-1,3,1,0,966,SL
1770087600000,agg(9),LONG,77682,9,3,34.343,46.326,0.578,-103.062,-1.0689,-35.618,-1.4340,-1.3959,-0.9220,1.7954,2.3315,-0.9846,-1,3,2,0,575,SL
1770138900000,agg(9),LONG,75842.94,9,2,27.310,37.539,0.403,-194.687,-3.1205,-13.922,-3.1143,-2.7950,-3.2256,1.5982,1.7476,-3.1173,-1,17,2,0,516,SL
1770140700000,agg(9),LONG,75033.38,9,2,25.878,37.539,1.825,-241.551,-3.6717,-7.312,-2.0153,-2.6248,-3.9488,1.6119,1.4771,-4.0317,-1,17,2,0,543,SL
1770143400000,agg(10),LONG,74240,10,3,20.544,30.246,6.553,-300.791,-4.7530,-2.141,-2.1281,-5.1761,-5.5282,1.8149,4.7500,-4.8220,-1,18,2,0,536,SL
1770217200000,agg(9),LONG,74498.01,9,3,26.272,35.147,5.164,-132.037,-2.3759,-18.884,-1.3251,-2.2508,-2.3115,2.8097,2.2199,-2.1661,-1,15,3,0,289,SL
1770219900000,agg(10),LONG,74111.9,10,3,32.128,35.147,23.081,-115.786,-2.2559,1.061,-1.2422,-2.2973,-2.4917,2.0787,2.0041,-2.6067,-1,15,3,0,281,SL
1770223500000,agg(9),LONG,73277.4,9,2,25.237,33.991,0.822,-172.476,-3.6156,-7.208,-2.4010,-2.9698,-3.8442,1.7950,1.4422,-3.5527,-1,16,3,0,271,SL
1770226200000,agg(10),LONG,72710,10,3,26.109,31.488,2.337,-178.568,-4.2072,-4.769,-1.9254,-2.5363,-4.7300,2.0051,2.5703,-4.1470,-1,17,3,0,263,SL
1770304500000,agg(9),LONG,68296.72,9,3,29.275,27.360,0.109,-65.586,-3.7822,-10.984,-2.4031,-1.8947,-4.8672,2.3019,3.3264,-4.1547,-1,15,4,0,67,SL
1770305400000,agg(10),LONG,66984.86,10,4,23.853,27.360,0.838,-198.611,-5.3031,-24.745,-4.1422,-3.8980,-6.7829,2.4176,3.8714,-5.8893,-1,15,4,0,103,SL
1770323400000,agg(11),LONG,63729.09,11,3,24.182,20.963,9.868,-132.234,-7.1784,-10.494,-3.6703,-3.4981,-4.4657,1.9097,3.2798,-8.1402,-1,20,4,1,244,TP
1770336900000,agg(9),LONG,60081.74,9,3,21.891,20.468,3.237,-96.791,-9.3934,-29.536,-5.7148,-5.4016,-9.1167,2.6029,3.3363,-11.2823,-1,0,5,1,67,TP
1770337800000,agg(9),LONG,62324.81,9,5,31.812,20.468,27.981,-138.931,-7.4639,1.119,-4.9671,-2.9108,-6.8186,1.5224,2.4656,-7.7603,-1,0,5,1,171,TP
1770389100000,aggS(10),SHORT,68241.1,3,10,76.910,53.213,97.499,111.281,3.9600,118.694,2.0378,2.8383,3.6928,2.3866,3.0470,4.6964,-1,14,5,0,1440,TIMEOUT
1770394500000,aggS(9),SHORT,69620.27,2,9,76.622,59.183,94.886,152.459,4.7458,102.509,1.6059,3.0610,5.0751,1.5633,1.7867,6.1515,-1,16,5,0,1440,TIMEOUT
1770447600000,agg(9),LONG,68776.36,9,3,27.651,47.671,0.408,-184.254,-2.3245,-32.690,-2.0877,-3.3473,-2.4149,2.5809,2.8841,-1.9837,-1,7,6,0,1440,TIMEOUT
1770448500000,agg(10),LONG,67802.41,10,3,22.306,47.671,0.272,-277.215,-3.4304,-29.540,-3.1499,-3.8951,-3.5161,2.0623,3.0044,-3.3966,-1,7,6,0,1440,TIMEOUT
1770449400000,agg(9),LONG,67699.65,9,3,23.851,47.671,15.728,-315.436,-3.2691,-10.610,-2.9574,-3.8675,-3.4222,1.5203,3.4173,-3.5363,-1,7,6,0,1440,TIMEOUT
1770451200000,agg(10),LONG,68099.6,10,3,29.065,44.321,19.903,-287.059,-3.0924,5.141,-2.8207,-3.1091,-3.2322,1.7909,2.3966,-2.9641,-1,8,6,0,1440,TIMEOUT
1770540300000,aggS(9),SHORT,70584,2,9,76.668,56.344,74.760,104.711,1.4192,121.843,1.2846,1.4730,1.6006,2.3483,2.8824,1.7747,-1,8,0,0,1440,TIMEOUT
1770633900000,agg(9),LONG,68450.87,9,3,20.570,41.068,8.133,-149.285,-2.6675,-10.795,-1.8212,-2.7080,-3.3150,1.6338,2.3950,-3.1085,-1,10,1,0,1440,TIMEOUT
1770659100000,aggS(9),SHORT,70783.55,3,9,67.922,51.359,94.367,182.836,1.6685,117.046,1.7953,1.9723,2.4614,1.8687,2.1226,1.1900,-1,17,1,0,1440,TIMEOUT
1770734700000,agg(9),LONG,68030.41,9,3,33.951,43.871,23.987,23.094,-1.3846,-8.566,-0.7350,-0.5927,-1.4082,4.2814,3.6580,-2.0770,-1,14,2,0,1440,TIMEOUT
1770784200000,agg(9),LONG,67572.77,9,3,25.881,39.372,1.188,-128.052,-1.9512,-17.743,-1.3853,-2.0373,-1.5825,2.0296,3.9660,-1.9382,-1,4,3,0,1440,TIMEOUT
1770790500000,agg(9),LONG,66891.13,9,3,21.795,33.263,4.736,-111.797,-2.4878,2.071,-0.9885,-2.2086,-3.3411,2.1500,2.9579,-2.7577,-1,6,3,0,1440,TIMEOUT
1770819300000,aggS(10),SHORT,68299.84,3,10,73.458,42.670,84.753,158.405,1.5678,141.967,1.9737,2.2885,2.2934,3.3700,2.7585,0.7825,-1,14,3,0,1440,TIMEOUT
1770912900000,agg(9),LONG,66557.4,9,3,31.899,45.011,3.057,-150.675,-1.3714,-25.677,-1.5073,-2.2879,-1.9856,1.6740,2.5173,-1.3778,-1,16,4,0,1440,TIMEOUT
1770913800000,agg(9),LONG,66179.35,9,3,27.223,45.011,2.713,-204.016,-2.0580,-24.576,-2.0034,-3.3801,-3.1422,1.7263,2.4007,-1.9223,-1,16,4,0,1440,TIMEOUT
1770915600000,agg(9),LONG,65870.25,9,3,28.033,34.830,10.768,-233.571,-2.2806,-7.056,-2.2805,-3.1348,-3.2502,1.6419,2.2228,-2.3309,-1,17,4,0,1440,TIMEOUT
1770996600000,aggS(9),SHORT,69058.85,2,9,84.170,62.707,99.801,141.849,3.1218,131.246,2.5779,2.7009,2.9654,2.0217,1.9570,3.5636,-1,15,5,0,1440,TIMEOUT
1770999300000,aggS(9),SHORT,68975,2,9,80.601,70.589,89.471,167.349,3.1517,102.171,1.9475,2.6021,3.2341,1.5057,1.4917,3.2671,-1,16,5,0,1440,TIMEOUT
1771160400000,agg(9),LONG,69427.76,9,3,25.518,41.339,0.328,-101.163,-1.2035,-46.975,-1.4903,-1.5890,-2.1379,3.6176,3.5079,-0.9677,-1,13,0,0,1440,TIMEOUT
1771162200000,agg(9),LONG,68983.34,9,3,26.343,41.339,2.732,-155.040,-1.5467,-21.312,-1.6631,-1.9455,-2.1414,2.1075,2.3759,-1.5808,-1,13,0,0,1440,TIMEOUT
1771256700000,agg(9),LONG,67485.45,9,3,28.606,44.279,5.471,-134.078,-1.7495,-7.686,-1.2702,-3.1767,-1.9426,2.4907,3.9171,-1.7075,-1,15,1,0,1440,TIMEOUT
1771595100000,agg(10),LONG,66785.48,10,3,28.103,53.762,17.069,-126.499,-1.4533,-11.329,-1.0392,-1.8357,-1.7240,3.4025,7.5205,-1.0047,-1,13,5,0,1440,TIMEOUT
1771809300000,agg(9),LONG,65111.19,9,3,14.567,29.127,8.748,-165.128,-2.9634,-48.663,-3.1957,-3.2470,-2.8256,5.5581,11.1961,-3.7464,-1,1,1,0,1440,TIMEOUT
1771810200000,agg(10),LONG,65272.91,10,3,12.495,29.127,1.817,-248.761,-3.5209,-29.080,-3.8114,-3.8663,-3.5590,1.8017,4.9743,-3.4454,-1,1,1,0,1440,TIMEOUT
1771812000000,agg(10),LONG,64581.35,10,3,11.682,14.505,3.957,-331.173,-4.2631,-12.801,-4.0973,-4.7022,-4.4125,2.6378,5.5069,-4.3359,-1,2,1,0,1440,TIMEOUT
1771863300000,agg(9),LONG,65491.58,9,3,29.803,39.758,3.539,-105.198,-0.8698,-24.661,-1.0581,-1.6987,-1.7193,1.6246,2.2094,-0.4494,-1,16,1,0,1440,TIMEOUT
1771867800000,agg(9),LONG,64570.38,9,3,26.632,36.757,0.453,-133.302,-1.9111,-16.669,-0.9915,-2.0392,-2.3580,1.7612,2.4821,-1.6042,-1,17,1,0,1440,TIMEOUT
1771906500000,agg(9),LONG,62975.4,9,3,21.782,28.052,0.603,-112.939,-2.3989,-10.917,-1.7123,-2.0548,-2.8495,1.7946,2.1747,-3.0540,-1,4,2,1,458,TP
1771982100000,aggS(9),SHORT,65881.2,3,9,76.845,51.114,83.968,80.728,2.5183,146.360,2.4169,2.3653,1.8773,5.5238,7.3784,3.2887,-1,1,3,0,1440,TIMEOUT
1771983000000,aggS(10),SHORT,66007.15,3,10,79.521,51.114,85.473,158.021,2.9512,129.535,3.1687,2.8442,2.2811,2.4048,5.0725,3.4232,-1,1,3,0,1440,TIMEOUT
1771985700000,aggS(9),SHORT,66141.48,2,9,79.318,70.205,96.735,219.907,3.1064,103.102,3.1227,3.2547,3.0957,1.1309,2.7816,3.4325,-1,2,3,0,1440,TIMEOUT
1772044200000,aggS(9),SHORT,69308.01,2,9,85.979,81.789,94.556,122.035,4.6209,95.236,1.2202,2.8720,4.7884,1.9514,1.3381,4.8783,-1,18,3,0,1440,TIMEOUT
1772119800000,agg(9),LONG,66818,9,3,26.306,49.828,8.606,-102.716,-1.7418,-28.105,-1.4826,-1.7481,-1.9792,1.6911,3.0954,-2.0014,-1,15,4,0,1440,TIMEOUT
1772261100000,agg(10),LONG,63768.24,10,3,13.582,39.483,19.834,-159.382,-2.4037,-34.851,-2.4282,-2.5838,-2.6440,3.7639,6.9800,-2.9151,-1,6,6,1,1176,TP
1772262000000,agg(10),LONG,63549.36,10,3,9.614,21.178,6.427,-244.252,-3.6083,-31.819,-3.5717,-3.7413,-3.8837,3.2339,3.8491,-3.1874,-1,7,6,1,693,TP
1772287200000,aggS(9),SHORT,64809.73,3,9,68.822,49.234,92.247,135.777,0.7739,140.977,1.7051,1.3316,2.5730,3.5655,3.5143,-0.1267,-1,14,6,0,609,SL
1772435700000,agg(9),LONG,65550.01,9,3,34.858,48.587,6.356,-125.325,-0.7142,-16.649,-1.5471,-1.6765,-0.5990,1.7821,2.5169,-1.0907,-1,7,1,1,663,TP
1772464500000,aggS(10),SHORT,68378,3,10,78.828,58.509,99.115,221.831,3.1665,135.984,4.5616,3.6973,3.4477,3.3047,3.7815,3.2090,-1,15,1,0,623,SL
1772466300000,aggS(10),SHORT,69283.6,3,10,83.897,58.509,99.683,392.314,4.6447,120.326,5.9879,5.5538,4.8789,2.1943,2.7466,4.4087,-1,15,1,0,1440,TIMEOUT
1772467200000,aggS(9),SHORT,69265.8,4,9,76.826,69.765,88.814,404.454,3.9896,101.297,3.7585,5.0366,4.2430,1.5776,2.3044,4.3055,-1,16,1,0,1440,TIMEOUT
1772468100000,aggS(9),SHORT,69457.2,2,9,79.413,69.765,97.547,422.822,4.7070,101.807,3.7037,6.2170,5.4125,1.5413,1.6508,4.5022,-1,16,1,0,1440,TIMEOUT
1772554500000,aggS(9),SHORT,68364.45,3,9,67.002,51.565,94.071,163.886,1.4977,121.070,2.8618,2.4123,2.2556,1.9615,2.0837,0.8550,-1,16,2,0,322,SL
1772611200000,aggS(9),SHORT,69394.96,3,9,71.010,64.862,92.053,148.505,1.8322,116.723,1.2056,2.4497,1.7122,2.1653,2.9872,1.7246,-1,8,3,0,1440,TIMEOUT
1772613900000,aggS(9),SHORT,70600.01,3,9,72.636,64.862,98.212,170.885,2.2995,104.507,1.6193,2.4682,3.4164,1.6367,2.1120,3.3517,-1,8,3,0,1440,TIMEOUT
1772614800000,aggS(10),SHORT,70815.23,3,10,80.359,73.491,95.580,245.386,3.8761,120.915,2.9607,4.2315,4.8414,2.9146,4.9717,3.6146,-1,9,3,0,1440,TIMEOUT
1772640000000,aggS(9),SHORT,73264.48,2,9,75.889,80.487,97.134,112.260,4.5381,115.777,2.7729,2.8479,2.8703,1.5208,1.9975,5.1278,-1,16,3,1,1224,TP
1772727300000,agg(9),LONG,70883.9,9,3,32.186,44.861,9.624,-164.991,-2.0542,-6.772,-2.2092,-2.0865,-2.9860,1.7820,2.1900,-2.2851,-1,16,4,0,1440,TIMEOUT
1772806500000,agg(9),LONG,68983.76,9,3,22.403,28.228,9.171,-115.619,-2.4768,-19.559,-1.5463,-2.2126,-2.4740,1.7877,3.1252,-2.4324,-1,14,5,0,1440,TIMEOUT
1773008100000,agg(9),LONG,65774.2,9,3,31.288,43.905,20.435,-61.859,-1.6903,-35.528,-1.7264,-1.8970,-1.5964,4.1484,5.8781,-2.2051,-1,22,0,1,1296,TP
1773063900000,aggS(9),SHORT,68942.52,3,9,76.728,59.539,98.379,111.535,2.5383,123.321,1.5919,2.2623,2.1322,1.6323,3.3894,2.5715,-1,13,1,0,1440,TIMEOUT
1773110700000,aggS(9),SHORT,70564.78,3,9,76.821,62.114,94.208,116.282,2.0520,131.794,1.9492,2.7847,1.9935,3.1941,4.1103,2.7239,-1,2,2,0,1440,TIMEOUT
1773152100000,agg(9),LONG,69594.39,9,3,31.692,54.545,4.026,-145.166,-1.1540,-16.937,-1.4717,-1.5682,-1.8746,2.0714,2.1533,-0.4703,-1,14,2,0,1440,TIMEOUT
1773361800000,aggS(9),SHORT,71942.94,3,9,75.213,56.128,84.135,113.252,1.7338,129.816,1.4368,1.7276,1.8125,2.2362,5.0142,2.4545,-1,0,5,0,1440,TIMEOUT
1773362700000,aggS(9),SHORT,71334.05,2,9,75.558,56.128,75.439,134.127,1.7426,113.284,1.3816,1.8618,1.7077,1.6766,2.8582,1.5466,-1,0,5,0,1440,TIMEOUT
1773632700000,aggS(9),SHORT,73644.89,3,9,73.821,62.482,72.798,47.902,2.3693,141.852,1.8199,2.0089,1.9043,4.1063,7.6973,2.3596,-1,3,1,0,1440,TIMEOUT
1773837900000,agg(9),LONG,72380.62,9,3,19.854,34.429,6.247,-163.535,-2.0818,-7.906,-1.5944,-2.4643,-1.7374,1.9212,2.8341,-2.2908,-1,12,3,0,1440,TIMEOUT
1774138500000,agg(9),LONG,68904.26,9,2,9.445,22.076,20.183,-152.492,-2.4665,-29.262,-2.2580,-2.3549,-2.4724,2.9767,3.8230,-2.2472,-1,0,0,0,1440,TIMEOUT
1774264500000,aggS(11),SHORT,70723.16,3,11,79.583,50.075,85.042,172.265,3.9008,149.712,3.8474,3.5269,3.4284,6.2618,8.6379,3.6176,-1,11,1,0,1440,TIMEOUT
1774339200000,aggS(9),SHORT,71169.51,3,9,71.291,63.235,91.545,102.253,0.9206,120.341,1.1660,1.5823,1.1899,2.4488,2.2513,0.7087,-1,8,2,0,1440,TIMEOUT
1774608300000,agg(9),LONG,66816.67,9,3,22.652,23.681,4.517,-104.218,-2.4152,-11.249,-1.5157,-2.2920,-2.4725,3.4045,4.2835,-2.6251,-1,10,5,0,1440,TIMEOUT
1774609200000,agg(9),LONG,66452.5,9,3,19.307,15.970,6.716,-146.897,-2.9409,-12.518,-1.8035,-2.5451,-3.1012,2.0040,3.2952,-3.1183,-1,11,5,0,1440,TIMEOUT
1774621800000,agg(9),LONG,65896.2,9,3,23.668,17.739,0.684,-23.739,-3.1391,0.493,-1.1954,-1.4467,-3.2361,2.0018,2.1638,-3.2666,-1,14,5,0,1440,TIMEOUT
1774920600000,aggS(9),SHORT,68338.18,3,9,72.769,53.423,92.718,113.334,1.1005,135.957,1.6838,1.4831,1.6796,2.5762,2.7708,1.7183,-1,1,2,0,1440,TIMEOUT
1774921500000,aggS(9),SHORT,67906.25,2,9,74.941,53.423,76.111,142.228,1.3353,122.211,1.6730,2.0781,1.9030,2.3862,4.9799,1.0648,-1,1,2,0,1440,TIMEOUT
1774977300000,aggS(9),SHORT,68246.33,3,9,67.531,56.874,98.151,130.914,2.0903,122.283,2.5731,1.8320,2.8206,2.0549,2.7425,1.5207,-1,17,2,0,1440,TIMEOUT
1775096100000,agg(9),LONG,66942,9,3,27.320,39.806,0.355,-132.854,-2.0536,-17.490,-2.5356,-1.8194,-2.0922,1.5426,2.6685,-2.0269,-1,2,4,0,1440,TIMEOUT
1775434500000,aggS(9),SHORT,69217.93,2,9,86.651,81.737,84.228,161.449,2.6656,102.183,1.3113,2.5819,2.6940,2.1884,4.1951,2.8344,-1,0,1,0,1440,TIMEOUT
1775596500000,aggS(9),SHORT,69838.16,3,9,76.898,58.868,87.328,131.419,2.0720,115.630,1.4054,2.1283,2.6808,2.9539,3.4952,1.8185,-1,21,2,0,1440,TIMEOUT
1775601900000,aggS(10),SHORT,71016.17,2,10,77.970,64.944,81.125,150.661,3.0137,101.495,1.6813,1.9062,3.0099,2.3331,3.5759,3.3491,-1,22,2,0,1440,TIMEOUT
1775602800000,aggS(9),SHORT,71358.93,2,9,82.888,75.225,99.547,197.238,4.0248,111.363,2.2914,3.0995,4.0874,1.9365,1.7313,3.7868,-1,23,2,0,1440,TIMEOUT
1775604600000,aggS(10),SHORT,72376.47,3,10,87.560,75.225,100.000,284.515,5.5960,115.210,3.5045,4.9537,5.9853,2.9383,3.2994,5.1178,-1,23,2,0,1440,TIMEOUT
1775958300000,agg(9),LONG,71405.4,9,3,17.725,52.209,8.964,-114.307,-1.8686,-46.247,-1.8525,-1.7927,-2.2182,5.7628,8.5936,-2.2394,-1,1,0,0,1440,TIMEOUT
1776092400000,aggS(9),SHORT,72066.04,3,9,82.412,70.103,99.948,139.830,1.9810,119.052,1.9169,2.1705,2.2704,2.0482,3.1051,1.5419,-1,15,1,0,1147,SL
1776348000000,agg(9),LONG,73697.26,9,3,30.695,36.761,27.792,-23.953,-1.2981,-26.680,-1.1741,-0.7945,-1.1916,4.6081,5.0747,-1.4265,-1,14,4,0,1440,TIMEOUT
1776418200000,aggS(9),SHORT,75717.08,3,9,86.797,64.460,95.169,141.229,1.7967,119.970,1.6266,1.7967,2.0545,2.8574,4.3017,1.1196,-1,9,5,0,1440,TIMEOUT
1776434400000,aggS(9),SHORT,77302.82,3,9,76.038,73.584,96.662,157.650,2.7561,109.902,2.0936,2.4847,2.0582,1.9325,3.3692,2.8287,-1,14,5,0,1440,TIMEOUT
1776437100000,aggS(9),SHORT,77952.69,2,9,77.260,73.584,97.558,185.005,3.3812,105.042,1.8242,3.0323,2.9441,1.3629,2.2345,3.5357,-1,14,5,0,1440,TIMEOUT