[08:52:27] Loading 5m data...
[08:52:28] 4h bars: 16241, 1d bars: 2708
[08:52:29] Indicators ready.
[08:52:29] ============================================================
[08:52:29]   HEDGE06 EVOLVER — continuous loop started
[08:52:29]   Stop: touch /Users/lap16116/BTC_PC/btc-dashboard/tools/hedge06-evolver-STOP
[08:52:29] ============================================================
[08:52:29] Init champion: score=174.1 CAGR=4.89% pos_mo=60/89 n=420
[08:52:29] ★ Gen    3 NEW CHAMPION  score=184.2  CAGR=4.16%  DD=2.83%  n=259  pos_yr=8/8  pos_mo=59/86(68.6%)  n/mo=3.0  min_yr=1.23%
[08:52:29] ★ Gen    6 NEW CHAMPION  score=186.2  CAGR=3.46%  DD=1.02%  n=149  pos_yr=8/8  pos_mo=53/75(70.7%)  n/mo=2.0  min_yr=0.56%
[08:52:29] ★ Gen   14 NEW CHAMPION  score=186.6  CAGR=4.16%  DD=1.22%  n=149  pos_yr=8/8  pos_mo=53/75(70.7%)  n/mo=2.0  min_yr=0.67%
[08:52:30] ★ Gen   23 NEW CHAMPION  score=193.1  CAGR=7.11%  DD=2.79%  n=467  pos_yr=8/8  pos_mo=63/89(70.8%)  n/mo=5.2  min_yr=0.44%
[08:52:30] ★ Gen   26 NEW CHAMPION  score=198.6  CAGR=5.21%  DD=2.74%  n=315  pos_yr=8/8  pos_mo=56/75(74.7%)  n/mo=4.2  min_yr=1.35%
[08:52:30] ★ Gen   30 NEW CHAMPION  score=199.1  CAGR=5.56%  DD=1.88%  n=345  pos_yr=8/8  pos_mo=56/75(74.7%)  n/mo=4.6  min_yr=0.26%
[08:52:31] ★ Gen   45 NEW CHAMPION  score=203.3  CAGR=4.02%  DD=2.07%  n=321  pos_yr=8/8  pos_mo=58/75(77.3%)  n/mo=4.3  min_yr=0.57%
[08:52:31]   Gen   50  score=132.8  CAGR=1.12%  pos_mo=28/56  best=203.3
[08:52:32] ★ Gen   72 NEW CHAMPION  score=203.8  CAGR=5.04%  DD=2.59%  n=321  pos_yr=8/8  pos_mo=58/75(77.3%)  n/mo=4.3  min_yr=0.7%
[08:52:32] ★ Gen   77 NEW CHAMPION  score=203.8  CAGR=5.15%  DD=2.59%  n=319  pos_yr=8/8  pos_mo=58/75(77.3%)  n/mo=4.3  min_yr=0.7%
[08:52:33]   Gen  100  score=158.5  CAGR=2.37%  pos_mo=33/57  best=203.8
[08:52:34] ★ Gen  109 NEW CHAMPION  score=203.9  CAGR=5.23%  DD=2.59%  n=318  pos_yr=8/8  pos_mo=58/75(77.3%)  n/mo=4.2  min_yr=0.7%
[08:52:36]   Gen  150  score=184.5  CAGR=2.79%  pos_mo=38/53  best=203.9
[08:52:36] ★ Gen  157 NEW CHAMPION  score=207.5  CAGR=6.7%  DD=3.42%  n=310  pos_yr=8/8  pos_mo=59/75(78.7%)  n/mo=4.1  min_yr=1.98%
[08:52:38]   Gen  200  score=207.2  CAGR=6.24%  pos_mo=59/75  best=207.5
[08:52:41]   Gen  250  score=207.3  CAGR=6.33%  pos_mo=59/75  best=207.5
[08:52:43]   Gen  300  score=174.0  CAGR=2.67%  pos_mo=37/55  best=207.5
[08:52:46]   Gen  350  score=148.8  CAGR=2.24%  pos_mo=31/56  best=207.5
[08:52:51]   Gen  450  score=159.5  CAGR=3.87%  pos_mo=43/73  best=207.5
[08:52:53]   Gen  500  score=187.8  CAGR=3.91%  pos_mo=38/52  best=207.5
[08:52:55]   Gen  550  score=167.2  CAGR=10.09%  pos_mo=45/73  best=207.5
[08:52:58]   Gen  600  score=204.9  CAGR=6.73%  pos_mo=58/75  best=207.5
[08:53:02]   Gen  700  score=203.8  CAGR=5.15%  pos_mo=58/75  best=207.5
[08:53:07]   Gen  800  score=200.7  CAGR=8.98%  pos_mo=66/89  best=207.5
[08:53:09]   Gen  850  score=197.2  CAGR=7.11%  pos_mo=55/75  best=207.5
[08:53:11]   Gen  900  score=154.5  CAGR=3.32%  pos_mo=43/75  best=207.5
[08:53:14]   Gen  950  score=203.3  CAGR=4.11%  pos_mo=58/75  best=207.5
[08:53:16]   Gen 1000  score=192.6  CAGR=6.11%  pos_mo=54/75  best=207.5
[08:53:18]   Gen 1050  score=187.8  CAGR=3.91%  pos_mo=38/52  best=207.5
[08:53:21]   Gen 1100  score=170.8  CAGR=2.37%  pos_mo=47/74  best=207.5
[08:53:23]   Gen 1150  score=202.9  CAGR=3.35%  pos_mo=58/75  best=207.5
[08:53:25]   Gen 1200  score=195.9  CAGR=5.06%  pos_mo=55/75  best=207.5
[08:53:28]   Gen 1250  score=160.7  CAGR=3.09%  pos_mo=34/54  best=207.5
[08:53:30]   Gen 1300  score=202.1  CAGR=6.63%  pos_mo=57/75  best=207.5
[08:53:32] ★ Gen 1342 NEW CHAMPION  score=216.0  CAGR=5.46%  DD=3.03%  n=623  pos_yr=8/8  pos_mo=60/75(80.0%)  n/mo=8.3  min_yr=2.59%
[08:53:33]   Gen 1350  score=176.2  CAGR=1.93%  pos_mo=35/51  best=216.0
[08:53:34] ★ Gen 1378 NEW CHAMPION  score=216.0  CAGR=5.5%  DD=3.72%  n=619  pos_yr=8/8  pos_mo=60/75(80.0%)  n/mo=8.3  min_yr=2.9%
[08:53:35] ★ Gen 1394 NEW CHAMPION  score=218.7  CAGR=8.67%  DD=4.13%  n=935  pos_yr=8/8  pos_mo=70/89(78.7%)  n/mo=10.5  min_yr=4.23%
[08:53:35]   Gen 1400  score=216.0  CAGR=5.5%  pos_mo=60/75  best=218.7
[08:53:35] ★ Gen 1407 NEW CHAMPION  score=218.7  CAGR=8.85%  DD=4.13%  n=930  pos_yr=8/8  pos_mo=70/89(78.7%)  n/mo=10.4  min_yr=4.23%
[08:53:36] ★ Gen 1414 NEW CHAMPION  score=225.2  CAGR=10.67%  DD=2.27%  n=756  pos_yr=8/8  pos_mo=74/89(83.1%)  n/mo=8.5  min_yr=2.68%
[08:53:36] ★ Gen 1432 NEW CHAMPION  score=225.2  CAGR=10.28%  DD=2.27%  n=771  pos_yr=8/8  pos_mo=74/89(83.1%)  n/mo=8.7  min_yr=2.68%
[08:53:37]   Gen 1450  score=225.2  CAGR=10.28%  pos_mo=74/89  best=225.2
[08:53:39]   Gen 1500  score=221.2  CAGR=3.34%  pos_mo=74/89  best=225.2
[08:53:40] ★ Gen 1522 NEW CHAMPION  score=225.5  CAGR=10.63%  DD=2.27%  n=768  pos_yr=8/8  pos_mo=74/89(83.1%)  n/mo=8.6  min_yr=3.04%
[08:53:40] ★ Gen 1528 NEW CHAMPION  score=227.6  CAGR=10.52%  DD=2.69%  n=766  pos_yr=8/8  pos_mo=75/89(84.3%)  n/mo=8.6  min_yr=3.13%
[08:53:41]   Gen 1550  score=184.3  CAGR=6.26%  pos_mo=60/89  best=227.6
[08:53:43]   Gen 1600  score=202.9  CAGR=9.25%  pos_mo=66/89  best=227.6
[08:53:45]   Gen 1650  score=218.6  CAGR=8.81%  pos_mo=70/89  best=227.6
[08:53:47]   Gen 1700  score=201.8  CAGR=8.3%  pos_mo=65/89  best=227.6
[08:53:49]   Gen 1750  score=184.6  CAGR=6.95%  pos_mo=60/89  best=227.6
[08:53:51]   Gen 1800  score=184.5  CAGR=6.72%  pos_mo=60/89  best=227.6
[08:53:53]   Gen 1850  score=227.6  CAGR=10.52%  pos_mo=75/89  best=227.6
[08:53:55]   Gen 1900  score=225.2  CAGR=10.28%  pos_mo=74/89  best=227.6
[08:53:57]   Gen 1950  score=164.2  CAGR=4.44%  pos_mo=50/86  best=227.6
[08:53:59]   Gen 2000  score=211.5  CAGR=8.81%  pos_mo=69/89  best=227.6
[08:54:00]   Gen 2050  score=213.4  CAGR=10.31%  pos_mo=69/89  best=227.6
[08:54:02]   Gen 2100  score=184.5  CAGR=6.72%  pos_mo=60/89  best=227.6
[08:54:04]   Gen 2150  score=173.6  CAGR=5.78%  pos_mo=58/89  best=227.6
[08:54:06]   Gen 2200  score=190.2  CAGR=5.6%  pos_mo=54/75  best=227.6
[08:54:08]   Gen 2250  score=171.8  CAGR=6.46%  pos_mo=58/89  best=227.6
[08:54:10]   Gen 2300  score=227.6  CAGR=10.52%  pos_mo=75/89  best=227.6
[08:54:12]   Gen 2350  score=213.4  CAGR=10.31%  pos_mo=69/89  best=227.6
[08:54:14]   Gen 2400  score=227.6  CAGR=10.52%  pos_mo=75/89  best=227.6
[08:54:16]   Gen 2450  score=224.7  CAGR=5.51%  pos_mo=75/89  best=227.6
[08:54:18]   Gen 2500  score=195.7  CAGR=6.8%  pos_mo=53/75  best=227.6
[08:54:20]   Gen 2550  score=189.7  CAGR=5.73%  pos_mo=60/89  best=227.6
[08:54:22]   Gen 2600  score=225.2  CAGR=10.28%  pos_mo=74/89  best=227.6
[08:54:24]   Gen 2650  score=201.8  CAGR=8.3%  pos_mo=65/89  best=227.6
[08:54:28]   Gen 2750  score=169.8  CAGR=6.75%  pos_mo=55/89  best=227.6
[08:54:30]   Gen 2800  score=193.0  CAGR=6.78%  pos_mo=62/89  best=227.6
[08:54:32]   Gen 2850  score=221.0  CAGR=3.45%  pos_mo=74/89  best=227.6
[08:54:34]   Gen 2900  score=194.0  CAGR=6.63%  pos_mo=54/76  best=227.6
[08:54:36]   Gen 2950  score=227.6  CAGR=10.52%  pos_mo=75/89  best=227.6
[08:54:37]   Gen 3000  score=218.6  CAGR=10.56%  pos_mo=71/89  best=227.6
[08:54:39]   Gen 3050  score=205.0  CAGR=6.8%  pos_mo=53/66  best=227.6
[08:54:41]   Gen 3100  score=225.1  CAGR=10.61%  pos_mo=74/89  best=227.6
[08:54:43]   Gen 3150  score=223.5  CAGR=7.29%  pos_mo=74/89  best=227.6
[08:54:45]   Gen 3200  score=218.8  CAGR=9.78%  pos_mo=72/89  best=227.6
[08:54:47]   Gen 3250  score=196.5  CAGR=7.08%  pos_mo=64/88  best=227.6
[08:54:49]   Gen 3300  score=208.4  CAGR=7.99%  pos_mo=66/89  best=227.6
[08:54:51]   Gen 3350  score=220.5  CAGR=10.69%  pos_mo=72/89  best=227.6
[08:54:53]   Gen 3400  score=218.9  CAGR=8.96%  pos_mo=70/89  best=227.6
[08:54:55]   Gen 3450  score=184.5  CAGR=6.72%  pos_mo=60/89  best=227.6
[08:54:57]   Gen 3500  score=172.0  CAGR=5.22%  pos_mo=42/64  best=227.6
[08:54:59]   Gen 3550  score=209.1  CAGR=6.23%  pos_mo=58/75  best=227.6
[08:55:01]   Gen 3600  score=195.0  CAGR=8.91%  pos_mo=63/89  best=227.6
[08:55:03]   Gen 3650  score=147.9  CAGR=2.83%  pos_mo=48/86  best=227.6
[08:55:05]   Gen 3700  score=187.1  CAGR=3.09%  pos_mo=63/89  best=227.6
[08:55:07]   Gen 3750  score=224.7  CAGR=9.98%  pos_mo=74/89  best=227.6
[08:55:10]   Gen 3800  score=158.7  CAGR=3.82%  pos_mo=50/86  best=227.6
[08:55:12]   Gen 3850  score=169.1  CAGR=5.15%  pos_mo=55/89  best=227.6
[08:55:14]   Gen 3900  score=196.2  CAGR=5.66%  pos_mo=54/75  best=227.6
[08:55:17]   Gen 3950  score=188.1  CAGR=5.08%  pos_mo=47/66  best=227.6
[08:55:19]   Gen 4000  score=156.3  CAGR=3.72%  pos_mo=47/86  best=227.6
[08:55:21]   Gen 4050  score=171.3  CAGR=4.88%  pos_mo=56/89  best=227.6
[08:55:23]   Gen 4100  score=202.1  CAGR=7.09%  pos_mo=52/66  best=227.6
[08:55:25]   Gen 4150  score=153.4  CAGR=2.4%  pos_mo=48/85  best=227.6
[08:55:27]   Gen 4200  score=194.7  CAGR=3.87%  pos_mo=65/89  best=227.6
[08:55:29]   Gen 4250  score=198.9  CAGR=7.07%  pos_mo=51/66  best=227.6
[08:55:31]   Gen 4300  score=218.6  CAGR=10.56%  pos_mo=71/89  best=227.6
[08:55:33]   Gen 4350  score=213.5  CAGR=9.16%  pos_mo=70/89  best=227.6
[08:55:37]   Gen 4450  score=225.8  CAGR=11.1%  pos_mo=74/89  best=227.6
[08:55:39]   Gen 4500  score=216.6  CAGR=10.02%  pos_mo=70/89  best=227.6
[08:55:41]   Gen 4550  score=203.4  CAGR=8.08%  pos_mo=64/89  best=227.6
[08:55:43]   Gen 4600  score=208.4  CAGR=7.99%  pos_mo=66/89  best=227.6
[08:55:45]   Gen 4650  score=225.2  CAGR=10.28%  pos_mo=74/89  best=227.6
[08:55:46]   Gen 4700  score=225.8  CAGR=11.1%  pos_mo=74/89  best=227.6
[08:55:48]   Gen 4750  score=227.6  CAGR=10.52%  pos_mo=75/89  best=227.6
[08:55:50]   Gen 4800  score=216.4  CAGR=3.4%  pos_mo=72/89  best=227.6
[08:55:52]   Gen 4850  score=204.3  CAGR=5.41%  pos_mo=53/66  best=227.6
[08:55:56]   Gen 4950  score=225.2  CAGR=10.67%  pos_mo=74/89  best=227.6
[08:55:57]   Gen 5000  score=177.3  CAGR=3.56%  pos_mo=55/89  best=227.6
[08:55:59]   Gen 5050  score=227.6  CAGR=10.52%  pos_mo=75/89  best=227.6
[08:56:01]   Gen 5100  score=227.6  CAGR=10.52%  pos_mo=75/89  best=227.6
[08:56:03]   Gen 5150  score=220.7  CAGR=10.82%  pos_mo=72/89  best=227.6
[08:56:05]   Gen 5200  score=193.9  CAGR=6.02%  pos_mo=61/89  best=227.6
[08:56:07]   Gen 5250  score=227.6  CAGR=10.52%  pos_mo=75/89  best=227.6
[08:56:09]   Gen 5300  score=188.1  CAGR=5.08%  pos_mo=47/66  best=227.6
[08:56:11]   Gen 5350  score=192.4  CAGR=5.07%  pos_mo=62/89  best=227.6
[08:56:12]   Gen 5400  score=195.7  CAGR=6.8%  pos_mo=53/75  best=227.6
[08:56:14]   Gen 5450  score=201.8  CAGR=8.3%  pos_mo=65/89  best=227.6
[08:56:16]   Gen 5500  score=198.2  CAGR=8.08%  pos_mo=64/89  best=227.6
[08:56:18]   Gen 5550  score=158.7  CAGR=3.82%  pos_mo=50/86  best=227.6
[08:56:20]   Gen 5600  score=176.2  CAGR=4.41%  pos_mo=47/73  best=227.6
[08:56:22]   Gen 5650  score=218.9  CAGR=8.96%  pos_mo=70/89  best=227.6
[08:56:24]   Gen 5700  score=227.6  CAGR=10.52%  pos_mo=75/89  best=227.6
[08:56:26]   Gen 5750  score=185.7  CAGR=7.99%  pos_mo=59/89  best=227.6
[08:56:28]   Gen 5800  score=193.4  CAGR=6.37%  pos_mo=62/89  best=227.6
[08:56:30]   Gen 5850  score=205.9  CAGR=9.03%  pos_mo=67/89  best=227.6
[08:56:32]   Gen 5900  score=223.2  CAGR=9.05%  pos_mo=73/89  best=227.6
[08:56:33]   Gen 5950  score=195.7  CAGR=6.8%  pos_mo=53/75  best=227.6
[08:56:35]   Gen 6000  score=185.7  CAGR=6.4%  pos_mo=60/89  best=227.6
[08:56:37]   Gen 6050  score=187.1  CAGR=3.09%  pos_mo=63/89  best=227.6
[08:56:39]   Gen 6100  score=177.6  CAGR=5.88%  pos_mo=57/89  best=227.6
[08:56:41]   Gen 6150  score=211.8  CAGR=8.25%  pos_mo=67/89  best=227.6
[08:56:43]   Gen 6200  score=220.8  CAGR=9.95%  pos_mo=72/89  best=227.6
[08:56:44]   Gen 6250  score=203.4  CAGR=8.08%  pos_mo=64/89  best=227.6
[08:56:46]   Gen 6300  score=193.3  CAGR=8.38%  pos_mo=64/89  best=227.6
[08:56:48]   Gen 6350  score=223.3  CAGR=9.39%  pos_mo=73/89  best=227.6
[08:56:50]   Gen 6400  score=224.0  CAGR=8.16%  pos_mo=74/89  best=227.6
[08:56:52]   Gen 6450  score=196.5  CAGR=8.01%  pos_mo=63/89  best=227.6
[08:56:54]   Gen 6500  score=193.0  CAGR=6.78%  pos_mo=62/89  best=227.6
[08:56:56]   Gen 6550  score=218.7  CAGR=8.82%  pos_mo=70/89  best=227.6
[08:56:57]   Gen 6600  score=220.7  CAGR=10.82%  pos_mo=72/89  best=227.6
[08:56:59]   Gen 6650  score=185.5  CAGR=6.74%  pos_mo=46/65  best=227.6
[08:57:01]   Gen 6700  score=227.6  CAGR=10.52%  pos_mo=75/89  best=227.6
[08:57:03]   Gen 6750  score=222.5  CAGR=5.56%  pos_mo=74/89  best=227.6
[08:57:05]   Gen 6800  score=166.6  CAGR=2.97%  pos_mo=35/57  best=227.6
[08:57:07]   Gen 6850  score=193.9  CAGR=6.02%  pos_mo=61/89  best=227.6
[08:57:08]   Gen 6900  score=185.3  CAGR=5.44%  pos_mo=50/75  best=227.6
[08:57:10]   Gen 6950  score=207.0  CAGR=9.63%  pos_mo=67/89  best=227.6
[08:57:12]   Gen 7000  score=227.6  CAGR=10.52%  pos_mo=75/89  best=227.6
[08:57:14]   Gen 7050  score=225.8  CAGR=11.17%  pos_mo=74/89  best=227.6
[08:57:16]   Gen 7100  score=214.1  CAGR=8.2%  pos_mo=69/89  best=227.6
[08:57:18]   Gen 7150  score=217.0  CAGR=10.38%  pos_mo=71/89  best=227.6
[08:57:19]   Gen 7200  score=195.9  CAGR=7.8%  pos_mo=63/89  best=227.6
[08:57:21]   Gen 7250  score=178.7  CAGR=5.27%  pos_mo=60/89  best=227.6
[08:57:23]   Gen 7300  score=225.8  CAGR=11.06%  pos_mo=74/89  best=227.6
[08:57:25]   Gen 7350  score=225.3  CAGR=10.81%  pos_mo=74/89  best=227.6
[08:57:27]   Gen 7400  score=193.8  CAGR=3.59%  pos_mo=53/75  best=227.6
[08:57:29]   Gen 7450  score=202.1  CAGR=7.09%  pos_mo=52/66  best=227.6
[08:57:31]   Gen 7500  score=185.7  CAGR=7.99%  pos_mo=59/89  best=227.6
[08:57:33]   Gen 7550  score=208.4  CAGR=8.86%  pos_mo=67/89  best=227.6
[08:57:34]   Gen 7600  score=217.7  CAGR=8.85%  pos_mo=71/89  best=227.6
[08:57:38]   Gen 7700  score=158.7  CAGR=3.82%  pos_mo=50/86  best=227.6
[08:57:40]   Gen 7750  score=193.1  CAGR=8.85%  pos_mo=61/89  best=227.6
[08:57:42]   Gen 7800  score=225.3  CAGR=10.81%  pos_mo=74/89  best=227.6
[08:57:44]   Gen 7850  score=213.5  CAGR=9.16%  pos_mo=70/89  best=227.6
[08:57:46]   Gen 7900  score=227.6  CAGR=10.52%  pos_mo=75/89  best=227.6
[08:57:47]   Gen 7950  score=194.2  CAGR=8.24%  pos_mo=64/88  best=227.6
[08:57:49]   Gen 8000  score=227.6  CAGR=10.52%  pos_mo=75/89  best=227.6
[08:57:51]   Gen 8050  score=192.5  CAGR=7.09%  pos_mo=64/89  best=227.6
[08:57:53]   Gen 8100  score=213.6  CAGR=9.86%  pos_mo=68/89  best=227.6
[08:57:55]   Gen 8150  score=224.7  CAGR=9.98%  pos_mo=74/89  best=227.6
[08:57:57]   Gen 8200  score=227.6  CAGR=10.52%  pos_mo=75/89  best=227.6
[08:57:58]   Gen 8250  score=193.9  CAGR=6.02%  pos_mo=61/89  best=227.6
[08:58:00]   Gen 8300  score=184.1  CAGR=7.52%  pos_mo=61/89  best=227.6
[08:58:02]   Gen 8350  score=185.8  CAGR=6.95%  pos_mo=62/89  best=227.6
[08:58:04]   Gen 8400  score=200.8  CAGR=8.34%  pos_mo=65/89  best=227.6
[08:58:06]   Gen 8450  score=203.4  CAGR=8.08%  pos_mo=64/89  best=227.6
[08:58:08]   Gen 8500  score=225.2  CAGR=10.28%  pos_mo=74/89  best=227.6
[08:58:09]   Gen 8550  score=227.6  CAGR=10.52%  pos_mo=75/89  best=227.6
[08:58:11]   Gen 8600  score=213.4  CAGR=10.31%  pos_mo=69/89  best=227.6
[08:58:13]   Gen 8650  score=221.1  CAGR=9.23%  pos_mo=71/89  best=227.6
[08:58:15]   Gen 8700  score=203.0  CAGR=7.68%  pos_mo=66/89  best=227.6
[08:58:17]   Gen 8750  score=213.5  CAGR=9.16%  pos_mo=70/89  best=227.6
[08:58:19]   Gen 8800  score=225.7  CAGR=11.04%  pos_mo=74/89  best=227.6
[08:58:21]   Gen 8850  score=187.1  CAGR=6.86%  pos_mo=62/89  best=227.6
[08:58:22]   Gen 8900  score=223.2  CAGR=9.05%  pos_mo=73/89  best=227.6
[08:58:24]   Gen 8950  score=153.1  CAGR=3.26%  pos_mo=48/86  best=227.6
[08:58:26]   Gen 9000  score=218.6  CAGR=10.56%  pos_mo=71/89  best=227.6
[08:58:28]   Gen 9050  score=225.3  CAGR=10.81%  pos_mo=74/89  best=227.6
[08:58:30]   Gen 9100  score=191.8  CAGR=9.74%  pos_mo=62/89  best=227.6
[08:58:32]   Gen 9150  score=185.2  CAGR=6.41%  pos_mo=47/66  best=227.6
[08:58:33]   Gen 9200  score=198.3  CAGR=6.63%  pos_mo=58/76  best=227.6
[08:58:35]   Gen 9250  score=208.1  CAGR=7.74%  pos_mo=67/89  best=227.6
[08:58:37]   Gen 9300  score=158.7  CAGR=3.82%  pos_mo=50/86  best=227.6
[08:58:39]   Gen 9350  score=220.6  CAGR=10.47%  pos_mo=72/89  best=227.6
[08:58:41]   Gen 9400  score=204.0  CAGR=7.21%  pos_mo=65/89  best=227.6
[08:58:43]   Gen 9450  score=195.0  CAGR=5.75%  pos_mo=53/75  best=227.6
[08:58:45]   Gen 9500  score=223.3  CAGR=9.15%  pos_mo=73/89  best=227.6
[08:58:47]   Gen 9550  score=218.6  CAGR=8.81%  pos_mo=70/89  best=227.6
[08:58:49]   Gen 9600  score=220.6  CAGR=10.47%  pos_mo=72/89  best=227.6
[08:58:51]   Gen 9650  score=227.6  CAGR=10.52%  pos_mo=75/89  best=227.6
[08:58:52]   Gen 9700  score=224.7  CAGR=9.98%  pos_mo=74/89  best=227.6
[08:58:54]   Gen 9750  score=224.7  CAGR=9.98%  pos_mo=74/89  best=227.6
[08:58:56]   Gen 9800  score=150.1  CAGR=3.35%  pos_mo=48/85  best=227.6
[08:58:58]   Gen 9850  score=188.1  CAGR=5.08%  pos_mo=47/66  best=227.6
[08:59:00]   Gen 9900  score=172.5  CAGR=7.56%  pos_mo=56/89  best=227.6
[08:59:02]   Gen 9950  score=194.0  CAGR=6.63%  pos_mo=54/76  best=227.6
[08:59:04]   Gen 10000  score=221.3  CAGR=9.98%  pos_mo=71/89  best=227.6
[08:59:06]   Gen 10050  score=193.9  CAGR=6.02%  pos_mo=61/89  best=227.6
[08:59:08]   Gen 10100  score=216.5  CAGR=8.61%  pos_mo=69/89  best=227.6
[08:59:09]   Gen 10150  score=227.6  CAGR=10.52%  pos_mo=75/89  best=227.6
[08:59:11]   Gen 10200  score=203.3  CAGR=10.73%  pos_mo=65/89  best=227.6
[08:59:13]   Gen 10250  score=164.2  CAGR=2.7%  pos_mo=46/76  best=227.6
[08:59:15]   Gen 10300  score=206.4  CAGR=8.95%  pos_mo=67/89  best=227.6
[08:59:17]   Gen 10350  score=156.0  CAGR=2.75%  pos_mo=43/74  best=227.6
[08:59:19]   Gen 10400  score=200.7  CAGR=6.68%  pos_mo=55/75  best=227.6
[08:59:21]   Gen 10450  score=174.1  CAGR=2.87%  pos_mo=47/75  best=227.6
[08:59:22]   Gen 10500  score=224.7  CAGR=5.51%  pos_mo=75/89  best=227.6
[08:59:24]   Gen 10550  score=218.7  CAGR=8.85%  pos_mo=70/89  best=227.6
[08:59:26]   Gen 10600  score=225.2  CAGR=10.28%  pos_mo=74/89  best=227.6
[08:59:28]   Gen 10650  score=212.0  CAGR=10.08%  pos_mo=69/89  best=227.6
[08:59:30]   Gen 10700  score=227.6  CAGR=10.52%  pos_mo=75/89  best=227.6
[08:59:32]   Gen 10750  score=186.7  CAGR=7.55%  pos_mo=62/89  best=227.6
[08:59:33]   Gen 10800  score=161.2  CAGR=3.66%  pos_mo=51/86  best=227.6
[08:59:37]   Gen 10900  score=225.1  CAGR=10.61%  pos_mo=74/89  best=227.6
[08:59:39]   Gen 10950  score=190.7  CAGR=4.65%  pos_mo=52/74  best=227.6
[08:59:41]   Gen 11000  score=211.7  CAGR=11.18%  pos_mo=68/89  best=227.6
[08:59:43]   Gen 11050  score=225.2  CAGR=10.67%  pos_mo=74/89  best=227.6
[08:59:44]   Gen 11100  score=201.9  CAGR=9.32%  pos_mo=63/89  best=227.6
[08:59:46]   Gen 11150  score=227.6  CAGR=10.52%  pos_mo=75/89  best=227.6
[08:59:48]   Gen 11200  score=163.7  CAGR=3.45%  pos_mo=52/85  best=227.6
[08:59:50]   Gen 11250  score=227.6  CAGR=10.52%  pos_mo=75/89  best=227.6
[08:59:52]   Gen 11300  score=225.2  CAGR=10.67%  pos_mo=74/89  best=227.6
[08:59:54]   Gen 11350  score=195.0  CAGR=9.02%  pos_mo=63/89  best=227.6
[08:59:56]   Gen 11400  score=185.7  CAGR=7.99%  pos_mo=59/89  best=227.6
[08:59:57]   Gen 11450  score=227.6  CAGR=10.52%  pos_mo=75/89  best=227.6
[08:59:59]   Gen 11500  score=212.6  CAGR=9.89%  pos_mo=69/89  best=227.6
[09:00:01]   Gen 11550  score=184.5  CAGR=6.72%  pos_mo=60/89  best=227.6
[09:00:03]   Gen 11600  score=225.8  CAGR=11.06%  pos_mo=74/89  best=227.6
[09:00:05]   Gen 11650  score=194.6  CAGR=6.56%  pos_mo=49/65  best=227.6
[09:00:07]   Gen 11700  score=198.9  CAGR=7.91%  pos_mo=64/89  best=227.6
[09:00:11]   Gen 11800  score=177.7  CAGR=6.91%  pos_mo=59/89  best=227.6
[09:00:12]   Gen 11850  score=221.2  CAGR=3.34%  pos_mo=74/89  best=227.6
[09:00:14]   Gen 11900  score=185.3  CAGR=5.41%  pos_mo=58/89  best=227.6
[09:00:16]   Gen 11950  score=161.3  CAGR=3.92%  pos_mo=30/49  best=227.6
[09:00:17] STOP file detected. Exiting.
[09:00:17] Evolver done.
[09:01:37] Loading 5m data...
[09:01:37] Loading 5m data...
[09:01:38] 15m:259660 1h:64923 4h:16241 1d:2708
[09:01:38] 15m:259660 1h:64923 4h:16241 1d:2708
[09:01:38] Indicators ready.
[09:01:38] Indicators ready.
[09:01:38] Loaded champion: score=227.6
[09:01:38] Loaded champion: score=227.6
[09:01:38] ============================================================
[09:01:38] ============================================================
[09:01:38]   HEDGE06 EVOLVER — continuous loop started
[09:01:38]   HEDGE06 EVOLVER — continuous loop started
[09:01:38]   Stop: touch /Users/lap16116/BTC_PC/btc-dashboard/tools/hedge06-evolver-STOP
[09:01:38]   Stop: touch /Users/lap16116/BTC_PC/btc-dashboard/tools/hedge06-evolver-STOP
[09:01:38] ============================================================
[09:01:38] ============================================================
/Users/lap16116/BTC_PC/btc-dashboard/tools/hedge06-evolver.py:240: DeprecationWarning: datetime.datetime.utcfromtimestamp() is deprecated and scheduled for removal in a future version. Use timezone-aware objects to represent datetimes in UTC: datetime.datetime.fromtimestamp(timestamp, datetime.UTC).
  dt   = datetime.datetime.utcfromtimestamp(ts/1000)
[09:01:38] Init champion: score=227.6 CAGR=10.52% pos_mo=75/89 n=766
[09:01:38] Init champion: score=227.6 CAGR=10.52% pos_mo=75/89 n=766
[09:01:42]   Gen   50  score=163.8  CAGR=3.2%  pos_mo=32/51  best=227.6
[09:01:42]   Gen   50  score=163.8  CAGR=3.2%  pos_mo=32/51  best=227.6
[09:01:45] ★ Gen   97 NEW CHAMPION  score=249.6  tf=1h  CAGR=8.61%  DD=3.04%  n=3079  pos_yr=8/8  pos_mo=68/89(76.4%)  n/mo=34.6  min_yr=1.99%
[09:01:45] ★ Gen   97 NEW CHAMPION  score=249.6  tf=1h  CAGR=8.61%  DD=3.04%  n=3079  pos_yr=8/8  pos_mo=68/89(76.4%)  n/mo=34.6  min_yr=1.99%
[09:01:46]   Gen  100  score=240.9  CAGR=9.58%  pos_mo=70/89  best=249.6
[09:01:46]   Gen  100  score=240.9  CAGR=9.58%  pos_mo=70/89  best=249.6
[09:01:50] ★ Gen  129 NEW CHAMPION  score=251.4  tf=1h  CAGR=9.78%  DD=2.92%  n=3014  pos_yr=8/8  pos_mo=69/89(77.5%)  n/mo=33.9  min_yr=2.09%
[09:01:50] ★ Gen  129 NEW CHAMPION  score=251.4  tf=1h  CAGR=9.78%  DD=2.92%  n=3014  pos_yr=8/8  pos_mo=69/89(77.5%)  n/mo=33.9  min_yr=2.09%
[09:01:52] ★ Gen  139 NEW CHAMPION  score=252.7  tf=1h  CAGR=3.07%  DD=0.96%  n=3051  pos_yr=8/8  pos_mo=71/89(79.8%)  n/mo=34.3  min_yr=0.69%
[09:01:52] ★ Gen  139 NEW CHAMPION  score=252.7  tf=1h  CAGR=3.07%  DD=0.96%  n=3051  pos_yr=8/8  pos_mo=71/89(79.8%)  n/mo=34.3  min_yr=0.69%
[09:01:53] ★ Gen  148 NEW CHAMPION  score=256.3  tf=1h  CAGR=9.42%  DD=2.86%  n=3051  pos_yr=8/8  pos_mo=71/89(79.8%)  n/mo=34.3  min_yr=2.06%
[09:01:53] ★ Gen  148 NEW CHAMPION  score=256.3  tf=1h  CAGR=9.42%  DD=2.86%  n=3051  pos_yr=8/8  pos_mo=71/89(79.8%)  n/mo=34.3  min_yr=2.06%
[09:01:54]   Gen  150  score=225.2  CAGR=5.34%  pos_mo=57/89  best=256.3
[09:01:54]   Gen  150  score=225.2  CAGR=5.34%  pos_mo=57/89  best=256.3
[09:02:02]   Gen  200  score=202.1  CAGR=5.73%  pos_mo=59/89  best=256.3
[09:02:02]   Gen  200  score=202.1  CAGR=5.73%  pos_mo=59/89  best=256.3
[09:02:02] ★ Gen  202 NEW CHAMPION  score=259.0  tf=1h  CAGR=9.86%  DD=3.06%  n=3758  pos_yr=8/8  pos_mo=67/89(75.3%)  n/mo=42.2  min_yr=0.61%
[09:02:02] ★ Gen  202 NEW CHAMPION  score=259.0  tf=1h  CAGR=9.86%  DD=3.06%  n=3758  pos_yr=8/8  pos_mo=67/89(75.3%)  n/mo=42.2  min_yr=0.61%
[09:02:11] ★ Gen  249 NEW CHAMPION  score=259.8  tf=1h  CAGR=9.64%  DD=3.17%  n=3809  pos_yr=8/8  pos_mo=67/89(75.3%)  n/mo=42.8  min_yr=0.71%
[09:02:11] ★ Gen  249 NEW CHAMPION  score=259.8  tf=1h  CAGR=9.64%  DD=3.17%  n=3809  pos_yr=8/8  pos_mo=67/89(75.3%)  n/mo=42.8  min_yr=0.71%
[09:02:11]   Gen  250  score=258.9  CAGR=9.96%  pos_mo=67/89  best=259.8
[09:02:11]   Gen  250  score=258.9  CAGR=9.96%  pos_mo=67/89  best=259.8
[09:02:18] ★ Gen  284 NEW CHAMPION  score=260.1  tf=1h  CAGR=10.9%  DD=3.18%  n=3631  pos_yr=8/8  pos_mo=68/89(76.4%)  n/mo=40.8  min_yr=2.06%
[09:02:18] ★ Gen  284 NEW CHAMPION  score=260.1  tf=1h  CAGR=10.9%  DD=3.18%  n=3631  pos_yr=8/8  pos_mo=68/89(76.4%)  n/mo=40.8  min_yr=2.06%
[09:02:28] ★ Gen  346 NEW CHAMPION  score=260.5  tf=1h  CAGR=11.09%  DD=3.71%  n=3528  pos_yr=8/8  pos_mo=69/89(77.5%)  n/mo=39.6  min_yr=1.63%
[09:02:28] ★ Gen  346 NEW CHAMPION  score=260.5  tf=1h  CAGR=11.09%  DD=3.71%  n=3528  pos_yr=8/8  pos_mo=69/89(77.5%)  n/mo=39.6  min_yr=1.63%
[09:02:29]   Gen  350  score=233.6  CAGR=6.49%  pos_mo=53/76  best=260.5
[09:02:29]   Gen  350  score=233.6  CAGR=6.49%  pos_mo=53/76  best=260.5
[09:02:31] ★ Gen  367 NEW CHAMPION  score=267.0  tf=1h  CAGR=10.55%  DD=4.21%  n=4322  pos_yr=8/8  pos_mo=66/89(74.2%)  n/mo=48.6  min_yr=2.05%
[09:02:31] ★ Gen  367 NEW CHAMPION  score=267.0  tf=1h  CAGR=10.55%  DD=4.21%  n=4322  pos_yr=8/8  pos_mo=66/89(74.2%)  n/mo=48.6  min_yr=2.05%
[09:02:37]   Gen  400  score=267.0  CAGR=10.55%  pos_mo=66/89  best=267.0
[09:02:37]   Gen  400  score=267.0  CAGR=10.55%  pos_mo=66/89  best=267.0
[09:02:37] ★ Gen  401 NEW CHAMPION  score=267.1  tf=1h  CAGR=10.59%  DD=4.21%  n=4323  pos_yr=8/8  pos_mo=66/89(74.2%)  n/mo=48.6  min_yr=2.05%
[09:02:37] ★ Gen  401 NEW CHAMPION  score=267.1  tf=1h  CAGR=10.59%  DD=4.21%  n=4323  pos_yr=8/8  pos_mo=66/89(74.2%)  n/mo=48.6  min_yr=2.05%
[09:02:37] ★ Gen  405 NEW CHAMPION  score=270.4  tf=1h  CAGR=9.64%  DD=2.95%  n=4409  pos_yr=8/8  pos_mo=67/89(75.3%)  n/mo=49.5  min_yr=2.33%
[09:02:37] ★ Gen  405 NEW CHAMPION  score=270.4  tf=1h  CAGR=9.64%  DD=2.95%  n=4409  pos_yr=8/8  pos_mo=67/89(75.3%)  n/mo=49.5  min_yr=2.33%
[09:02:45]   Gen  450  score=235.7  CAGR=7.74%  pos_mo=55/76  best=270.4
[09:02:45]   Gen  450  score=235.7  CAGR=7.74%  pos_mo=55/76  best=270.4
[09:02:51] ★ Gen  496 NEW CHAMPION  score=276.7  tf=1h  CAGR=10.28%  DD=2.62%  n=4481  pos_yr=8/8  pos_mo=69/89(77.5%)  n/mo=50.3  min_yr=3.33%
[09:02:51] ★ Gen  496 NEW CHAMPION  score=276.7  tf=1h  CAGR=10.28%  DD=2.62%  n=4481  pos_yr=8/8  pos_mo=69/89(77.5%)  n/mo=50.3  min_yr=3.33%
[09:02:52]   Gen  500  score=217.6  CAGR=5.13%  pos_mo=60/89  best=276.7
[09:02:52]   Gen  500  score=217.6  CAGR=5.13%  pos_mo=60/89  best=276.7
[09:02:59] ★ Gen  541 NEW CHAMPION  score=277.5  tf=1h  CAGR=9.21%  DD=2.63%  n=4698  pos_yr=8/8  pos_mo=68/89(76.4%)  n/mo=52.8  min_yr=3.18%
[09:02:59] ★ Gen  541 NEW CHAMPION  score=277.5  tf=1h  CAGR=9.21%  DD=2.63%  n=4698  pos_yr=8/8  pos_mo=68/89(76.4%)  n/mo=52.8  min_yr=3.18%
[09:03:00]   Gen  550  score=277.5  CAGR=9.21%  pos_mo=68/89  best=277.5
[09:03:00]   Gen  550  score=277.5  CAGR=9.21%  pos_mo=68/89  best=277.5
[09:03:06]   Gen  600  score=249.3  CAGR=8.06%  pos_mo=62/89  best=277.5
[09:03:06]   Gen  600  score=249.3  CAGR=8.06%  pos_mo=62/89  best=277.5
[09:03:14]   Gen  650  score=205.3  CAGR=0.8%  pos_mo=49/89  best=277.5
[09:03:14]   Gen  650  score=205.3  CAGR=0.8%  pos_mo=49/89  best=277.5
[09:03:30]   Gen  750  score=275.0  CAGR=4.83%  pos_mo=68/89  best=277.5
[09:03:30]   Gen  750  score=275.0  CAGR=4.83%  pos_mo=68/89  best=277.5
[09:03:37]   Gen  800  score=253.8  CAGR=6.44%  pos_mo=56/76  best=277.5
[09:03:37]   Gen  800  score=253.8  CAGR=6.44%  pos_mo=56/76  best=277.5
[09:03:45]   Gen  850  score=263.8  CAGR=8.88%  pos_mo=63/89  best=277.5
[09:03:45]   Gen  850  score=263.8  CAGR=8.88%  pos_mo=63/89  best=277.5
[09:03:53]   Gen  900  score=264.3  CAGR=6.94%  pos_mo=61/89  best=277.5
[09:03:53]   Gen  900  score=264.3  CAGR=6.94%  pos_mo=61/89  best=277.5
[09:03:55] ★ Gen  914 NEW CHAMPION  score=277.6  tf=1h  CAGR=9.2%  DD=2.7%  n=4701  pos_yr=8/8  pos_mo=68/89(76.4%)  n/mo=52.8  min_yr=3.27%
[09:03:55] ★ Gen  914 NEW CHAMPION  score=277.6  tf=1h  CAGR=9.2%  DD=2.7%  n=4701  pos_yr=8/8  pos_mo=68/89(76.4%)  n/mo=52.8  min_yr=3.27%
[09:04:01]   Gen  950  score=276.7  CAGR=10.28%  pos_mo=69/89  best=277.6
[09:04:01]   Gen  950  score=276.7  CAGR=10.28%  pos_mo=69/89  best=277.6
[09:04:04] ★ Gen  968 NEW CHAMPION  score=277.8  tf=1h  CAGR=9.45%  DD=2.63%  n=4699  pos_yr=8/8  pos_mo=68/89(76.4%)  n/mo=52.8  min_yr=3.52%
[09:04:04] ★ Gen  968 NEW CHAMPION  score=277.8  tf=1h  CAGR=9.45%  DD=2.63%  n=4699  pos_yr=8/8  pos_mo=68/89(76.4%)  n/mo=52.8  min_yr=3.52%
[09:04:08]   Gen 1000  score=190.8  CAGR=4.95%  pos_mo=50/76  best=277.8
[09:04:08]   Gen 1000  score=190.8  CAGR=4.95%  pos_mo=50/76  best=277.8
[09:04:17]   Gen 1050  score=259.9  CAGR=8.31%  pos_mo=66/89  best=277.8
[09:04:17]   Gen 1050  score=259.9  CAGR=8.31%  pos_mo=66/89  best=277.8
[09:04:27] ★ Gen 1107 NEW CHAMPION  score=279.2  tf=1h  CAGR=10.33%  DD=2.62%  n=4491  pos_yr=8/8  pos_mo=70/89(78.7%)  n/mo=50.5  min_yr=3.59%
[09:04:27] ★ Gen 1107 NEW CHAMPION  score=279.2  tf=1h  CAGR=10.33%  DD=2.62%  n=4491  pos_yr=8/8  pos_mo=70/89(78.7%)  n/mo=50.5  min_yr=3.59%
[09:04:29] ★ Gen 1116 NEW CHAMPION  score=279.4  tf=1h  CAGR=10.58%  DD=2.62%  n=4493  pos_yr=8/8  pos_mo=70/89(78.7%)  n/mo=50.5  min_yr=3.64%
[09:04:29] ★ Gen 1116 NEW CHAMPION  score=279.4  tf=1h  CAGR=10.58%  DD=2.62%  n=4493  pos_yr=8/8  pos_mo=70/89(78.7%)  n/mo=50.5  min_yr=3.64%
[09:04:35]   Gen 1150  score=215.9  CAGR=5.64%  pos_mo=62/89  best=279.4
[09:04:35]   Gen 1150  score=215.9  CAGR=5.64%  pos_mo=62/89  best=279.4
[09:04:43]   Gen 1200  score=279.4  CAGR=10.58%  pos_mo=70/89  best=279.4
[09:04:43]   Gen 1200  score=279.4  CAGR=10.58%  pos_mo=70/89  best=279.4
[09:04:51]   Gen 1250  score=231.9  CAGR=4.93%  pos_mo=65/85  best=279.4
[09:04:51]   Gen 1250  score=231.9  CAGR=4.93%  pos_mo=65/85  best=279.4
[09:04:59]   Gen 1300  score=257.9  CAGR=8.3%  pos_mo=65/89  best=279.4
[09:04:59]   Gen 1300  score=257.9  CAGR=8.3%  pos_mo=65/89  best=279.4
[09:05:08]   Gen 1350  score=276.5  CAGR=10.37%  pos_mo=69/89  best=279.4
[09:05:08]   Gen 1350  score=276.5  CAGR=10.37%  pos_mo=69/89  best=279.4
[09:05:15]   Gen 1400  score=222.1  CAGR=4.18%  pos_mo=55/89  best=279.4
[09:05:15]   Gen 1400  score=222.1  CAGR=4.18%  pos_mo=55/89  best=279.4
[09:05:24]   Gen 1450  score=279.2  CAGR=10.33%  pos_mo=70/89  best=279.4
[09:05:24]   Gen 1450  score=279.2  CAGR=10.33%  pos_mo=70/89  best=279.4
[09:05:40]   Gen 1550  score=214.4  CAGR=9.0%  pos_mo=67/89  best=279.4
[09:05:40]   Gen 1550  score=214.4  CAGR=9.0%  pos_mo=67/89  best=279.4
[09:05:48]   Gen 1600  score=205.4  CAGR=0.88%  pos_mo=49/89  best=279.4
[09:05:48]   Gen 1600  score=205.4  CAGR=0.88%  pos_mo=49/89  best=279.4
[09:05:55]   Gen 1650  score=279.4  CAGR=10.58%  pos_mo=70/89  best=279.4
[09:05:55]   Gen 1650  score=279.4  CAGR=10.58%  pos_mo=70/89  best=279.4
[09:06:04]   Gen 1700  score=279.2  CAGR=10.33%  pos_mo=70/89  best=279.4
[09:06:04]   Gen 1700  score=279.2  CAGR=10.33%  pos_mo=70/89  best=279.4
[09:06:11]   Gen 1750  score=279.4  CAGR=10.58%  pos_mo=70/89  best=279.4
[09:06:11]   Gen 1750  score=279.4  CAGR=10.58%  pos_mo=70/89  best=279.4
[09:06:20]   Gen 1800  score=278.1  CAGR=8.39%  pos_mo=70/89  best=279.4
[09:06:20]   Gen 1800  score=278.1  CAGR=8.39%  pos_mo=70/89  best=279.4
[09:06:28]   Gen 1850  score=199.8  CAGR=3.0%  pos_mo=52/89  best=279.4
[09:06:28]   Gen 1850  score=199.8  CAGR=3.0%  pos_mo=52/89  best=279.4
[09:06:35]   Gen 1900  score=277.2  CAGR=6.96%  pos_mo=70/89  best=279.4
[09:06:35]   Gen 1900  score=277.2  CAGR=6.96%  pos_mo=70/89  best=279.4
[09:06:43]   Gen 1950  score=279.4  CAGR=10.58%  pos_mo=70/89  best=279.4
[09:06:43]   Gen 1950  score=279.4  CAGR=10.58%  pos_mo=70/89  best=279.4
[09:06:59]   Gen 2050  score=279.4  CAGR=10.58%  pos_mo=70/89  best=279.4
[09:06:59]   Gen 2050  score=279.4  CAGR=10.58%  pos_mo=70/89  best=279.4
[09:07:06]   Gen 2100  score=236.2  CAGR=2.98%  pos_mo=58/89  best=279.4
[09:07:06]   Gen 2100  score=236.2  CAGR=2.98%  pos_mo=58/89  best=279.4
[09:07:14]   Gen 2150  score=279.4  CAGR=10.58%  pos_mo=70/89  best=279.4
[09:07:14]   Gen 2150  score=279.4  CAGR=10.58%  pos_mo=70/89  best=279.4
[09:07:23]   Gen 2200  score=279.2  CAGR=10.33%  pos_mo=70/89  best=279.4
[09:07:23]   Gen 2200  score=279.2  CAGR=10.33%  pos_mo=70/89  best=279.4
[09:07:30]   Gen 2250  score=147.6  CAGR=3.49%  pos_mo=41/72  best=279.4
[09:07:30]   Gen 2250  score=147.6  CAGR=3.49%  pos_mo=41/72  best=279.4
[09:07:39]   Gen 2300  score=231.2  CAGR=6.56%  pos_mo=61/89  best=279.4
[09:07:39]   Gen 2300  score=231.2  CAGR=6.56%  pos_mo=61/89  best=279.4
[09:07:47]   Gen 2350  score=259.8  CAGR=7.74%  pos_mo=60/89  best=279.4
[09:07:47]   Gen 2350  score=259.8  CAGR=7.74%  pos_mo=60/89  best=279.4
[09:07:54]   Gen 2400  score=231.2  CAGR=6.55%  pos_mo=61/89  best=279.4
[09:07:54]   Gen 2400  score=231.2  CAGR=6.55%  pos_mo=61/89  best=279.4
[09:08:03]   Gen 2450  score=195.3  CAGR=6.68%  pos_mo=53/89  best=279.4
[09:08:03]   Gen 2450  score=195.3  CAGR=6.68%  pos_mo=53/89  best=279.4
[09:08:11]   Gen 2500  score=195.3  CAGR=6.68%  pos_mo=53/89  best=279.4
[09:08:11]   Gen 2500  score=195.3  CAGR=6.68%  pos_mo=53/89  best=279.4
[09:08:27]   Gen 2600  score=256.9  CAGR=8.38%  pos_mo=65/89  best=279.4
[09:08:27]   Gen 2600  score=256.9  CAGR=8.38%  pos_mo=65/89  best=279.4
[09:08:35]   Gen 2650  score=201.5  CAGR=5.61%  pos_mo=57/89  best=279.4
[09:08:35]   Gen 2650  score=201.5  CAGR=5.61%  pos_mo=57/89  best=279.4
[09:08:42]   Gen 2700  score=256.9  CAGR=8.38%  pos_mo=65/89  best=279.4
[09:08:42]   Gen 2700  score=256.9  CAGR=8.38%  pos_mo=65/89  best=279.4
[09:08:50]   Gen 2750  score=208.2  CAGR=2.94%  pos_mo=50/89  best=279.4
[09:08:50]   Gen 2750  score=208.2  CAGR=2.94%  pos_mo=50/89  best=279.4
[09:08:57]   Gen 2800  score=279.4  CAGR=10.58%  pos_mo=70/89  best=279.4
[09:08:57]   Gen 2800  score=279.4  CAGR=10.58%  pos_mo=70/89  best=279.4
[09:09:04]   Gen 2850  score=279.2  CAGR=10.33%  pos_mo=70/89  best=279.4
[09:09:04]   Gen 2850  score=279.2  CAGR=10.33%  pos_mo=70/89  best=279.4
[09:09:12]   Gen 2900  score=248.7  CAGR=9.48%  pos_mo=63/89  best=279.4
[09:09:12]   Gen 2900  score=248.7  CAGR=9.48%  pos_mo=63/89  best=279.4
[09:09:19]   Gen 2950  score=195.2  CAGR=5.61%  pos_mo=52/89  best=279.4
[09:09:19]   Gen 2950  score=195.2  CAGR=5.61%  pos_mo=52/89  best=279.4
[09:09:27]   Gen 3000  score=195.3  CAGR=6.68%  pos_mo=53/89  best=279.4
[09:09:27]   Gen 3000  score=195.3  CAGR=6.68%  pos_mo=53/89  best=279.4
[09:09:34]   Gen 3050  score=214.2  CAGR=8.78%  pos_mo=67/89  best=279.4
[09:09:34]   Gen 3050  score=214.2  CAGR=8.78%  pos_mo=67/89  best=279.4
[09:09:43]   Gen 3100  score=260.3  CAGR=7.87%  pos_mo=59/76  best=279.4
[09:09:43]   Gen 3100  score=260.3  CAGR=7.87%  pos_mo=59/76  best=279.4
[09:09:51]   Gen 3150  score=250.2  CAGR=7.59%  pos_mo=61/89  best=279.4
[09:09:51]   Gen 3150  score=250.2  CAGR=7.59%  pos_mo=61/89  best=279.4
[09:10:07]   Gen 3250  score=279.2  CAGR=10.33%  pos_mo=70/89  best=279.4
[09:10:07]   Gen 3250  score=279.2  CAGR=10.33%  pos_mo=70/89  best=279.4
[09:10:14]   Gen 3300  score=228.0  CAGR=5.13%  pos_mo=44/66  best=279.4
[09:10:14]   Gen 3300  score=228.0  CAGR=5.13%  pos_mo=44/66  best=279.4
[09:10:21]   Gen 3350  score=153.2  CAGR=3.69%  pos_mo=51/86  best=279.4
[09:10:21]   Gen 3350  score=153.2  CAGR=3.69%  pos_mo=51/86  best=279.4
[09:10:29]   Gen 3400  score=171.6  CAGR=1.57%  pos_mo=52/89  best=279.4
[09:10:29]   Gen 3400  score=171.6  CAGR=1.57%  pos_mo=52/89  best=279.4
[09:10:34] STOP file detected. Exiting.
[09:10:34] STOP file detected. Exiting.
[09:10:34] Evolver done.
[09:10:34] Evolver done.
[09:11:50] Loading 5m data...
[09:11:50] Loading 5m data...
[09:11:51] 15m:259660 1h:64923 4h:16241 1d:2708
[09:11:51] 15m:259660 1h:64923 4h:16241 1d:2708
[09:11:52] Indicators ready.
[09:11:52] Indicators ready.
[09:11:52] Loaded champion: score=279.4
[09:11:52] Loaded champion: score=279.4
[09:11:52] ============================================================
[09:11:52] ============================================================
[09:11:52]   HEDGE06 EVOLVER — continuous loop started
[09:11:52]   HEDGE06 EVOLVER — continuous loop started
[09:11:52]   Stop: touch /Users/lap16116/BTC_PC/btc-dashboard/tools/hedge06-evolver-STOP
[09:11:52]   Stop: touch /Users/lap16116/BTC_PC/btc-dashboard/tools/hedge06-evolver-STOP
[09:11:52] ============================================================
[09:11:52] ============================================================
/Users/lap16116/BTC_PC/btc-dashboard/tools/hedge06-evolver.py:251: DeprecationWarning: datetime.datetime.utcfromtimestamp() is deprecated and scheduled for removal in a future version. Use timezone-aware objects to represent datetimes in UTC: datetime.datetime.fromtimestamp(timestamp, datetime.UTC).
  dt   = datetime.datetime.utcfromtimestamp(ts/1000)
[09:11:52] Init champion: score=279.4 CAGR=10.58% pos_mo=70/89 n=4493
[09:11:52] Init champion: score=279.4 CAGR=10.58% pos_mo=70/89 n=4493
[09:11:53] Gen 10 error: 'entry_k_s'
[09:11:53] Gen 10 error: 'entry_k_s'
[09:11:56] Gen 25 error: 'exit_k_s'
[09:11:56] Gen 25 error: 'exit_k_s'
[09:11:59]   Gen   50  score=273.6  CAGR=10.45%  pos_mo=67/89  best=279.4
[09:11:59]   Gen   50  score=273.6  CAGR=10.45%  pos_mo=67/89  best=279.4
[09:12:00] Gen 52 error: 'entry_k_s'
[09:12:00] Gen 52 error: 'entry_k_s'
[09:12:06] STOP file detected. Exiting.
[09:12:06] STOP file detected. Exiting.
[09:12:06] Evolver done.
[09:12:06] Evolver done.
[09:12:08] Loading 5m data...
[09:12:08] Loading 5m data...
[09:12:09] 15m:259660 1h:64923 4h:16241 1d:2708
[09:12:09] 15m:259660 1h:64923 4h:16241 1d:2708
[09:12:09] Indicators ready.
[09:12:09] Indicators ready.
[09:12:09] Loaded champion: score=279.4
[09:12:09] Loaded champion: score=279.4
[09:12:09] ============================================================
[09:12:09] ============================================================
[09:12:09]   HEDGE06 EVOLVER — continuous loop started
[09:12:09]   HEDGE06 EVOLVER — continuous loop started
[09:12:09]   Stop: touch /Users/lap16116/BTC_PC/btc-dashboard/tools/hedge06-evolver-STOP
[09:12:09]   Stop: touch /Users/lap16116/BTC_PC/btc-dashboard/tools/hedge06-evolver-STOP
[09:12:09] ============================================================
[09:12:09] ============================================================
/Users/lap16116/BTC_PC/btc-dashboard/tools/hedge06-evolver.py:251: DeprecationWarning: datetime.datetime.utcfromtimestamp() is deprecated and scheduled for removal in a future version. Use timezone-aware objects to represent datetimes in UTC: datetime.datetime.fromtimestamp(timestamp, datetime.UTC).
  dt   = datetime.datetime.utcfromtimestamp(ts/1000)
[09:12:10] Init champion: score=279.4 CAGR=10.58% pos_mo=70/89 n=4493
[09:12:10] Init champion: score=279.4 CAGR=10.58% pos_mo=70/89 n=4493
[09:12:14] ★ Gen   24 NEW CHAMPION  score=336.8  tf=1h L+S  CAGR=14.37%  DD=4.97%  n=8773  pos_yr=8/8  pos_mo=63/89(70.8%)  n/mo=98.6  min_yr=0.56%
[09:12:14] ★ Gen   24 NEW CHAMPION  score=336.8  tf=1h L+S  CAGR=14.37%  DD=4.97%  n=8773  pos_yr=8/8  pos_mo=63/89(70.8%)  n/mo=98.6  min_yr=0.56%
[09:12:17] ★ Gen   42 NEW CHAMPION  score=337.7  tf=1h L+S  CAGR=13.84%  DD=4.95%  n=8753  pos_yr=7/8  pos_mo=66/89(74.2%)  n/mo=98.3  min_yr=-0.35%
[09:12:17] ★ Gen   42 NEW CHAMPION  score=337.7  tf=1h L+S  CAGR=13.84%  DD=4.95%  n=8753  pos_yr=7/8  pos_mo=66/89(74.2%)  n/mo=98.3  min_yr=-0.35%
Traceback (most recent call last):
  File "/Users/lap16116/BTC_PC/btc-dashboard/tools/hedge06-evolver.py", line 490, in <module>
    candidate = crossover(p1, p2)
  File "/Users/lap16116/BTC_PC/btc-dashboard/tools/hedge06-evolver.py", line 437, in crossover
    child[k] = p1[k] if random.random() < 0.5 else p2[k]
               ~~^^^
KeyError: 'entry_k_s'
[09:15:00] Loading 5m data...
[09:15:00] Loading 5m data...
[09:15:02] 15m:259660 1h:64923 4h:16241 1d:2708
[09:15:02] 15m:259660 1h:64923 4h:16241 1d:2708
[09:15:02] Indicators ready.
[09:15:02] Indicators ready.
[09:15:02] Loaded champion: score=337.7
[09:15:02] Loaded champion: score=337.7
[09:15:02] ============================================================
[09:15:02] ============================================================
[09:15:02]   HEDGE06 EVOLVER — continuous loop started
[09:15:02]   HEDGE06 EVOLVER — continuous loop started
[09:15:02]   Stop: touch /Users/lap16116/BTC_PC/btc-dashboard/tools/hedge06-evolver-STOP
[09:15:02]   Stop: touch /Users/lap16116/BTC_PC/btc-dashboard/tools/hedge06-evolver-STOP
[09:15:02] ============================================================
[09:15:02] ============================================================
/Users/lap16116/BTC_PC/btc-dashboard/tools/hedge06-evolver.py:251: DeprecationWarning: datetime.datetime.utcfromtimestamp() is deprecated and scheduled for removal in a future version. Use timezone-aware objects to represent datetimes in UTC: datetime.datetime.fromtimestamp(timestamp, datetime.UTC).
  dt   = datetime.datetime.utcfromtimestamp(ts/1000)
[09:15:02] Init champion: score=337.7 CAGR=13.84% pos_mo=66/89 n=8753
[09:15:02] Init champion: score=337.7 CAGR=13.84% pos_mo=66/89 n=8753
[09:15:03] ★ Gen    6 NEW CHAMPION  score=344.4  tf=1h L+S  CAGR=14.21%  DD=5.64%  n=8877  pos_yr=7/8  pos_mo=68/89(76.4%)  n/mo=99.7  min_yr=-0.45%
[09:15:03] ★ Gen    6 NEW CHAMPION  score=344.4  tf=1h L+S  CAGR=14.21%  DD=5.64%  n=8877  pos_yr=7/8  pos_mo=68/89(76.4%)  n/mo=99.7  min_yr=-0.45%
[09:15:04] ★ Gen   10 NEW CHAMPION  score=351.1  tf=1h L+S  CAGR=15.05%  DD=4.83%  n=8774  pos_yr=8/8  pos_mo=69/89(77.5%)  n/mo=98.6  min_yr=2.19%
[09:15:04] ★ Gen   10 NEW CHAMPION  score=351.1  tf=1h L+S  CAGR=15.05%  DD=4.83%  n=8774  pos_yr=8/8  pos_mo=69/89(77.5%)  n/mo=98.6  min_yr=2.19%
[09:15:05] ★ Gen   15 NEW CHAMPION  score=353.7  tf=1h L+S  CAGR=15.14%  DD=5.42%  n=8676  pos_yr=8/8  pos_mo=71/89(79.8%)  n/mo=97.5  min_yr=1.16%
[09:15:05] ★ Gen   15 NEW CHAMPION  score=353.7  tf=1h L+S  CAGR=15.14%  DD=5.42%  n=8676  pos_yr=8/8  pos_mo=71/89(79.8%)  n/mo=97.5  min_yr=1.16%
[09:15:11]   Gen   50  score=228.9  CAGR=1.37%  pos_mo=54/89  best=353.7
[09:15:11]   Gen   50  score=228.9  CAGR=1.37%  pos_mo=54/89  best=353.7
[09:15:20]   Gen  100  score=352.0  CAGR=11.97%  pos_mo=71/89  best=353.7
[09:15:20]   Gen  100  score=352.0  CAGR=11.97%  pos_mo=71/89  best=353.7
[09:15:25] ★ Gen  135 NEW CHAMPION  score=353.9  tf=1h L+S  CAGR=14.73%  DD=5.13%  n=8843  pos_yr=8/8  pos_mo=70/89(78.7%)  n/mo=99.4  min_yr=0.8%
[09:15:25] ★ Gen  135 NEW CHAMPION  score=353.9  tf=1h L+S  CAGR=14.73%  DD=5.13%  n=8843  pos_yr=8/8  pos_mo=70/89(78.7%)  n/mo=99.4  min_yr=0.8%
[09:15:28]   Gen  150  score=344.4  CAGR=14.21%  pos_mo=68/89  best=353.9
[09:15:28]   Gen  150  score=344.4  CAGR=14.21%  pos_mo=68/89  best=353.9
[09:15:37] ★ Gen  196 NEW CHAMPION  score=355.2  tf=1h L+S  CAGR=13.94%  DD=5.08%  n=8944  pos_yr=8/8  pos_mo=70/89(78.7%)  n/mo=100.5  min_yr=0.57%
[09:15:37] ★ Gen  196 NEW CHAMPION  score=355.2  tf=1h L+S  CAGR=13.94%  DD=5.08%  n=8944  pos_yr=8/8  pos_mo=70/89(78.7%)  n/mo=100.5  min_yr=0.57%
[09:15:38]   Gen  200  score=351.6  CAGR=13.64%  pos_mo=68/89  best=355.2
[09:15:38]   Gen  200  score=351.6  CAGR=13.64%  pos_mo=68/89  best=355.2
[09:15:46] ★ Gen  248 NEW CHAMPION  score=357.2  tf=1h L+S  CAGR=14.84%  DD=4.66%  n=8884  pos_yr=8/8  pos_mo=71/89(79.8%)  n/mo=99.8  min_yr=1.59%
[09:15:46] ★ Gen  248 NEW CHAMPION  score=357.2  tf=1h L+S  CAGR=14.84%  DD=4.66%  n=8884  pos_yr=8/8  pos_mo=71/89(79.8%)  n/mo=99.8  min_yr=1.59%
[09:15:46]   Gen  250  score=162.1  CAGR=0.13%  pos_mo=47/89  best=357.2
[09:15:46]   Gen  250  score=162.1  CAGR=0.13%  pos_mo=47/89  best=357.2
[09:15:54]   Gen  300  score=281.4  CAGR=7.52%  pos_mo=59/89  best=357.2
[09:15:54]   Gen  300  score=281.4  CAGR=7.52%  pos_mo=59/89  best=357.2
[09:15:55] ★ Gen  306 NEW CHAMPION  score=357.2  tf=1h L+S  CAGR=14.91%  DD=4.64%  n=8882  pos_yr=8/8  pos_mo=71/89(79.8%)  n/mo=99.8  min_yr=1.74%
[09:15:55] ★ Gen  306 NEW CHAMPION  score=357.2  tf=1h L+S  CAGR=14.91%  DD=4.64%  n=8882  pos_yr=8/8  pos_mo=71/89(79.8%)  n/mo=99.8  min_yr=1.74%
[09:16:02]   Gen  350  score=263.2  CAGR=10.48%  pos_mo=64/89  best=357.2
[09:16:02]   Gen  350  score=263.2  CAGR=10.48%  pos_mo=64/89  best=357.2
[09:16:10]   Gen  400  score=266.5  CAGR=13.0%  pos_mo=64/86  best=357.2
[09:16:10]   Gen  400  score=266.5  CAGR=13.0%  pos_mo=64/86  best=357.2
[09:16:19]   Gen  450  score=357.2  CAGR=14.91%  pos_mo=71/89  best=357.2
[09:16:19]   Gen  450  score=357.2  CAGR=14.91%  pos_mo=71/89  best=357.2
[09:16:27]   Gen  500  score=338.6  CAGR=12.35%  pos_mo=67/89  best=357.2
[09:16:27]   Gen  500  score=338.6  CAGR=12.35%  pos_mo=67/89  best=357.2
[09:16:35]   Gen  550  score=325.6  CAGR=12.09%  pos_mo=61/76  best=357.2
[09:16:35]   Gen  550  score=325.6  CAGR=12.09%  pos_mo=61/76  best=357.2
[09:16:43]   Gen  600  score=267.1  CAGR=7.32%  pos_mo=67/89  best=357.2
[09:16:43]   Gen  600  score=267.1  CAGR=7.32%  pos_mo=67/89  best=357.2
[09:16:51]   Gen  650  score=353.9  CAGR=14.73%  pos_mo=70/89  best=357.2
[09:16:51]   Gen  650  score=353.9  CAGR=14.73%  pos_mo=70/89  best=357.2
[09:16:52] ★ Gen  653 NEW CHAMPION  score=357.4  tf=1h L+S  CAGR=15.1%  DD=5.03%  n=8770  pos_yr=8/8  pos_mo=72/89(80.9%)  n/mo=98.5  min_yr=0.93%
[09:16:52] ★ Gen  653 NEW CHAMPION  score=357.4  tf=1h L+S  CAGR=15.1%  DD=5.03%  n=8770  pos_yr=8/8  pos_mo=72/89(80.9%)  n/mo=98.5  min_yr=0.93%
[09:17:07]   Gen  750  score=262.1  CAGR=8.95%  pos_mo=63/89  best=357.4
[09:17:07]   Gen  750  score=262.1  CAGR=8.95%  pos_mo=63/89  best=357.4
[09:17:08] ★ Gen  754 NEW CHAMPION  score=357.4  tf=1h L+S  CAGR=15.08%  DD=5.1%  n=8774  pos_yr=8/8  pos_mo=72/89(80.9%)  n/mo=98.6  min_yr=0.79%
[09:17:08] ★ Gen  754 NEW CHAMPION  score=357.4  tf=1h L+S  CAGR=15.08%  DD=5.1%  n=8774  pos_yr=8/8  pos_mo=72/89(80.9%)  n/mo=98.6  min_yr=0.79%
[09:17:15]   Gen  800  score=357.2  CAGR=14.84%  pos_mo=71/89  best=357.4
[09:17:15]   Gen  800  score=357.2  CAGR=14.84%  pos_mo=71/89  best=357.4
[09:17:24]   Gen  850  score=352.7  CAGR=14.9%  pos_mo=70/89  best=357.4
[09:17:24]   Gen  850  score=352.7  CAGR=14.9%  pos_mo=70/89  best=357.4
[09:17:31]   Gen  900  score=230.0  CAGR=5.67%  pos_mo=52/89  best=357.4
[09:17:31]   Gen  900  score=230.0  CAGR=5.67%  pos_mo=52/89  best=357.4
[09:17:39]   Gen  950  score=232.5  CAGR=5.67%  pos_mo=49/76  best=357.4
[09:17:39]   Gen  950  score=232.5  CAGR=5.67%  pos_mo=49/76  best=357.4
[09:17:48]   Gen 1000  score=292.0  CAGR=9.98%  pos_mo=66/89  best=357.4
[09:17:48]   Gen 1000  score=292.0  CAGR=9.98%  pos_mo=66/89  best=357.4
[09:17:56]   Gen 1050  score=189.2  CAGR=8.55%  pos_mo=61/89  best=357.4
[09:17:56]   Gen 1050  score=189.2  CAGR=8.55%  pos_mo=61/89  best=357.4
[09:18:05]   Gen 1100  score=202.9  CAGR=7.2%  pos_mo=57/89  best=357.4
[09:18:05]   Gen 1100  score=202.9  CAGR=7.2%  pos_mo=57/89  best=357.4
[09:18:14]   Gen 1150  score=352.7  CAGR=9.13%  pos_mo=70/89  best=357.4
[09:18:14]   Gen 1150  score=352.7  CAGR=9.13%  pos_mo=70/89  best=357.4
[09:18:23]   Gen 1200  score=355.2  CAGR=13.94%  pos_mo=70/89  best=357.4
[09:18:23]   Gen 1200  score=355.2  CAGR=13.94%  pos_mo=70/89  best=357.4
[09:18:32]   Gen 1250  score=357.4  CAGR=15.08%  pos_mo=72/89  best=357.4
[09:18:32]   Gen 1250  score=357.4  CAGR=15.08%  pos_mo=72/89  best=357.4
[09:18:40]   Gen 1300  score=353.7  CAGR=7.83%  pos_mo=72/89  best=357.4
[09:18:40]   Gen 1300  score=353.7  CAGR=7.83%  pos_mo=72/89  best=357.4
[09:18:48]   Gen 1350  score=357.4  CAGR=15.1%  pos_mo=72/89  best=357.4
[09:18:48]   Gen 1350  score=357.4  CAGR=15.1%  pos_mo=72/89  best=357.4
[09:19:04]   Gen 1450  score=286.9  CAGR=7.89%  pos_mo=50/66  best=357.4
[09:19:04]   Gen 1450  score=286.9  CAGR=7.89%  pos_mo=50/66  best=357.4
[09:19:20]   Gen 1550  score=272.8  CAGR=7.99%  pos_mo=70/89  best=357.4
[09:19:20]   Gen 1550  score=272.8  CAGR=7.99%  pos_mo=70/89  best=357.4
[09:19:28]   Gen 1600  score=260.9  CAGR=13.1%  pos_mo=62/86  best=357.4
[09:19:28]   Gen 1600  score=260.9  CAGR=13.1%  pos_mo=62/86  best=357.4
[09:19:36]   Gen 1650  score=263.1  CAGR=10.91%  pos_mo=64/89  best=357.4
[09:19:36]   Gen 1650  score=263.1  CAGR=10.91%  pos_mo=64/89  best=357.4
[09:19:44]   Gen 1700  score=347.1  CAGR=13.13%  pos_mo=68/89  best=357.4
[09:19:44]   Gen 1700  score=347.1  CAGR=13.13%  pos_mo=68/89  best=357.4
[09:19:53]   Gen 1750  score=357.2  CAGR=14.91%  pos_mo=71/89  best=357.4
[09:19:53]   Gen 1750  score=357.2  CAGR=14.91%  pos_mo=71/89  best=357.4
[09:20:01]   Gen 1800  score=357.4  CAGR=15.08%  pos_mo=72/89  best=357.4
[09:20:01]   Gen 1800  score=357.4  CAGR=15.08%  pos_mo=72/89  best=357.4
[09:20:09]   Gen 1850  score=357.4  CAGR=15.08%  pos_mo=72/89  best=357.4
[09:20:09]   Gen 1850  score=357.4  CAGR=15.08%  pos_mo=72/89  best=357.4
[09:20:17]   Gen 1900  score=265.6  CAGR=10.68%  pos_mo=65/89  best=357.4
[09:20:17]   Gen 1900  score=265.6  CAGR=10.68%  pos_mo=65/89  best=357.4
[09:20:25]   Gen 1950  score=348.4  CAGR=12.36%  pos_mo=65/89  best=357.4
[09:20:25]   Gen 1950  score=348.4  CAGR=12.36%  pos_mo=65/89  best=357.4
[09:20:34]   Gen 2000  score=333.3  CAGR=12.85%  pos_mo=66/89  best=357.4
[09:20:34]   Gen 2000  score=333.3  CAGR=12.85%  pos_mo=66/89  best=357.4
[09:20:41]   Gen 2050  score=348.6  CAGR=15.2%  pos_mo=69/89  best=357.4
[09:20:41]   Gen 2050  score=348.6  CAGR=15.2%  pos_mo=69/89  best=357.4
[09:20:50]   Gen 2100  score=357.4  CAGR=15.08%  pos_mo=72/89  best=357.4
[09:20:50]   Gen 2100  score=357.4  CAGR=15.08%  pos_mo=72/89  best=357.4
[09:20:59]   Gen 2150  score=357.4  CAGR=15.08%  pos_mo=72/89  best=357.4
[09:20:59]   Gen 2150  score=357.4  CAGR=15.08%  pos_mo=72/89  best=357.4
[09:21:06]   Gen 2200  score=354.4  CAGR=15.13%  pos_mo=71/89  best=357.4
[09:21:06]   Gen 2200  score=354.4  CAGR=15.13%  pos_mo=71/89  best=357.4
[09:21:14]   Gen 2250  score=347.3  CAGR=15.28%  pos_mo=69/89  best=357.4
[09:21:14]   Gen 2250  score=347.3  CAGR=15.28%  pos_mo=69/89  best=357.4
[09:21:30]   Gen 2350  score=168.0  CAGR=4.36%  pos_mo=33/57  best=357.4
[09:21:30]   Gen 2350  score=168.0  CAGR=4.36%  pos_mo=33/57  best=357.4
[09:21:38]   Gen 2400  score=353.4  CAGR=13.11%  pos_mo=69/89  best=357.4
[09:21:38]   Gen 2400  score=353.4  CAGR=13.11%  pos_mo=69/89  best=357.4
[09:21:46]   Gen 2450  score=310.6  CAGR=7.71%  pos_mo=50/66  best=357.4
[09:21:46]   Gen 2450  score=310.6  CAGR=7.71%  pos_mo=50/66  best=357.4
[09:21:56]   Gen 2500  score=263.1  CAGR=10.91%  pos_mo=64/89  best=357.4
[09:21:56]   Gen 2500  score=263.1  CAGR=10.91%  pos_mo=64/89  best=357.4
[09:22:04]   Gen 2550  score=263.1  CAGR=10.91%  pos_mo=64/89  best=357.4
[09:22:04]   Gen 2550  score=263.1  CAGR=10.91%  pos_mo=64/89  best=357.4
[09:22:12]   Gen 2600  score=350.8  CAGR=13.95%  pos_mo=68/89  best=357.4
[09:22:12]   Gen 2600  score=350.8  CAGR=13.95%  pos_mo=68/89  best=357.4
[09:22:20]   Gen 2650  score=356.5  CAGR=14.69%  pos_mo=70/89  best=357.4
[09:22:20]   Gen 2650  score=356.5  CAGR=14.69%  pos_mo=70/89  best=357.4
[09:22:28]   Gen 2700  score=357.4  CAGR=15.08%  pos_mo=72/89  best=357.4
[09:22:28]   Gen 2700  score=357.4  CAGR=15.08%  pos_mo=72/89  best=357.4
[09:22:37]   Gen 2750  score=357.4  CAGR=15.08%  pos_mo=72/89  best=357.4
[09:22:37]   Gen 2750  score=357.4  CAGR=15.08%  pos_mo=72/89  best=357.4
[09:22:44]   Gen 2800  score=348.6  CAGR=15.2%  pos_mo=69/89  best=357.4
[09:22:44]   Gen 2800  score=348.6  CAGR=15.2%  pos_mo=69/89  best=357.4
[09:22:52]   Gen 2850  score=357.4  CAGR=15.1%  pos_mo=72/89  best=357.4
[09:22:52]   Gen 2850  score=357.4  CAGR=15.1%  pos_mo=72/89  best=357.4
[09:23:00]   Gen 2900  score=249.0  CAGR=6.3%  pos_mo=53/89  best=357.4
[09:23:00]   Gen 2900  score=249.0  CAGR=6.3%  pos_mo=53/89  best=357.4
[09:23:08]   Gen 2950  score=350.7  CAGR=7.83%  pos_mo=71/89  best=357.4
[09:23:08]   Gen 2950  score=350.7  CAGR=7.83%  pos_mo=71/89  best=357.4
[09:23:16]   Gen 3000  score=357.4  CAGR=15.08%  pos_mo=72/89  best=357.4
[09:23:16]   Gen 3000  score=357.4  CAGR=15.08%  pos_mo=72/89  best=357.4
[09:23:24]   Gen 3050  score=357.0  CAGR=14.09%  pos_mo=71/89  best=357.4
[09:23:24]   Gen 3050  score=357.0  CAGR=14.09%  pos_mo=71/89  best=357.4
[09:23:34]   Gen 3100  score=357.4  CAGR=15.08%  pos_mo=72/89  best=357.4
[09:23:34]   Gen 3100  score=357.4  CAGR=15.08%  pos_mo=72/89  best=357.4
[09:23:42]   Gen 3150  score=325.6  CAGR=12.15%  pos_mo=61/76  best=357.4
[09:23:42]   Gen 3150  score=325.6  CAGR=12.15%  pos_mo=61/76  best=357.4
[09:23:50]   Gen 3200  score=217.3  CAGR=3.96%  pos_mo=46/76  best=357.4
[09:23:50]   Gen 3200  score=217.3  CAGR=3.96%  pos_mo=46/76  best=357.4
[09:23:58]   Gen 3250  score=330.2  CAGR=15.39%  pos_mo=72/89  best=357.4
[09:23:58]   Gen 3250  score=330.2  CAGR=15.39%  pos_mo=72/89  best=357.4
[09:24:14]   Gen 3350  score=312.3  CAGR=10.79%  pos_mo=57/89  best=357.4
[09:24:14]   Gen 3350  score=312.3  CAGR=10.79%  pos_mo=57/89  best=357.4
[09:24:23]   Gen 3400  score=315.7  CAGR=15.38%  pos_mo=69/89  best=357.4
[09:24:23]   Gen 3400  score=315.7  CAGR=15.38%  pos_mo=69/89  best=357.4
[09:24:31]   Gen 3450  score=352.2  CAGR=4.84%  pos_mo=72/89  best=357.4
[09:24:31]   Gen 3450  score=352.2  CAGR=4.84%  pos_mo=72/89  best=357.4
[09:24:38]   Gen 3500  score=232.1  CAGR=6.58%  pos_mo=59/89  best=357.4
[09:24:38]   Gen 3500  score=232.1  CAGR=6.58%  pos_mo=59/89  best=357.4
[09:24:47]   Gen 3550  score=232.5  CAGR=5.67%  pos_mo=49/76  best=357.4
[09:24:47]   Gen 3550  score=232.5  CAGR=5.67%  pos_mo=49/76  best=357.4
[09:25:03]   Gen 3650  score=297.3  CAGR=8.4%  pos_mo=58/89  best=357.4
[09:25:03]   Gen 3650  score=297.3  CAGR=8.4%  pos_mo=58/89  best=357.4
[09:25:19]   Gen 3750  score=357.4  CAGR=15.08%  pos_mo=72/89  best=357.4
[09:25:19]   Gen 3750  score=357.4  CAGR=15.08%  pos_mo=72/89  best=357.4
[09:25:28]   Gen 3800  score=321.6  CAGR=11.82%  pos_mo=60/76  best=357.4
[09:25:28]   Gen 3800  score=321.6  CAGR=11.82%  pos_mo=60/76  best=357.4
[09:25:36]   Gen 3850  score=232.0  CAGR=3.69%  pos_mo=55/89  best=357.4
[09:25:36]   Gen 3850  score=232.0  CAGR=3.69%  pos_mo=55/89  best=357.4
[09:25:44]   Gen 3900  score=322.6  CAGR=5.06%  pos_mo=72/89  best=357.4
[09:25:44]   Gen 3900  score=322.6  CAGR=5.06%  pos_mo=72/89  best=357.4
[09:25:52]   Gen 3950  score=297.3  CAGR=14.76%  pos_mo=68/89  best=357.4
[09:25:52]   Gen 3950  score=297.3  CAGR=14.76%  pos_mo=68/89  best=357.4
[09:26:01]   Gen 4000  score=357.4  CAGR=15.08%  pos_mo=72/89  best=357.4
[09:26:01]   Gen 4000  score=357.4  CAGR=15.08%  pos_mo=72/89  best=357.4
[09:26:11]   Gen 4050  score=256.0  CAGR=7.55%  pos_mo=66/89  best=357.4
[09:26:11]   Gen 4050  score=256.0  CAGR=7.55%  pos_mo=66/89  best=357.4
[09:26:19]   Gen 4100  score=320.1  CAGR=11.03%  pos_mo=59/89  best=357.4
[09:26:19]   Gen 4100  score=320.1  CAGR=11.03%  pos_mo=59/89  best=357.4
[09:26:42]   Gen 4250  score=338.7  CAGR=13.53%  pos_mo=65/89  best=357.4
[09:26:42]   Gen 4250  score=338.7  CAGR=13.53%  pos_mo=65/89  best=357.4
[09:26:50]   Gen 4300  score=216.9  CAGR=4.18%  pos_mo=55/89  best=357.4
[09:26:50]   Gen 4300  score=216.9  CAGR=4.18%  pos_mo=55/89  best=357.4
[09:27:05]   Gen 4400  score=354.6  CAGR=13.99%  pos_mo=70/89  best=357.4
[09:27:05]   Gen 4400  score=354.6  CAGR=13.99%  pos_mo=70/89  best=357.4
[09:27:30]   Gen 4550  score=345.1  CAGR=15.46%  pos_mo=68/89  best=357.4
[09:27:30]   Gen 4550  score=345.1  CAGR=15.46%  pos_mo=68/89  best=357.4
[09:27:37]   Gen 4600  score=352.2  CAGR=4.84%  pos_mo=72/89  best=357.4
[09:27:37]   Gen 4600  score=352.2  CAGR=4.84%  pos_mo=72/89  best=357.4
[09:27:45]   Gen 4650  score=357.4  CAGR=15.08%  pos_mo=72/89  best=357.4
[09:27:45]   Gen 4650  score=357.4  CAGR=15.08%  pos_mo=72/89  best=357.4
[09:27:53]   Gen 4700  score=340.7  CAGR=13.34%  pos_mo=65/89  best=357.4
[09:27:53]   Gen 4700  score=340.7  CAGR=13.34%  pos_mo=65/89  best=357.4
[09:28:02]   Gen 4750  score=152.9  CAGR=2.82%  pos_mo=51/88  best=357.4
[09:28:02]   Gen 4750  score=152.9  CAGR=2.82%  pos_mo=51/88  best=357.4
[09:28:17]   Gen 4850  score=357.4  CAGR=15.08%  pos_mo=72/89  best=357.4
[09:28:17]   Gen 4850  score=357.4  CAGR=15.08%  pos_mo=72/89  best=357.4
[09:28:25]   Gen 4900  score=226.9  CAGR=5.68%  pos_mo=55/89  best=357.4
[09:28:25]   Gen 4900  score=226.9  CAGR=5.68%  pos_mo=55/89  best=357.4
[09:28:33]   Gen 4950  score=355.5  CAGR=14.71%  pos_mo=71/89  best=357.4
[09:28:33]   Gen 4950  score=355.5  CAGR=14.71%  pos_mo=71/89  best=357.4
[09:28:42]   Gen 5000  score=353.4  CAGR=11.69%  pos_mo=71/89  best=357.4
[09:28:42]   Gen 5000  score=353.4  CAGR=11.69%  pos_mo=71/89  best=357.4
[09:28:50]   Gen 5050  score=275.1  CAGR=9.4%  pos_mo=68/89  best=357.4
[09:28:50]   Gen 5050  score=275.1  CAGR=9.4%  pos_mo=68/89  best=357.4
[09:28:57]   Gen 5100  score=228.9  CAGR=9.6%  pos_mo=63/85  best=357.4
[09:28:57]   Gen 5100  score=228.9  CAGR=9.6%  pos_mo=63/85  best=357.4
[09:29:05]   Gen 5150  score=354.5  CAGR=15.09%  pos_mo=71/89  best=357.4
[09:29:05]   Gen 5150  score=354.5  CAGR=15.09%  pos_mo=71/89  best=357.4
[09:29:21]   Gen 5250  score=321.6  CAGR=11.82%  pos_mo=60/76  best=357.4
[09:29:21]   Gen 5250  score=321.6  CAGR=11.82%  pos_mo=60/76  best=357.4
[09:29:29]   Gen 5300  score=357.4  CAGR=15.08%  pos_mo=72/89  best=357.4
[09:29:29]   Gen 5300  score=357.4  CAGR=15.08%  pos_mo=72/89  best=357.4
[09:29:46]   Gen 5400  score=222.1  CAGR=5.08%  pos_mo=57/89  best=357.4
[09:29:46]   Gen 5400  score=222.1  CAGR=5.08%  pos_mo=57/89  best=357.4
[09:29:54]   Gen 5450  score=357.4  CAGR=15.08%  pos_mo=72/89  best=357.4
[09:29:54]   Gen 5450  score=357.4  CAGR=15.08%  pos_mo=72/89  best=357.4
[09:30:02]   Gen 5500  score=357.2  CAGR=14.84%  pos_mo=71/89  best=357.4
[09:30:02]   Gen 5500  score=357.2  CAGR=14.84%  pos_mo=71/89  best=357.4
[09:30:12]   Gen 5550  score=201.7  CAGR=4.48%  pos_mo=57/89  best=357.4
[09:30:12]   Gen 5550  score=201.7  CAGR=4.48%  pos_mo=57/89  best=357.4
[09:30:28]   Gen 5650  score=265.6  CAGR=10.73%  pos_mo=65/89  best=357.4
[09:30:28]   Gen 5650  score=265.6  CAGR=10.73%  pos_mo=65/89  best=357.4
[09:30:36]   Gen 5700  score=357.2  CAGR=14.84%  pos_mo=71/89  best=357.4
[09:30:36]   Gen 5700  score=357.2  CAGR=14.84%  pos_mo=71/89  best=357.4
[09:30:43]   Gen 5750  score=349.8  CAGR=13.93%  pos_mo=68/89  best=357.4
[09:30:43]   Gen 5750  score=349.8  CAGR=13.93%  pos_mo=68/89  best=357.4
[09:30:50]   Gen 5800  score=230.0  CAGR=8.58%  pos_mo=57/89  best=357.4
[09:30:50]   Gen 5800  score=230.0  CAGR=8.58%  pos_mo=57/89  best=357.4
[09:30:58]   Gen 5850  score=155.5  CAGR=0.2%  pos_mo=46/89  best=357.4
[09:30:58]   Gen 5850  score=155.5  CAGR=0.2%  pos_mo=46/89  best=357.4
[09:31:05]   Gen 5900  score=260.9  CAGR=13.1%  pos_mo=62/86  best=357.4
[09:31:05]   Gen 5900  score=260.9  CAGR=13.1%  pos_mo=62/86  best=357.4
[09:31:14]   Gen 5950  score=357.4  CAGR=15.08%  pos_mo=72/89  best=357.4
[09:31:14]   Gen 5950  score=357.4  CAGR=15.08%  pos_mo=72/89  best=357.4
[09:31:22]   Gen 6000  score=344.5  CAGR=13.05%  pos_mo=66/89  best=357.4
[09:31:22]   Gen 6000  score=344.5  CAGR=13.05%  pos_mo=66/89  best=357.4
[09:31:30]   Gen 6050  score=264.7  CAGR=10.92%  pos_mo=65/89  best=357.4
[09:31:30]   Gen 6050  score=264.7  CAGR=10.92%  pos_mo=65/89  best=357.4
[09:31:38]   Gen 6100  score=323.9  CAGR=11.3%  pos_mo=60/76  best=357.4
[09:31:38]   Gen 6100  score=323.9  CAGR=11.3%  pos_mo=60/76  best=357.4
[09:31:47]   Gen 6150  score=329.3  CAGR=12.84%  pos_mo=61/89  best=357.4
[09:31:47]   Gen 6150  score=329.3  CAGR=12.84%  pos_mo=61/89  best=357.4
[09:31:54]   Gen 6200  score=295.7  CAGR=11.44%  pos_mo=59/76  best=357.4
[09:31:54]   Gen 6200  score=295.7  CAGR=11.44%  pos_mo=59/76  best=357.4
[09:32:03]   Gen 6250  score=251.9  CAGR=6.75%  pos_mo=56/76  best=357.4
[09:32:03]   Gen 6250  score=251.9  CAGR=6.75%  pos_mo=56/76  best=357.4
[09:32:10]   Gen 6300  score=341.1  CAGR=8.02%  pos_mo=68/89  best=357.4
[09:32:10]   Gen 6300  score=341.1  CAGR=8.02%  pos_mo=68/89  best=357.4
[09:32:18]   Gen 6350  score=343.7  CAGR=12.27%  pos_mo=66/89  best=357.4
[09:32:18]   Gen 6350  score=343.7  CAGR=12.27%  pos_mo=66/89  best=357.4
[09:32:36]   Gen 6450  score=341.3  CAGR=16.01%  pos_mo=66/89  best=357.4
[09:32:36]   Gen 6450  score=341.3  CAGR=16.01%  pos_mo=66/89  best=357.4
[09:32:45]   Gen 6500  score=318.9  CAGR=10.22%  pos_mo=58/89  best=357.4
[09:32:45]   Gen 6500  score=318.9  CAGR=10.22%  pos_mo=58/89  best=357.4
[09:32:46] STOP file detected. Exiting.
[09:32:46] STOP file detected. Exiting.
[09:32:46] Evolver done.
[09:32:46] Evolver done.
[09:33:49] Loading 5m data...
[09:33:49] Loading 5m data...
[09:33:50] 15m:259660 1h:64923 4h:16241 1d:2708
[09:33:50] 15m:259660 1h:64923 4h:16241 1d:2708
[09:33:50] Indicators ready. (StochRSI + ATR + ADX on all TFs)
[09:33:50] Indicators ready. (StochRSI + ATR + ADX on all TFs)
[09:33:50] Loaded champion: score=357.4
[09:33:50] Loaded champion: score=357.4
[09:33:50] ============================================================
[09:33:50] ============================================================
[09:33:50]   HEDGE06 EVOLVER — continuous loop started
[09:33:50]   HEDGE06 EVOLVER — continuous loop started
[09:33:50]   Stop: touch /Users/lap16116/BTC_PC/btc-dashboard/tools/hedge06-evolver-STOP
[09:33:50]   Stop: touch /Users/lap16116/BTC_PC/btc-dashboard/tools/hedge06-evolver-STOP
[09:33:50] ============================================================
[09:33:50] ============================================================
/Users/lap16116/BTC_PC/btc-dashboard/tools/hedge06-evolver.py:299: DeprecationWarning: datetime.datetime.utcfromtimestamp() is deprecated and scheduled for removal in a future version. Use timezone-aware objects to represent datetimes in UTC: datetime.datetime.fromtimestamp(timestamp, datetime.UTC).
  dt   = datetime.datetime.utcfromtimestamp(ts/1000)
[09:33:51] Init champion: score=357.4 CAGR=15.08% pos_mo=72/89 n=8774
[09:33:51] Init champion: score=357.4 CAGR=15.08% pos_mo=72/89 n=8774
[09:33:59]   Gen   50  score=357.4  CAGR=15.08%  pos_mo=72/89  best=357.4
[09:33:59]   Gen   50  score=357.4  CAGR=15.08%  pos_mo=72/89  best=357.4
[09:34:08]   Gen  100  score=233.5  CAGR=4.96%  pos_mo=47/76  best=357.4
[09:34:08]   Gen  100  score=233.5  CAGR=4.96%  pos_mo=47/76  best=357.4
[09:34:16]   Gen  150  score=312.5  CAGR=8.03%  pos_mo=51/66  best=357.4
[09:34:16]   Gen  150  score=312.5  CAGR=8.03%  pos_mo=51/66  best=357.4
[09:34:25]   Gen  200  score=263.1  CAGR=10.91%  pos_mo=64/89  best=357.4
[09:34:25]   Gen  200  score=263.1  CAGR=10.91%  pos_mo=64/89  best=357.4
[09:34:33]   Gen  250  score=242.4  CAGR=14.52%  pos_mo=70/89  best=357.4
[09:34:33]   Gen  250  score=242.4  CAGR=14.52%  pos_mo=70/89  best=357.4
[09:34:41]   Gen  300  score=357.4  CAGR=15.08%  pos_mo=72/89  best=357.4
[09:34:41]   Gen  300  score=357.4  CAGR=15.08%  pos_mo=72/89  best=357.4
[09:34:49]   Gen  350  score=275.8  CAGR=9.53%  pos_mo=62/89  best=357.4
[09:34:49]   Gen  350  score=275.8  CAGR=9.53%  pos_mo=62/89  best=357.4
[09:34:58]   Gen  400  score=321.6  CAGR=11.82%  pos_mo=60/76  best=357.4
[09:34:58]   Gen  400  score=321.6  CAGR=11.82%  pos_mo=60/76  best=357.4
[09:35:06]   Gen  450  score=245.3  CAGR=5.22%  pos_mo=50/76  best=357.4
[09:35:06]   Gen  450  score=245.3  CAGR=5.22%  pos_mo=50/76  best=357.4
[09:35:14]   Gen  500  score=353.7  CAGR=7.83%  pos_mo=72/89  best=357.4
[09:35:14]   Gen  500  score=353.7  CAGR=7.83%  pos_mo=72/89  best=357.4
[09:35:24]   Gen  550  score=348.7  CAGR=14.93%  pos_mo=69/89  best=357.4
[09:35:24]   Gen  550  score=348.7  CAGR=14.93%  pos_mo=69/89  best=357.4
[09:35:32]   Gen  600  score=346.2  CAGR=14.73%  pos_mo=68/89  best=357.4
[09:35:32]   Gen  600  score=346.2  CAGR=14.73%  pos_mo=68/89  best=357.4
[09:35:40]   Gen  650  score=168.0  CAGR=4.36%  pos_mo=33/57  best=357.4
[09:35:40]   Gen  650  score=168.0  CAGR=4.36%  pos_mo=33/57  best=357.4
[09:35:49]   Gen  700  score=232.0  CAGR=3.69%  pos_mo=55/89  best=357.4
[09:35:49]   Gen  700  score=232.0  CAGR=3.69%  pos_mo=55/89  best=357.4
[09:35:57]   Gen  750  score=326.6  CAGR=6.59%  pos_mo=66/89  best=357.4
[09:35:57]   Gen  750  score=326.6  CAGR=6.59%  pos_mo=66/89  best=357.4
[09:36:06]   Gen  800  score=306.3  CAGR=11.86%  pos_mo=68/89  best=357.4
[09:36:06]   Gen  800  score=306.3  CAGR=11.86%  pos_mo=68/89  best=357.4
[09:36:14]   Gen  850  score=349.4  CAGR=15.06%  pos_mo=70/89  best=357.4
[09:36:14]   Gen  850  score=349.4  CAGR=15.06%  pos_mo=70/89  best=357.4
[09:36:24]   Gen  900  score=271.1  CAGR=7.99%  pos_mo=69/89  best=357.4
[09:36:24]   Gen  900  score=271.1  CAGR=7.99%  pos_mo=69/89  best=357.4
[09:36:33]   Gen  950  score=357.4  CAGR=15.08%  pos_mo=72/89  best=357.4
[09:36:33]   Gen  950  score=357.4  CAGR=15.08%  pos_mo=72/89  best=357.4
[09:36:41]   Gen 1000  score=357.4  CAGR=15.08%  pos_mo=72/89  best=357.4
[09:36:41]   Gen 1000  score=357.4  CAGR=15.08%  pos_mo=72/89  best=357.4
[09:36:51]   Gen 1050  score=155.5  CAGR=1.12%  pos_mo=44/89  best=357.4
[09:36:51]   Gen 1050  score=155.5  CAGR=1.12%  pos_mo=44/89  best=357.4
[09:36:59]   Gen 1100  score=353.7  CAGR=7.83%  pos_mo=72/89  best=357.4
[09:36:59]   Gen 1100  score=353.7  CAGR=7.83%  pos_mo=72/89  best=357.4
[09:37:07]   Gen 1150  score=232.0  CAGR=3.69%  pos_mo=55/89  best=357.4
[09:37:07]   Gen 1150  score=232.0  CAGR=3.69%  pos_mo=55/89  best=357.4
[09:37:14] ★ Gen 1191 NEW CHAMPION  score=362.2  tf=1h L+S  CAGR=14.81%  DD=6.79%  n=9604  pos_yr=8/8  pos_mo=68/89(76.4%)  n/mo=107.9  min_yr=0.43%
[09:37:14] ★ Gen 1191 NEW CHAMPION  score=362.2  tf=1h L+S  CAGR=14.81%  DD=6.79%  n=9604  pos_yr=8/8  pos_mo=68/89(76.4%)  n/mo=107.9  min_yr=0.43%
[09:37:16]   Gen 1200  score=343.1  CAGR=14.01%  pos_mo=64/89  best=362.2
[09:37:16]   Gen 1200  score=343.1  CAGR=14.01%  pos_mo=64/89  best=362.2
[09:37:20] ★ Gen 1225 NEW CHAMPION  score=364.0  tf=1h L+S  CAGR=14.93%  DD=6.78%  n=9576  pos_yr=8/8  pos_mo=69/89(77.5%)  n/mo=107.6  min_yr=0.31%
[09:37:20] ★ Gen 1225 NEW CHAMPION  score=364.0  tf=1h L+S  CAGR=14.93%  DD=6.78%  n=9576  pos_yr=8/8  pos_mo=69/89(77.5%)  n/mo=107.6  min_yr=0.31%
[09:37:24]   Gen 1250  score=271.8  CAGR=11.2%  pos_mo=64/89  best=364.0
[09:37:24]   Gen 1250  score=271.8  CAGR=11.2%  pos_mo=64/89  best=364.0
[09:37:33]   Gen 1300  score=356.2  CAGR=14.51%  pos_mo=66/89  best=364.0
[09:37:33]   Gen 1300  score=356.2  CAGR=14.51%  pos_mo=66/89  best=364.0
[09:37:42]   Gen 1350  score=340.4  CAGR=13.89%  pos_mo=65/89  best=364.0
[09:37:42]   Gen 1350  score=340.4  CAGR=13.89%  pos_mo=65/89  best=364.0
[09:37:59]   Gen 1450  score=164.2  CAGR=4.03%  pos_mo=53/88  best=364.0
[09:37:59]   Gen 1450  score=164.2  CAGR=4.03%  pos_mo=53/88  best=364.0
[09:38:06]   Gen 1500  score=364.0  CAGR=14.93%  pos_mo=69/89  best=364.0
[09:38:06]   Gen 1500  score=364.0  CAGR=14.93%  pos_mo=69/89  best=364.0
[09:38:15]   Gen 1550  score=204.9  CAGR=6.44%  pos_mo=58/89  best=364.0
[09:38:15]   Gen 1550  score=204.9  CAGR=6.44%  pos_mo=58/89  best=364.0
[09:38:22]   Gen 1600  score=278.6  CAGR=11.8%  pos_mo=62/89  best=364.0
[09:38:22]   Gen 1600  score=278.6  CAGR=11.8%  pos_mo=62/89  best=364.0
[09:38:30]   Gen 1650  score=362.0  CAGR=15.02%  pos_mo=68/89  best=364.0
[09:38:30]   Gen 1650  score=362.0  CAGR=15.02%  pos_mo=68/89  best=364.0
[09:38:48]   Gen 1750  score=346.0  CAGR=12.8%  pos_mo=61/89  best=364.0
[09:38:48]   Gen 1750  score=346.0  CAGR=12.8%  pos_mo=61/89  best=364.0
[09:38:56]   Gen 1800  score=357.5  CAGR=14.85%  pos_mo=68/89  best=364.0
[09:38:56]   Gen 1800  score=357.5  CAGR=14.85%  pos_mo=68/89  best=364.0
[09:39:05]   Gen 1850  score=338.6  CAGR=7.31%  pos_mo=62/89  best=364.0
[09:39:05]   Gen 1850  score=338.6  CAGR=7.31%  pos_mo=62/89  best=364.0
[09:39:13]   Gen 1900  score=249.2  CAGR=11.32%  pos_mo=57/89  best=364.0
[09:39:13]   Gen 1900  score=249.2  CAGR=11.32%  pos_mo=57/89  best=364.0
[09:39:29]   Gen 2000  score=341.2  CAGR=16.72%  pos_mo=65/89  best=364.0
[09:39:29]   Gen 2000  score=341.2  CAGR=16.72%  pos_mo=65/89  best=364.0
[09:39:46]   Gen 2100  score=236.3  CAGR=4.89%  pos_mo=57/89  best=364.0
[09:39:46]   Gen 2100  score=236.3  CAGR=4.89%  pos_mo=57/89  best=364.0
[09:39:53]   Gen 2150  score=268.7  CAGR=11.86%  pos_mo=57/89  best=364.0
[09:39:53]   Gen 2150  score=268.7  CAGR=11.86%  pos_mo=57/89  best=364.0
[09:40:01]   Gen 2200  score=364.0  CAGR=14.93%  pos_mo=69/89  best=364.0
[09:40:01]   Gen 2200  score=364.0  CAGR=14.93%  pos_mo=69/89  best=364.0
[09:40:18]   Gen 2300  score=364.0  CAGR=14.91%  pos_mo=69/89  best=364.0
[09:40:18]   Gen 2300  score=364.0  CAGR=14.91%  pos_mo=69/89  best=364.0
[09:40:25]   Gen 2350  score=359.1  CAGR=14.81%  pos_mo=66/89  best=364.0
[09:40:25]   Gen 2350  score=359.1  CAGR=14.81%  pos_mo=66/89  best=364.0
[09:40:34]   Gen 2400  score=330.5  CAGR=14.43%  pos_mo=59/89  best=364.0
[09:40:34]   Gen 2400  score=330.5  CAGR=14.43%  pos_mo=59/89  best=364.0
[09:40:42]   Gen 2450  score=171.8  CAGR=6.55%  pos_mo=34/58  best=364.0
[09:40:42]   Gen 2450  score=171.8  CAGR=6.55%  pos_mo=34/58  best=364.0
[09:40:57]   Gen 2550  score=271.4  CAGR=11.3%  pos_mo=64/89  best=364.0
[09:40:57]   Gen 2550  score=271.4  CAGR=11.3%  pos_mo=64/89  best=364.0
[09:41:06]   Gen 2600  score=241.5  CAGR=8.11%  pos_mo=58/89  best=364.0
[09:41:06]   Gen 2600  score=241.5  CAGR=8.11%  pos_mo=58/89  best=364.0
[09:41:15]   Gen 2650  score=204.9  CAGR=6.44%  pos_mo=58/89  best=364.0
[09:41:15]   Gen 2650  score=204.9  CAGR=6.44%  pos_mo=58/89  best=364.0
[09:41:23]   Gen 2700  score=265.1  CAGR=7.1%  pos_mo=56/89  best=364.0
[09:41:23]   Gen 2700  score=265.1  CAGR=7.1%  pos_mo=56/89  best=364.0
[09:41:31]   Gen 2750  score=150.5  CAGR=4.69%  pos_mo=50/88  best=364.0
[09:41:31]   Gen 2750  score=150.5  CAGR=4.69%  pos_mo=50/88  best=364.0
[09:41:39]   Gen 2800  score=263.5  CAGR=10.46%  pos_mo=54/89  best=364.0
[09:41:39]   Gen 2800  score=263.5  CAGR=10.46%  pos_mo=54/89  best=364.0
[09:41:47]   Gen 2850  score=362.4  CAGR=11.79%  pos_mo=69/89  best=364.0
[09:41:47]   Gen 2850  score=362.4  CAGR=11.79%  pos_mo=69/89  best=364.0
[09:42:04]   Gen 2950  score=235.9  CAGR=6.26%  pos_mo=55/89  best=364.0
[09:42:04]   Gen 2950  score=235.9  CAGR=6.26%  pos_mo=55/89  best=364.0
[09:42:12]   Gen 3000  score=232.3  CAGR=6.38%  pos_mo=43/66  best=364.0
[09:42:12]   Gen 3000  score=232.3  CAGR=6.38%  pos_mo=43/66  best=364.0
[09:42:20]   Gen 3050  score=364.0  CAGR=14.93%  pos_mo=69/89  best=364.0
[09:42:20]   Gen 3050  score=364.0  CAGR=14.93%  pos_mo=69/89  best=364.0
[09:42:28]   Gen 3100  score=356.9  CAGR=15.79%  pos_mo=68/89  best=364.0
[09:42:28]   Gen 3100  score=356.9  CAGR=15.79%  pos_mo=68/89  best=364.0
[09:42:35]   Gen 3150  score=277.3  CAGR=10.93%  pos_mo=53/76  best=364.0
[09:42:35]   Gen 3150  score=277.3  CAGR=10.93%  pos_mo=53/76  best=364.0
[09:42:43]   Gen 3200  score=266.0  CAGR=9.74%  pos_mo=66/89  best=364.0
[09:42:43]   Gen 3200  score=266.0  CAGR=9.74%  pos_mo=66/89  best=364.0
[09:42:54]   Gen 3250  score=290.4  CAGR=13.69%  pos_mo=60/89  best=364.0
[09:42:54]   Gen 3250  score=290.4  CAGR=13.69%  pos_mo=60/89  best=364.0
[09:43:01]   Gen 3300  score=364.0  CAGR=14.93%  pos_mo=69/89  best=364.0
[09:43:01]   Gen 3300  score=364.0  CAGR=14.93%  pos_mo=69/89  best=364.0
[09:43:09]   Gen 3350  score=364.0  CAGR=14.93%  pos_mo=69/89  best=364.0
[09:43:09]   Gen 3350  score=364.0  CAGR=14.93%  pos_mo=69/89  best=364.0
[09:43:17]   Gen 3400  score=364.0  CAGR=14.93%  pos_mo=69/89  best=364.0
[09:43:17]   Gen 3400  score=364.0  CAGR=14.93%  pos_mo=69/89  best=364.0
[09:43:25]   Gen 3450  score=189.0  CAGR=4.8%  pos_mo=52/89  best=364.0
[09:43:25]   Gen 3450  score=189.0  CAGR=4.8%  pos_mo=52/89  best=364.0
[09:43:33]   Gen 3500  score=364.0  CAGR=14.93%  pos_mo=69/89  best=364.0
[09:43:33]   Gen 3500  score=364.0  CAGR=14.93%  pos_mo=69/89  best=364.0
[09:43:49]   Gen 3600  score=317.3  CAGR=11.71%  pos_mo=58/76  best=364.0
[09:43:49]   Gen 3600  score=317.3  CAGR=11.71%  pos_mo=58/76  best=364.0
[09:43:56]   Gen 3650  score=343.4  CAGR=14.54%  pos_mo=61/89  best=364.0
[09:43:56]   Gen 3650  score=343.4  CAGR=14.54%  pos_mo=61/89  best=364.0
[09:44:04]   Gen 3700  score=355.0  CAGR=15.12%  pos_mo=66/89  best=364.0
[09:44:04]   Gen 3700  score=355.0  CAGR=15.12%  pos_mo=66/89  best=364.0
[09:44:12]   Gen 3750  score=347.6  CAGR=13.3%  pos_mo=68/89  best=364.0
[09:44:12]   Gen 3750  score=347.6  CAGR=13.3%  pos_mo=68/89  best=364.0
[09:44:20]   Gen 3800  score=355.8  CAGR=14.64%  pos_mo=68/89  best=364.0
[09:44:20]   Gen 3800  score=355.8  CAGR=14.64%  pos_mo=68/89  best=364.0
[09:44:37]   Gen 3900  score=236.1  CAGR=8.21%  pos_mo=56/89  best=364.0
[09:44:37]   Gen 3900  score=236.1  CAGR=8.21%  pos_mo=56/89  best=364.0
[09:44:45]   Gen 3950  score=364.0  CAGR=14.93%  pos_mo=69/89  best=364.0
[09:44:45]   Gen 3950  score=364.0  CAGR=14.93%  pos_mo=69/89  best=364.0
[09:44:55]   Gen 4000  score=192.3  CAGR=4.4%  pos_mo=58/89  best=364.0
[09:44:55]   Gen 4000  score=192.3  CAGR=4.4%  pos_mo=58/89  best=364.0
[09:45:02]   Gen 4050  score=218.2  CAGR=10.25%  pos_mo=49/77  best=364.0
[09:45:02]   Gen 4050  score=218.2  CAGR=10.25%  pos_mo=49/77  best=364.0
[09:45:18]   Gen 4150  score=275.3  CAGR=8.26%  pos_mo=57/89  best=364.0
[09:45:18]   Gen 4150  score=275.3  CAGR=8.26%  pos_mo=57/89  best=364.0
[09:45:27]   Gen 4200  score=361.7  CAGR=15.21%  pos_mo=69/89  best=364.0
[09:45:27]   Gen 4200  score=361.7  CAGR=15.21%  pos_mo=69/89  best=364.0
[09:45:35]   Gen 4250  score=364.0  CAGR=14.93%  pos_mo=69/89  best=364.0
[09:45:35]   Gen 4250  score=364.0  CAGR=14.93%  pos_mo=69/89  best=364.0
[09:45:43]   Gen 4300  score=251.9  CAGR=6.73%  pos_mo=61/89  best=364.0
[09:45:43]   Gen 4300  score=251.9  CAGR=6.73%  pos_mo=61/89  best=364.0
[09:46:06]   Gen 4450  score=347.2  CAGR=14.16%  pos_mo=66/89  best=364.0
[09:46:06]   Gen 4450  score=347.2  CAGR=14.16%  pos_mo=66/89  best=364.0
[09:46:15]   Gen 4500  score=348.6  CAGR=13.55%  pos_mo=65/89  best=364.0
[09:46:15]   Gen 4500  score=348.6  CAGR=13.55%  pos_mo=65/89  best=364.0
[09:46:23]   Gen 4550  score=362.2  CAGR=14.81%  pos_mo=68/89  best=364.0
[09:46:23]   Gen 4550  score=362.2  CAGR=14.81%  pos_mo=68/89  best=364.0
[09:46:32]   Gen 4600  score=268.9  CAGR=7.95%  pos_mo=56/76  best=364.0
[09:46:32]   Gen 4600  score=268.9  CAGR=7.95%  pos_mo=56/76  best=364.0
[09:46:41]   Gen 4650  score=233.0  CAGR=6.38%  pos_mo=53/89  best=364.0
[09:46:41]   Gen 4650  score=233.0  CAGR=6.38%  pos_mo=53/89  best=364.0
[09:47:04]   Gen 4800  score=347.6  CAGR=13.3%  pos_mo=68/89  best=364.0
[09:47:04]   Gen 4800  score=347.6  CAGR=13.3%  pos_mo=68/89  best=364.0
[09:47:37]   Gen 5000  score=248.3  CAGR=7.35%  pos_mo=60/89  best=364.0
[09:47:37]   Gen 5000  score=248.3  CAGR=7.35%  pos_mo=60/89  best=364.0
[09:47:45]   Gen 5050  score=346.2  CAGR=15.68%  pos_mo=66/89  best=364.0
[09:47:45]   Gen 5050  score=346.2  CAGR=15.68%  pos_mo=66/89  best=364.0
[09:47:55]   Gen 5100  score=309.1  CAGR=14.4%  pos_mo=65/89  best=364.0
[09:47:55]   Gen 5100  score=309.1  CAGR=14.4%  pos_mo=65/89  best=364.0
[09:48:20]   Gen 5250  score=358.9  CAGR=4.79%  pos_mo=69/89  best=364.0
[09:48:20]   Gen 5250  score=358.9  CAGR=4.79%  pos_mo=69/89  best=364.0
[09:48:29]   Gen 5300  score=218.2  CAGR=10.25%  pos_mo=49/77  best=364.0
[09:48:29]   Gen 5300  score=218.2  CAGR=10.25%  pos_mo=49/77  best=364.0
[09:48:38]   Gen 5350  score=356.6  CAGR=15.75%  pos_mo=68/89  best=364.0
[09:48:38]   Gen 5350  score=356.6  CAGR=15.75%  pos_mo=68/89  best=364.0
[09:48:47]   Gen 5400  score=240.4  CAGR=9.57%  pos_mo=61/89  best=364.0
[09:48:47]   Gen 5400  score=240.4  CAGR=9.57%  pos_mo=61/89  best=364.0
[09:48:55]   Gen 5450  score=364.0  CAGR=14.91%  pos_mo=69/89  best=364.0
[09:48:55]   Gen 5450  score=364.0  CAGR=14.91%  pos_mo=69/89  best=364.0
[09:49:04]   Gen 5500  score=251.5  CAGR=6.92%  pos_mo=52/89  best=364.0
[09:49:04]   Gen 5500  score=251.5  CAGR=6.92%  pos_mo=52/89  best=364.0
[09:49:28]   Gen 5650  score=355.0  CAGR=15.12%  pos_mo=66/89  best=364.0
[09:49:28]   Gen 5650  score=355.0  CAGR=15.12%  pos_mo=66/89  best=364.0
[09:49:36]   Gen 5700  score=358.9  CAGR=4.79%  pos_mo=69/89  best=364.0
[09:49:36]   Gen 5700  score=358.9  CAGR=4.79%  pos_mo=69/89  best=364.0
[09:49:45]   Gen 5750  score=364.0  CAGR=14.93%  pos_mo=69/89  best=364.0
[09:49:45]   Gen 5750  score=364.0  CAGR=14.93%  pos_mo=69/89  best=364.0
[09:49:53]   Gen 5800  score=358.9  CAGR=4.79%  pos_mo=69/89  best=364.0
[09:49:53]   Gen 5800  score=358.9  CAGR=4.79%  pos_mo=69/89  best=364.0
[09:50:02]   Gen 5850  score=357.1  CAGR=4.75%  pos_mo=68/89  best=364.0
[09:50:02]   Gen 5850  score=357.1  CAGR=4.75%  pos_mo=68/89  best=364.0
[09:50:10]   Gen 5900  score=362.2  CAGR=14.81%  pos_mo=68/89  best=364.0
[09:50:10]   Gen 5900  score=362.2  CAGR=14.81%  pos_mo=68/89  best=364.0
[09:50:18]   Gen 5950  score=362.4  CAGR=11.81%  pos_mo=69/89  best=364.0
[09:50:18]   Gen 5950  score=362.4  CAGR=11.81%  pos_mo=69/89  best=364.0
[09:50:26]   Gen 6000  score=291.4  CAGR=4.55%  pos_mo=62/89  best=364.0
[09:50:26]   Gen 6000  score=291.4  CAGR=4.55%  pos_mo=62/89  best=364.0
[09:50:33]   Gen 6050  score=271.4  CAGR=11.3%  pos_mo=64/89  best=364.0
[09:50:33]   Gen 6050  score=271.4  CAGR=11.3%  pos_mo=64/89  best=364.0
[09:50:51]   Gen 6150  score=364.0  CAGR=14.93%  pos_mo=69/89  best=364.0
[09:50:51]   Gen 6150  score=364.0  CAGR=14.93%  pos_mo=69/89  best=364.0
[09:50:59]   Gen 6200  score=271.4  CAGR=11.3%  pos_mo=64/89  best=364.0
[09:50:59]   Gen 6200  score=271.4  CAGR=11.3%  pos_mo=64/89  best=364.0
[09:51:08]   Gen 6250  score=361.4  CAGR=15.35%  pos_mo=69/89  best=364.0
[09:51:08]   Gen 6250  score=361.4  CAGR=15.35%  pos_mo=69/89  best=364.0
[09:51:25]   Gen 6350  score=364.0  CAGR=14.93%  pos_mo=69/89  best=364.0
[09:51:25]   Gen 6350  score=364.0  CAGR=14.93%  pos_mo=69/89  best=364.0
[09:51:40]   Gen 6450  score=283.7  CAGR=7.97%  pos_mo=60/89  best=364.0
[09:51:40]   Gen 6450  score=283.7  CAGR=7.97%  pos_mo=60/89  best=364.0
[09:51:57]   Gen 6550  score=326.6  CAGR=12.88%  pos_mo=66/89  best=364.0
[09:51:57]   Gen 6550  score=326.6  CAGR=12.88%  pos_mo=66/89  best=364.0
[09:52:13]   Gen 6650  score=351.8  CAGR=14.16%  pos_mo=63/89  best=364.0
[09:52:13]   Gen 6650  score=351.8  CAGR=14.16%  pos_mo=63/89  best=364.0
[09:52:22]   Gen 6700  score=271.8  CAGR=11.2%  pos_mo=64/89  best=364.0
[09:52:22]   Gen 6700  score=271.8  CAGR=11.2%  pos_mo=64/89  best=364.0
[09:52:30]   Gen 6750  score=356.4  CAGR=15.68%  pos_mo=67/89  best=364.0
[09:52:30]   Gen 6750  score=356.4  CAGR=15.68%  pos_mo=67/89  best=364.0
[09:52:38]   Gen 6800  score=202.1  CAGR=2.74%  pos_mo=48/89  best=364.0
[09:52:38]   Gen 6800  score=202.1  CAGR=2.74%  pos_mo=48/89  best=364.0
[09:52:46]   Gen 6850  score=343.4  CAGR=14.54%  pos_mo=61/89  best=364.0
[09:52:46]   Gen 6850  score=343.4  CAGR=14.54%  pos_mo=61/89  best=364.0
[09:52:55]   Gen 6900  score=364.0  CAGR=14.93%  pos_mo=69/89  best=364.0
[09:52:55]   Gen 6900  score=364.0  CAGR=14.93%  pos_mo=69/89  best=364.0
[09:53:03]   Gen 6950  score=173.0  CAGR=1.17%  pos_mo=49/89  best=364.0
[09:53:03]   Gen 6950  score=173.0  CAGR=1.17%  pos_mo=49/89  best=364.0
[09:53:12]   Gen 7000  score=363.8  CAGR=15.14%  pos_mo=69/89  best=364.0
[09:53:12]   Gen 7000  score=363.8  CAGR=15.14%  pos_mo=69/89  best=364.0
[09:53:21]   Gen 7050  score=336.7  CAGR=13.11%  pos_mo=64/89  best=364.0
[09:53:21]   Gen 7050  score=336.7  CAGR=13.11%  pos_mo=64/89  best=364.0
[09:53:28]   Gen 7100  score=364.0  CAGR=14.93%  pos_mo=69/89  best=364.0
[09:53:28]   Gen 7100  score=364.0  CAGR=14.93%  pos_mo=69/89  best=364.0
[09:53:44]   Gen 7200  score=236.9  CAGR=5.15%  pos_mo=58/89  best=364.0
[09:53:44]   Gen 7200  score=236.9  CAGR=5.15%  pos_mo=58/89  best=364.0
[09:53:51]   Gen 7250  score=364.0  CAGR=14.93%  pos_mo=69/89  best=364.0
[09:53:51]   Gen 7250  score=364.0  CAGR=14.93%  pos_mo=69/89  best=364.0
[09:53:59]   Gen 7300  score=171.8  CAGR=6.55%  pos_mo=34/58  best=364.0
[09:53:59]   Gen 7300  score=171.8  CAGR=6.55%  pos_mo=34/58  best=364.0
[09:54:06]   Gen 7350  score=351.8  CAGR=14.16%  pos_mo=63/89  best=364.0
[09:54:06]   Gen 7350  score=351.8  CAGR=14.16%  pos_mo=63/89  best=364.0
[09:54:14]   Gen 7400  score=263.5  CAGR=10.46%  pos_mo=54/89  best=364.0
[09:54:14]   Gen 7400  score=263.5  CAGR=10.46%  pos_mo=54/89  best=364.0
[09:54:22]   Gen 7450  score=328.7  CAGR=11.61%  pos_mo=59/76  best=364.0
[09:54:22]   Gen 7450  score=328.7  CAGR=11.61%  pos_mo=59/76  best=364.0
[09:54:38]   Gen 7550  score=163.6  CAGR=2.69%  pos_mo=53/88  best=364.0
[09:54:38]   Gen 7550  score=163.6  CAGR=2.69%  pos_mo=53/88  best=364.0
[09:54:47]   Gen 7600  score=322.9  CAGR=15.53%  pos_mo=65/89  best=364.0
[09:54:47]   Gen 7600  score=322.9  CAGR=15.53%  pos_mo=65/89  best=364.0
[09:54:55]   Gen 7650  score=364.0  CAGR=14.93%  pos_mo=69/89  best=364.0
[09:54:55]   Gen 7650  score=364.0  CAGR=14.93%  pos_mo=69/89  best=364.0
[09:55:03]   Gen 7700  score=358.3  CAGR=14.87%  pos_mo=68/89  best=364.0
[09:55:03]   Gen 7700  score=358.3  CAGR=14.87%  pos_mo=68/89  best=364.0
[09:55:12]   Gen 7750  score=271.4  CAGR=11.3%  pos_mo=64/89  best=364.0
[09:55:12]   Gen 7750  score=271.4  CAGR=11.3%  pos_mo=64/89  best=364.0
[09:55:22]   Gen 7800  score=189.0  CAGR=4.92%  pos_mo=57/89  best=364.0
[09:55:22]   Gen 7800  score=189.0  CAGR=4.92%  pos_mo=57/89  best=364.0
[09:55:30]   Gen 7850  score=346.4  CAGR=15.1%  pos_mo=69/89  best=364.0
[09:55:30]   Gen 7850  score=346.4  CAGR=15.1%  pos_mo=69/89  best=364.0
[09:55:38]   Gen 7900  score=359.1  CAGR=14.81%  pos_mo=66/89  best=364.0
[09:55:38]   Gen 7900  score=359.1  CAGR=14.81%  pos_mo=66/89  best=364.0
[09:55:48]   Gen 7950  score=364.0  CAGR=14.93%  pos_mo=69/89  best=364.0
[09:55:48]   Gen 7950  score=364.0  CAGR=14.93%  pos_mo=69/89  best=364.0
[09:56:04]   Gen 8050  score=322.9  CAGR=15.53%  pos_mo=65/89  best=364.0
[09:56:04]   Gen 8050  score=322.9  CAGR=15.53%  pos_mo=65/89  best=364.0
[09:56:28]   Gen 8200  score=230.9  CAGR=13.72%  pos_mo=64/89  best=364.0
[09:56:28]   Gen 8200  score=230.9  CAGR=13.72%  pos_mo=64/89  best=364.0
[09:56:31] STOP file detected. Exiting.
[09:56:31] STOP file detected. Exiting.
[09:56:31] Evolver done.
[09:56:31] Evolver done.
[09:57:12] Loading 5m data...
[09:57:12] Loading 5m data...
[09:57:14] 15m:259660 1h:64923 4h:16241 1d:2708
[09:57:14] 15m:259660 1h:64923 4h:16241 1d:2708
[09:57:14] Indicators ready. (StochRSI + ATR + ADX on all TFs)
[09:57:14] Indicators ready. (StochRSI + ATR + ADX on all TFs)
[09:57:14] Loaded champion: score=364.0
[09:57:14] Loaded champion: score=364.0
[09:57:14] ============================================================
[09:57:14] ============================================================
[09:57:14]   HEDGE06 EVOLVER — continuous loop started
[09:57:14]   HEDGE06 EVOLVER — continuous loop started
[09:57:14]   Stop: touch /Users/lap16116/BTC_PC/btc-dashboard/tools/hedge06-evolver-STOP
[09:57:14]   Stop: touch /Users/lap16116/BTC_PC/btc-dashboard/tools/hedge06-evolver-STOP
[09:57:14] ============================================================
[09:57:14] ============================================================
/Users/lap16116/BTC_PC/btc-dashboard/tools/hedge06-evolver.py:309: DeprecationWarning: datetime.datetime.utcfromtimestamp() is deprecated and scheduled for removal in a future version. Use timezone-aware objects to represent datetimes in UTC: datetime.datetime.fromtimestamp(timestamp, datetime.UTC).
  dt   = datetime.datetime.utcfromtimestamp(ts/1000)
[09:57:14] Init champion: score=364.0 CAGR=14.93% pos_mo=69/89 n=9576
[09:57:14] Init champion: score=364.0 CAGR=14.93% pos_mo=69/89 n=9576
[09:57:23]   Gen   50  score=197.1  CAGR=3.89%  pos_mo=57/89  best=364.0
[09:57:23]   Gen   50  score=197.1  CAGR=3.89%  pos_mo=57/89  best=364.0
[09:57:32]   Gen  100  score=364.0  CAGR=14.93%  pos_mo=69/89  best=364.0
[09:57:32]   Gen  100  score=364.0  CAGR=14.93%  pos_mo=69/89  best=364.0
[09:57:51]   Gen  200  score=364.0  CAGR=14.93%  pos_mo=69/89  best=364.0
[09:57:51]   Gen  200  score=364.0  CAGR=14.93%  pos_mo=69/89  best=364.0
[09:58:00]   Gen  250  score=327.1  CAGR=12.88%  pos_mo=67/89  best=364.0
[09:58:00]   Gen  250  score=327.1  CAGR=12.88%  pos_mo=67/89  best=364.0
[09:58:18]   Gen  350  score=270.4  CAGR=7.43%  pos_mo=52/89  best=364.0
[09:58:18]   Gen  350  score=270.4  CAGR=7.43%  pos_mo=52/89  best=364.0
[09:58:35]   Gen  450  score=364.0  CAGR=14.93%  pos_mo=69/89  best=364.0
[09:58:35]   Gen  450  score=364.0  CAGR=14.93%  pos_mo=69/89  best=364.0
[09:58:43]   Gen  500  score=340.4  CAGR=13.89%  pos_mo=65/89  best=364.0
[09:58:43]   Gen  500  score=340.4  CAGR=13.89%  pos_mo=65/89  best=364.0
[09:58:52]   Gen  550  score=364.0  CAGR=14.93%  pos_mo=69/89  best=364.0
[09:58:52]   Gen  550  score=364.0  CAGR=14.93%  pos_mo=69/89  best=364.0
[09:59:09]   Gen  650  score=328.7  CAGR=11.61%  pos_mo=59/76  best=364.0
[09:59:09]   Gen  650  score=328.7  CAGR=11.61%  pos_mo=59/76  best=364.0
[09:59:17]   Gen  700  score=364.0  CAGR=14.93%  pos_mo=69/89  best=364.0
[09:59:17]   Gen  700  score=364.0  CAGR=14.93%  pos_mo=69/89  best=364.0
[09:59:25]   Gen  750  score=351.8  CAGR=14.16%  pos_mo=63/89  best=364.0
[09:59:25]   Gen  750  score=351.8  CAGR=14.16%  pos_mo=63/89  best=364.0
[09:59:41]   Gen  850  score=343.0  CAGR=13.34%  pos_mo=63/89  best=364.0
[09:59:41]   Gen  850  score=343.0  CAGR=13.34%  pos_mo=63/89  best=364.0
[09:59:49]   Gen  900  score=360.4  CAGR=7.75%  pos_mo=69/89  best=364.0
[09:59:49]   Gen  900  score=360.4  CAGR=7.75%  pos_mo=69/89  best=364.0
[10:00:06]   Gen 1000  score=225.8  CAGR=5.22%  pos_mo=52/76  best=364.0
[10:00:06]   Gen 1000  score=225.8  CAGR=5.22%  pos_mo=52/76  best=364.0
[10:00:15]   Gen 1050  score=321.4  CAGR=11.43%  pos_mo=62/89  best=364.0
[10:00:15]   Gen 1050  score=321.4  CAGR=11.43%  pos_mo=62/89  best=364.0
[10:00:24]   Gen 1100  score=215.2  CAGR=7.62%  pos_mo=53/89  best=364.0
[10:00:24]   Gen 1100  score=215.2  CAGR=7.62%  pos_mo=53/89  best=364.0
[10:00:32]   Gen 1150  score=328.7  CAGR=11.61%  pos_mo=59/76  best=364.0
[10:00:32]   Gen 1150  score=328.7  CAGR=11.61%  pos_mo=59/76  best=364.0
[10:00:40]   Gen 1200  score=322.9  CAGR=15.53%  pos_mo=65/89  best=364.0
[10:00:40]   Gen 1200  score=322.9  CAGR=15.53%  pos_mo=65/89  best=364.0
[10:00:49]   Gen 1250  score=215.2  CAGR=7.62%  pos_mo=53/89  best=364.0
[10:00:49]   Gen 1250  score=215.2  CAGR=7.62%  pos_mo=53/89  best=364.0
[10:00:56]   Gen 1300  score=364.0  CAGR=14.93%  pos_mo=69/89  best=364.0
[10:00:56]   Gen 1300  score=364.0  CAGR=14.93%  pos_mo=69/89  best=364.0
[10:01:04]   Gen 1350  score=231.1  CAGR=13.63%  pos_mo=64/89  best=364.0
[10:01:04]   Gen 1350  score=231.1  CAGR=13.63%  pos_mo=64/89  best=364.0
[10:01:12]   Gen 1400  score=268.7  CAGR=11.86%  pos_mo=57/89  best=364.0
[10:01:12]   Gen 1400  score=268.7  CAGR=11.86%  pos_mo=57/89  best=364.0
[10:01:29]   Gen 1500  score=347.6  CAGR=13.3%  pos_mo=68/89  best=364.0
[10:01:29]   Gen 1500  score=347.6  CAGR=13.3%  pos_mo=68/89  best=364.0
[10:01:37]   Gen 1550  score=215.2  CAGR=7.62%  pos_mo=53/89  best=364.0
[10:01:37]   Gen 1550  score=215.2  CAGR=7.62%  pos_mo=53/89  best=364.0
[10:01:54]   Gen 1650  score=341.7  CAGR=14.05%  pos_mo=62/89  best=364.0
[10:01:54]   Gen 1650  score=341.7  CAGR=14.05%  pos_mo=62/89  best=364.0
[10:02:02]   Gen 1700  score=268.3  CAGR=6.98%  pos_mo=64/89  best=364.0
[10:02:02]   Gen 1700  score=268.3  CAGR=6.98%  pos_mo=64/89  best=364.0
[10:02:19]   Gen 1800  score=364.0  CAGR=14.93%  pos_mo=69/89  best=364.0
[10:02:19]   Gen 1800  score=364.0  CAGR=14.93%  pos_mo=69/89  best=364.0
[10:02:37]   Gen 1900  score=311.3  CAGR=13.92%  pos_mo=63/89  best=364.0
[10:02:37]   Gen 1900  score=311.3  CAGR=13.92%  pos_mo=63/89  best=364.0
[10:02:55]   Gen 2000  score=171.6  CAGR=6.64%  pos_mo=34/58  best=364.0
[10:02:55]   Gen 2000  score=171.6  CAGR=6.64%  pos_mo=34/58  best=364.0
[10:03:28]   Gen 2200  score=266.0  CAGR=9.74%  pos_mo=66/89  best=364.0
[10:03:28]   Gen 2200  score=266.0  CAGR=9.74%  pos_mo=66/89  best=364.0
[10:03:36]   Gen 2250  score=360.4  CAGR=7.75%  pos_mo=69/89  best=364.0
[10:03:36]   Gen 2250  score=360.4  CAGR=7.75%  pos_mo=69/89  best=364.0
[10:03:46]   Gen 2300  score=338.1  CAGR=12.53%  pos_mo=60/89  best=364.0
[10:03:46]   Gen 2300  score=338.1  CAGR=12.53%  pos_mo=60/89  best=364.0
[10:03:54]   Gen 2350  score=214.0  CAGR=2.65%  pos_mo=41/70  best=364.0
[10:03:54]   Gen 2350  score=214.0  CAGR=2.65%  pos_mo=41/70  best=364.0
[10:04:03]   Gen 2400  score=364.0  CAGR=14.93%  pos_mo=69/89  best=364.0
[10:04:03]   Gen 2400  score=364.0  CAGR=14.93%  pos_mo=69/89  best=364.0
[10:04:10]   Gen 2450  score=360.4  CAGR=7.75%  pos_mo=69/89  best=364.0
[10:04:10]   Gen 2450  score=360.4  CAGR=7.75%  pos_mo=69/89  best=364.0
[10:04:19]   Gen 2500  score=364.0  CAGR=14.93%  pos_mo=69/89  best=364.0
[10:04:19]   Gen 2500  score=364.0  CAGR=14.93%  pos_mo=69/89  best=364.0
[10:04:28]   Gen 2550  score=357.5  CAGR=14.85%  pos_mo=68/89  best=364.0
[10:04:28]   Gen 2550  score=357.5  CAGR=14.85%  pos_mo=68/89  best=364.0
[10:04:51]   Gen 2700  score=249.9  CAGR=7.72%  pos_mo=57/89  best=364.0
[10:04:51]   Gen 2700  score=249.9  CAGR=7.72%  pos_mo=57/89  best=364.0
[10:05:00]   Gen 2750  score=328.7  CAGR=11.61%  pos_mo=59/76  best=364.0
[10:05:00]   Gen 2750  score=328.7  CAGR=11.61%  pos_mo=59/76  best=364.0
[10:05:08]   Gen 2800  score=246.3  CAGR=8.8%  pos_mo=55/89  best=364.0
[10:05:08]   Gen 2800  score=246.3  CAGR=8.8%  pos_mo=55/89  best=364.0
[10:05:17]   Gen 2850  score=295.7  CAGR=14.49%  pos_mo=62/89  best=364.0
[10:05:17]   Gen 2850  score=295.7  CAGR=14.49%  pos_mo=62/89  best=364.0
[10:05:25]   Gen 2900  score=219.2  CAGR=5.97%  pos_mo=59/89  best=364.0
[10:05:25]   Gen 2900  score=219.2  CAGR=5.97%  pos_mo=59/89  best=364.0
[10:05:34]   Gen 2950  score=255.3  CAGR=6.95%  pos_mo=54/89  best=364.0
[10:05:34]   Gen 2950  score=255.3  CAGR=6.95%  pos_mo=54/89  best=364.0
[10:05:42]   Gen 3000  score=268.3  CAGR=6.98%  pos_mo=64/89  best=364.0
[10:05:42]   Gen 3000  score=268.3  CAGR=6.98%  pos_mo=64/89  best=364.0
[10:05:50]   Gen 3050  score=347.6  CAGR=13.3%  pos_mo=68/89  best=364.0
[10:05:50]   Gen 3050  score=347.6  CAGR=13.3%  pos_mo=68/89  best=364.0
[10:05:59]   Gen 3100  score=327.1  CAGR=12.88%  pos_mo=67/89  best=364.0
[10:05:59]   Gen 3100  score=327.1  CAGR=12.88%  pos_mo=67/89  best=364.0
[10:06:07]   Gen 3150  score=275.3  CAGR=8.26%  pos_mo=57/89  best=364.0
[10:06:07]   Gen 3150  score=275.3  CAGR=8.26%  pos_mo=57/89  best=364.0
[10:06:16]   Gen 3200  score=349.2  CAGR=14.36%  pos_mo=66/89  best=364.0
[10:06:16]   Gen 3200  score=349.2  CAGR=14.36%  pos_mo=66/89  best=364.0
[10:06:41]   Gen 3350  score=349.2  CAGR=14.36%  pos_mo=66/89  best=364.0
[10:06:41]   Gen 3350  score=349.2  CAGR=14.36%  pos_mo=66/89  best=364.0
[10:06:50]   Gen 3400  score=350.4  CAGR=14.79%  pos_mo=68/89  best=364.0
[10:06:50]   Gen 3400  score=350.4  CAGR=14.79%  pos_mo=68/89  best=364.0
[10:06:58]   Gen 3450  score=271.4  CAGR=11.3%  pos_mo=64/89  best=364.0
[10:06:58]   Gen 3450  score=271.4  CAGR=11.3%  pos_mo=64/89  best=364.0
[10:07:06]   Gen 3500  score=233.4  CAGR=7.58%  pos_mo=58/89  best=364.0
[10:07:06]   Gen 3500  score=233.4  CAGR=7.58%  pos_mo=58/89  best=364.0
[10:07:24]   Gen 3600  score=364.0  CAGR=14.93%  pos_mo=69/89  best=364.0
[10:07:24]   Gen 3600  score=364.0  CAGR=14.93%  pos_mo=69/89  best=364.0
[10:07:33]   Gen 3650  score=356.2  CAGR=14.51%  pos_mo=66/89  best=364.0
[10:07:33]   Gen 3650  score=356.2  CAGR=14.51%  pos_mo=66/89  best=364.0
[10:07:41]   Gen 3700  score=346.5  CAGR=14.09%  pos_mo=64/89  best=364.0
[10:07:41]   Gen 3700  score=346.5  CAGR=14.09%  pos_mo=64/89  best=364.0
[10:07:50]   Gen 3750  score=255.3  CAGR=6.95%  pos_mo=54/89  best=364.0
[10:07:50]   Gen 3750  score=255.3  CAGR=6.95%  pos_mo=54/89  best=364.0
[10:08:01]   Gen 3800  score=344.5  CAGR=12.7%  pos_mo=63/89  best=364.0
[10:08:01]   Gen 3800  score=344.5  CAGR=12.7%  pos_mo=63/89  best=364.0
[10:08:08]   Gen 3850  score=364.0  CAGR=14.93%  pos_mo=69/89  best=364.0
[10:08:08]   Gen 3850  score=364.0  CAGR=14.93%  pos_mo=69/89  best=364.0
[10:08:17]   Gen 3900  score=171.8  CAGR=6.55%  pos_mo=34/58  best=364.0
[10:08:17]   Gen 3900  score=171.8  CAGR=6.55%  pos_mo=34/58  best=364.0
[10:08:26]   Gen 3950  score=204.9  CAGR=6.44%  pos_mo=58/89  best=364.0
[10:08:26]   Gen 3950  score=204.9  CAGR=6.44%  pos_mo=58/89  best=364.0
[10:08:42]   Gen 4050  score=347.2  CAGR=14.16%  pos_mo=66/89  best=364.0
[10:08:42]   Gen 4050  score=347.2  CAGR=14.16%  pos_mo=66/89  best=364.0
[10:08:50]   Gen 4100  score=355.0  CAGR=15.12%  pos_mo=66/89  best=364.0
[10:08:50]   Gen 4100  score=355.0  CAGR=15.12%  pos_mo=66/89  best=364.0
[10:08:59]   Gen 4150  score=282.4  CAGR=11.28%  pos_mo=61/89  best=364.0
[10:08:59]   Gen 4150  score=282.4  CAGR=11.28%  pos_mo=61/89  best=364.0
[10:09:07]   Gen 4200  score=364.0  CAGR=14.93%  pos_mo=69/89  best=364.0
[10:09:07]   Gen 4200  score=364.0  CAGR=14.93%  pos_mo=69/89  best=364.0
[10:09:16]   Gen 4250  score=341.2  CAGR=16.72%  pos_mo=65/89  best=364.0
[10:09:16]   Gen 4250  score=341.2  CAGR=16.72%  pos_mo=65/89  best=364.0
[10:09:24]   Gen 4300  score=340.9  CAGR=16.55%  pos_mo=65/89  best=364.0
[10:09:24]   Gen 4300  score=340.9  CAGR=16.55%  pos_mo=65/89  best=364.0
[10:09:39]   Gen 4400  score=166.2  CAGR=3.13%  pos_mo=35/58  best=364.0
[10:09:39]   Gen 4400  score=166.2  CAGR=3.13%  pos_mo=35/58  best=364.0
[10:09:56]   Gen 4500  score=345.4  CAGR=8.72%  pos_mo=68/89  best=364.0
[10:09:56]   Gen 4500  score=345.4  CAGR=8.72%  pos_mo=68/89  best=364.0
[10:10:05]   Gen 4550  score=343.2  CAGR=14.82%  pos_mo=61/89  best=364.0
[10:10:05]   Gen 4550  score=343.2  CAGR=14.82%  pos_mo=61/89  best=364.0
[10:10:30]   Gen 4700  score=237.0  CAGR=4.59%  pos_mo=53/76  best=364.0
[10:10:30]   Gen 4700  score=237.0  CAGR=4.59%  pos_mo=53/76  best=364.0
[10:10:38]   Gen 4750  score=327.1  CAGR=12.88%  pos_mo=67/89  best=364.0
[10:10:38]   Gen 4750  score=327.1  CAGR=12.88%  pos_mo=67/89  best=364.0
[10:10:47]   Gen 4800  score=217.2  CAGR=8.14%  pos_mo=49/77  best=364.0
[10:10:47]   Gen 4800  score=217.2  CAGR=8.14%  pos_mo=49/77  best=364.0
[10:11:03]   Gen 4900  score=174.6  CAGR=6.32%  pos_mo=58/89  best=364.0
[10:11:03]   Gen 4900  score=174.6  CAGR=6.32%  pos_mo=58/89  best=364.0
[10:11:20]   Gen 5000  score=336.2  CAGR=14.03%  pos_mo=61/89  best=364.0
[10:11:20]   Gen 5000  score=336.2  CAGR=14.03%  pos_mo=61/89  best=364.0
[10:11:36]   Gen 5100  score=212.7  CAGR=11.61%  pos_mo=56/89  best=364.0
[10:11:36]   Gen 5100  score=212.7  CAGR=11.61%  pos_mo=56/89  best=364.0
[10:11:44]   Gen 5150  score=294.1  CAGR=8.81%  pos_mo=64/89  best=364.0
[10:11:44]   Gen 5150  score=294.1  CAGR=8.81%  pos_mo=64/89  best=364.0
[10:11:53]   Gen 5200  score=215.7  CAGR=7.97%  pos_mo=53/89  best=364.0
[10:11:53]   Gen 5200  score=215.7  CAGR=7.97%  pos_mo=53/89  best=364.0
[10:12:02]   Gen 5250  score=339.2  CAGR=13.01%  pos_mo=62/89  best=364.0
[10:12:02]   Gen 5250  score=339.2  CAGR=13.01%  pos_mo=62/89  best=364.0
[10:12:19]   Gen 5350  score=343.4  CAGR=14.54%  pos_mo=61/89  best=364.0
[10:12:19]   Gen 5350  score=343.4  CAGR=14.54%  pos_mo=61/89  best=364.0
[10:12:36]   Gen 5450  score=340.4  CAGR=13.89%  pos_mo=65/89  best=364.0
[10:12:36]   Gen 5450  score=340.4  CAGR=13.89%  pos_mo=65/89  best=364.0
[10:12:51]   Gen 5550  score=364.0  CAGR=14.93%  pos_mo=69/89  best=364.0
[10:12:51]   Gen 5550  score=364.0  CAGR=14.93%  pos_mo=69/89  best=364.0
[10:12:59]   Gen 5600  score=167.6  CAGR=4.71%  pos_mo=55/88  best=364.0
[10:12:59]   Gen 5600  score=167.6  CAGR=4.71%  pos_mo=55/88  best=364.0
[10:13:09]   Gen 5650  score=345.6  CAGR=14.57%  pos_mo=64/89  best=364.0
[10:13:09]   Gen 5650  score=345.6  CAGR=14.57%  pos_mo=64/89  best=364.0
[10:13:18]   Gen 5700  score=355.0  CAGR=15.12%  pos_mo=66/89  best=364.0
[10:13:18]   Gen 5700  score=355.0  CAGR=15.12%  pos_mo=66/89  best=364.0
[10:13:27]   Gen 5750  score=364.0  CAGR=14.93%  pos_mo=69/89  best=364.0
[10:13:27]   Gen 5750  score=364.0  CAGR=14.93%  pos_mo=69/89  best=364.0
[10:13:43]   Gen 5850  score=364.0  CAGR=14.93%  pos_mo=69/89  best=364.0
[10:13:43]   Gen 5850  score=364.0  CAGR=14.93%  pos_mo=69/89  best=364.0
[10:14:01]   Gen 5950  score=364.0  CAGR=14.93%  pos_mo=69/89  best=364.0
[10:14:01]   Gen 5950  score=364.0  CAGR=14.93%  pos_mo=69/89  best=364.0
[10:14:10]   Gen 6000  score=253.7  CAGR=6.52%  pos_mo=56/89  best=364.0
[10:14:10]   Gen 6000  score=253.7  CAGR=6.52%  pos_mo=56/89  best=364.0
[10:14:27]   Gen 6100  score=358.9  CAGR=4.79%  pos_mo=69/89  best=364.0
[10:14:27]   Gen 6100  score=358.9  CAGR=4.79%  pos_mo=69/89  best=364.0
[10:14:36]   Gen 6150  score=364.0  CAGR=14.93%  pos_mo=69/89  best=364.0
[10:14:36]   Gen 6150  score=364.0  CAGR=14.93%  pos_mo=69/89  best=364.0
[10:14:52]   Gen 6250  score=364.0  CAGR=14.93%  pos_mo=69/89  best=364.0
[10:14:52]   Gen 6250  score=364.0  CAGR=14.93%  pos_mo=69/89  best=364.0
[10:14:59]   Gen 6300  score=268.3  CAGR=6.98%  pos_mo=64/89  best=364.0
[10:14:59]   Gen 6300  score=268.3  CAGR=6.98%  pos_mo=64/89  best=364.0
[10:15:08]   Gen 6350  score=364.0  CAGR=14.93%  pos_mo=69/89  best=364.0
[10:15:08]   Gen 6350  score=364.0  CAGR=14.93%  pos_mo=69/89  best=364.0
[10:15:16]   Gen 6400  score=275.3  CAGR=8.26%  pos_mo=57/89  best=364.0
[10:15:16]   Gen 6400  score=275.3  CAGR=8.26%  pos_mo=57/89  best=364.0
[10:15:33]   Gen 6500  score=212.8  CAGR=6.14%  pos_mo=54/83  best=364.0
[10:15:33]   Gen 6500  score=212.8  CAGR=6.14%  pos_mo=54/83  best=364.0
[10:15:43]   Gen 6550  score=364.0  CAGR=14.93%  pos_mo=69/89  best=364.0
[10:15:43]   Gen 6550  score=364.0  CAGR=14.93%  pos_mo=69/89  best=364.0
[10:15:50]   Gen 6600  score=358.9  CAGR=4.79%  pos_mo=69/89  best=364.0
[10:15:50]   Gen 6600  score=358.9  CAGR=4.79%  pos_mo=69/89  best=364.0
[10:15:59]   Gen 6650  score=356.2  CAGR=14.51%  pos_mo=66/89  best=364.0
[10:15:59]   Gen 6650  score=356.2  CAGR=14.51%  pos_mo=66/89  best=364.0
[10:16:15]   Gen 6750  score=268.3  CAGR=6.98%  pos_mo=64/89  best=364.0
[10:16:15]   Gen 6750  score=268.3  CAGR=6.98%  pos_mo=64/89  best=364.0
[10:16:23]   Gen 6800  score=336.2  CAGR=14.03%  pos_mo=61/89  best=364.0
[10:16:23]   Gen 6800  score=336.2  CAGR=14.03%  pos_mo=61/89  best=364.0
[10:16:49]   Gen 6950  score=364.0  CAGR=14.93%  pos_mo=69/89  best=364.0
[10:16:49]   Gen 6950  score=364.0  CAGR=14.93%  pos_mo=69/89  best=364.0
[10:16:57]   Gen 7000  score=364.0  CAGR=14.93%  pos_mo=69/89  best=364.0
[10:16:57]   Gen 7000  score=364.0  CAGR=14.93%  pos_mo=69/89  best=364.0
[10:17:05]   Gen 7050  score=356.2  CAGR=14.51%  pos_mo=66/89  best=364.0
[10:17:05]   Gen 7050  score=356.2  CAGR=14.51%  pos_mo=66/89  best=364.0
[10:17:14]   Gen 7100  score=355.0  CAGR=15.12%  pos_mo=66/89  best=364.0
[10:17:14]   Gen 7100  score=355.0  CAGR=15.12%  pos_mo=66/89  best=364.0
[10:17:23]   Gen 7150  score=346.4  CAGR=15.1%  pos_mo=69/89  best=364.0
[10:17:23]   Gen 7150  score=346.4  CAGR=15.1%  pos_mo=69/89  best=364.0
[10:17:31]   Gen 7200  score=355.0  CAGR=15.12%  pos_mo=66/89  best=364.0
[10:17:31]   Gen 7200  score=355.0  CAGR=15.12%  pos_mo=66/89  best=364.0
[10:17:40]   Gen 7250  score=268.7  CAGR=11.86%  pos_mo=57/89  best=364.0
[10:17:40]   Gen 7250  score=268.7  CAGR=11.86%  pos_mo=57/89  best=364.0
[10:17:49]   Gen 7300  score=233.4  CAGR=7.58%  pos_mo=58/89  best=364.0
[10:17:49]   Gen 7300  score=233.4  CAGR=7.58%  pos_mo=58/89  best=364.0
[10:17:57]   Gen 7350  score=347.0  CAGR=14.15%  pos_mo=66/89  best=364.0
[10:17:57]   Gen 7350  score=347.0  CAGR=14.15%  pos_mo=66/89  best=364.0
[10:18:05]   Gen 7400  score=275.3  CAGR=8.26%  pos_mo=57/89  best=364.0
[10:18:05]   Gen 7400  score=275.3  CAGR=8.26%  pos_mo=57/89  best=364.0
[10:18:13]   Gen 7450  score=363.8  CAGR=15.15%  pos_mo=69/89  best=364.0
[10:18:13]   Gen 7450  score=363.8  CAGR=15.15%  pos_mo=69/89  best=364.0
[10:18:31]   Gen 7550  score=364.0  CAGR=14.93%  pos_mo=69/89  best=364.0
[10:18:31]   Gen 7550  score=364.0  CAGR=14.93%  pos_mo=69/89  best=364.0
[10:18:46]   Gen 7650  score=364.0  CAGR=14.93%  pos_mo=69/89  best=364.0
[10:18:46]   Gen 7650  score=364.0  CAGR=14.93%  pos_mo=69/89  best=364.0
[10:18:55]   Gen 7700  score=350.4  CAGR=14.79%  pos_mo=68/89  best=364.0
[10:18:55]   Gen 7700  score=350.4  CAGR=14.79%  pos_mo=68/89  best=364.0
[10:19:02]   Gen 7750  score=358.9  CAGR=4.79%  pos_mo=69/89  best=364.0
[10:19:02]   Gen 7750  score=358.9  CAGR=4.79%  pos_mo=69/89  best=364.0
[10:19:11]   Gen 7800  score=327.1  CAGR=12.88%  pos_mo=67/89  best=364.0
[10:19:11]   Gen 7800  score=327.1  CAGR=12.88%  pos_mo=67/89  best=364.0
[10:19:19]   Gen 7850  score=260.6  CAGR=6.23%  pos_mo=57/89  best=364.0
[10:19:19]   Gen 7850  score=260.6  CAGR=6.23%  pos_mo=57/89  best=364.0
[10:19:26]   Gen 7900  score=236.2  CAGR=8.3%  pos_mo=55/89  best=364.0
[10:19:26]   Gen 7900  score=236.2  CAGR=8.3%  pos_mo=55/89  best=364.0
[10:19:35]   Gen 7950  score=364.0  CAGR=14.93%  pos_mo=69/89  best=364.0
[10:19:35]   Gen 7950  score=364.0  CAGR=14.93%  pos_mo=69/89  best=364.0
[10:19:43]   Gen 8000  score=239.4  CAGR=7.3%  pos_mo=59/89  best=364.0
[10:19:43]   Gen 8000  score=239.4  CAGR=7.3%  pos_mo=59/89  best=364.0
[10:19:59]   Gen 8100  score=349.2  CAGR=14.36%  pos_mo=66/89  best=364.0
[10:19:59]   Gen 8100  score=349.2  CAGR=14.36%  pos_mo=66/89  best=364.0
[10:20:06]   Gen 8150  score=160.4  CAGR=3.77%  pos_mo=49/88  best=364.0
[10:20:06]   Gen 8150  score=160.4  CAGR=3.77%  pos_mo=49/88  best=364.0
[10:20:23]   Gen 8250  score=344.8  CAGR=17.91%  pos_mo=69/89  best=364.0
[10:20:23]   Gen 8250  score=344.8  CAGR=17.91%  pos_mo=69/89  best=364.0
[10:20:31]   Gen 8300  score=364.0  CAGR=14.93%  pos_mo=69/89  best=364.0
[10:20:31]   Gen 8300  score=364.0  CAGR=14.93%  pos_mo=69/89  best=364.0
[10:20:39]   Gen 8350  score=364.0  CAGR=14.93%  pos_mo=69/89  best=364.0
[10:20:39]   Gen 8350  score=364.0  CAGR=14.93%  pos_mo=69/89  best=364.0
[10:20:47]   Gen 8400  score=271.4  CAGR=11.3%  pos_mo=64/89  best=364.0
[10:20:47]   Gen 8400  score=271.4  CAGR=11.3%  pos_mo=64/89  best=364.0
[10:20:57]   Gen 8450  score=362.2  CAGR=14.81%  pos_mo=68/89  best=364.0
[10:20:57]   Gen 8450  score=362.2  CAGR=14.81%  pos_mo=68/89  best=364.0
[10:21:06]   Gen 8500  score=362.4  CAGR=11.81%  pos_mo=69/89  best=364.0
[10:21:06]   Gen 8500  score=362.4  CAGR=11.81%  pos_mo=69/89  best=364.0
[10:21:14]   Gen 8550  score=336.2  CAGR=14.03%  pos_mo=61/89  best=364.0
[10:21:14]   Gen 8550  score=336.2  CAGR=14.03%  pos_mo=61/89  best=364.0
[10:21:32]   Gen 8650  score=364.0  CAGR=14.93%  pos_mo=69/89  best=364.0
[10:21:32]   Gen 8650  score=364.0  CAGR=14.93%  pos_mo=69/89  best=364.0
[10:21:48]   Gen 8750  score=347.6  CAGR=13.3%  pos_mo=68/89  best=364.0
[10:21:48]   Gen 8750  score=347.6  CAGR=13.3%  pos_mo=68/89  best=364.0
[10:21:56]   Gen 8800  score=268.3  CAGR=6.98%  pos_mo=64/89  best=364.0
[10:21:56]   Gen 8800  score=268.3  CAGR=6.98%  pos_mo=64/89  best=364.0
[10:22:05]   Gen 8850  score=333.8  CAGR=13.29%  pos_mo=68/89  best=364.0
[10:22:05]   Gen 8850  score=333.8  CAGR=13.29%  pos_mo=68/89  best=364.0
[10:22:14]   Gen 8900  score=255.3  CAGR=6.95%  pos_mo=54/89  best=364.0
[10:22:14]   Gen 8900  score=255.3  CAGR=6.95%  pos_mo=54/89  best=364.0
[10:22:31]   Gen 9000  score=164.7  CAGR=5.03%  pos_mo=53/88  best=364.0
[10:22:31]   Gen 9000  score=164.7  CAGR=5.03%  pos_mo=53/88  best=364.0
[10:22:39]   Gen 9050  score=361.4  CAGR=9.76%  pos_mo=69/89  best=364.0
[10:22:39]   Gen 9050  score=361.4  CAGR=9.76%  pos_mo=69/89  best=364.0
[10:22:48]   Gen 9100  score=355.0  CAGR=15.12%  pos_mo=66/89  best=364.0
[10:22:48]   Gen 9100  score=355.0  CAGR=15.12%  pos_mo=66/89  best=364.0
[10:22:56]   Gen 9150  score=292.9  CAGR=13.65%  pos_mo=60/89  best=364.0
[10:22:56]   Gen 9150  score=292.9  CAGR=13.65%  pos_mo=60/89  best=364.0
[10:23:04]   Gen 9200  score=353.9  CAGR=10.29%  pos_mo=68/89  best=364.0
[10:23:04]   Gen 9200  score=353.9  CAGR=10.29%  pos_mo=68/89  best=364.0
[10:23:12]   Gen 9250  score=264.1  CAGR=13.43%  pos_mo=61/86  best=364.0
[10:23:12]   Gen 9250  score=264.1  CAGR=13.43%  pos_mo=61/86  best=364.0
[10:23:21]   Gen 9300  score=195.5  CAGR=6.53%  pos_mo=53/89  best=364.0
[10:23:21]   Gen 9300  score=195.5  CAGR=6.53%  pos_mo=53/89  best=364.0
[10:23:30]   Gen 9350  score=238.7  CAGR=8.3%  pos_mo=56/89  best=364.0
[10:23:30]   Gen 9350  score=238.7  CAGR=8.3%  pos_mo=56/89  best=364.0
[10:23:39]   Gen 9400  score=327.1  CAGR=12.88%  pos_mo=67/89  best=364.0
[10:23:39]   Gen 9400  score=327.1  CAGR=12.88%  pos_mo=67/89  best=364.0
[10:23:47]   Gen 9450  score=364.0  CAGR=14.93%  pos_mo=69/89  best=364.0
[10:23:47]   Gen 9450  score=364.0  CAGR=14.93%  pos_mo=69/89  best=364.0
[10:23:57]   Gen 9500  score=272.0  CAGR=7.08%  pos_mo=50/89  best=364.0
[10:23:57]   Gen 9500  score=272.0  CAGR=7.08%  pos_mo=50/89  best=364.0
[10:24:07]   Gen 9550  score=271.4  CAGR=11.3%  pos_mo=64/89  best=364.0
[10:24:07]   Gen 9550  score=271.4  CAGR=11.3%  pos_mo=64/89  best=364.0
[10:24:16]   Gen 9600  score=230.3  CAGR=4.48%  pos_mo=43/65  best=364.0
[10:24:16]   Gen 9600  score=230.3  CAGR=4.48%  pos_mo=43/65  best=364.0
[10:24:26]   Gen 9650  score=246.2  CAGR=6.46%  pos_mo=56/89  best=364.0
[10:24:26]   Gen 9650  score=246.2  CAGR=6.46%  pos_mo=56/89  best=364.0
[10:24:43]   Gen 9750  score=268.7  CAGR=11.86%  pos_mo=57/89  best=364.0
[10:24:43]   Gen 9750  score=268.7  CAGR=11.86%  pos_mo=57/89  best=364.0
[10:25:00]   Gen 9850  score=360.4  CAGR=7.75%  pos_mo=69/89  best=364.0
[10:25:00]   Gen 9850  score=360.4  CAGR=7.75%  pos_mo=69/89  best=364.0
[10:25:08]   Gen 9900  score=347.6  CAGR=13.3%  pos_mo=68/89  best=364.0
[10:25:08]   Gen 9900  score=347.6  CAGR=13.3%  pos_mo=68/89  best=364.0
[10:25:17]   Gen 9950  score=271.4  CAGR=11.3%  pos_mo=64/89  best=364.0
[10:25:17]   Gen 9950  score=271.4  CAGR=11.3%  pos_mo=64/89  best=364.0
[10:25:25]   Gen 10000  score=346.0  CAGR=12.8%  pos_mo=61/89  best=364.0
[10:25:25]   Gen 10000  score=346.0  CAGR=12.8%  pos_mo=61/89  best=364.0
[10:25:34]   Gen 10050  score=364.0  CAGR=14.93%  pos_mo=69/89  best=364.0
[10:25:34]   Gen 10050  score=364.0  CAGR=14.93%  pos_mo=69/89  best=364.0
[10:25:42]   Gen 10100  score=270.5  CAGR=5.99%  pos_mo=65/89  best=364.0
[10:25:42]   Gen 10100  score=270.5  CAGR=5.99%  pos_mo=65/89  best=364.0
[10:25:50]   Gen 10150  score=268.3  CAGR=6.98%  pos_mo=64/89  best=364.0
[10:25:50]   Gen 10150  score=268.3  CAGR=6.98%  pos_mo=64/89  best=364.0
[10:25:58]   Gen 10200  score=271.4  CAGR=11.3%  pos_mo=64/89  best=364.0
[10:25:58]   Gen 10200  score=271.4  CAGR=11.3%  pos_mo=64/89  best=364.0
[10:26:06]   Gen 10250  score=164.7  CAGR=5.03%  pos_mo=53/88  best=364.0
[10:26:06]   Gen 10250  score=164.7  CAGR=5.03%  pos_mo=53/88  best=364.0
[10:26:14]   Gen 10300  score=260.9  CAGR=10.51%  pos_mo=64/89  best=364.0
[10:26:14]   Gen 10300  score=260.9  CAGR=10.51%  pos_mo=64/89  best=364.0
[10:26:23]   Gen 10350  score=281.4  CAGR=6.47%  pos_mo=46/66  best=364.0
[10:26:23]   Gen 10350  score=281.4  CAGR=6.47%  pos_mo=46/66  best=364.0
[10:26:47]   Gen 10500  score=364.0  CAGR=14.93%  pos_mo=69/89  best=364.0
[10:26:47]   Gen 10500  score=364.0  CAGR=14.93%  pos_mo=69/89  best=364.0
[10:26:55]   Gen 10550  score=364.0  CAGR=14.93%  pos_mo=69/89  best=364.0
[10:26:55]   Gen 10550  score=364.0  CAGR=14.93%  pos_mo=69/89  best=364.0
[10:27:04]   Gen 10600  score=171.9  CAGR=6.77%  pos_mo=34/58  best=364.0
[10:27:04]   Gen 10600  score=171.9  CAGR=6.77%  pos_mo=34/58  best=364.0
[10:27:12]   Gen 10650  score=364.0  CAGR=14.93%  pos_mo=69/89  best=364.0
[10:27:12]   Gen 10650  score=364.0  CAGR=14.93%  pos_mo=69/89  best=364.0
[10:27:19]   Gen 10700  score=341.2  CAGR=16.72%  pos_mo=65/89  best=364.0
[10:27:19]   Gen 10700  score=341.2  CAGR=16.72%  pos_mo=65/89  best=364.0
[10:27:27]   Gen 10750  score=171.0  CAGR=1.9%  pos_mo=52/89  best=364.0
[10:27:27]   Gen 10750  score=171.0  CAGR=1.9%  pos_mo=52/89  best=364.0
[10:27:36]   Gen 10800  score=271.7  CAGR=7.69%  pos_mo=56/89  best=364.0
[10:27:36]   Gen 10800  score=271.7  CAGR=7.69%  pos_mo=56/89  best=364.0
[10:27:44]   Gen 10850  score=364.0  CAGR=14.93%  pos_mo=69/89  best=364.0
[10:27:44]   Gen 10850  score=364.0  CAGR=14.93%  pos_mo=69/89  best=364.0
[10:27:53]   Gen 10900  score=364.0  CAGR=14.93%  pos_mo=69/89  best=364.0
[10:27:53]   Gen 10900  score=364.0  CAGR=14.93%  pos_mo=69/89  best=364.0
[10:28:01]   Gen 10950  score=225.8  CAGR=8.29%  pos_mo=63/89  best=364.0
[10:28:01]   Gen 10950  score=225.8  CAGR=8.29%  pos_mo=63/89  best=364.0
[10:28:10] STOP file detected. Exiting.
[10:28:10] STOP file detected. Exiting.
[10:28:10] Evolver done.
[10:28:10] Evolver done.
